load_id,date,equipment,posted_rate,report_clean,Hybrid (chosen),Codex LGBM-L1,Hybrid without trend,Structural only (stage 1)
TR-038478,2025-09-01,Dry Van,323.23,True,323.66,308.87,315.11,319.58
TR-038479,2025-09-01,Flatbed,1264.2,True,1272.77,1283.62,1221.28,1298.75
TR-038480,2025-09-01,Dry Van,1203.42,True,1193.02,1177.9,1147.34,1181.69
TR-038481,2025-09-01,Dry Van,1478.3,True,1477.39,1469.81,1421.36,1493.72
TR-038482,2025-09-01,Dry Van,2311.83,True,2283.2,2256.27,2221.11,2284.49
TR-038483,2025-09-01,Dry Van,3527.11,True,3605.63,3604.27,3467.58,3576.06
TR-038484,2025-09-01,Dry Van,1052.15,True,1017.24,1021.85,980.56,1025.43
TR-038485,2025-09-01,Reefer,907.09,True,914.81,927.94,878.16,891.5
TR-038486,2025-09-01,Dry Van,187.49,True,184.97,201.46,177.9,178.21
TR-038487,2025-09-01,Dry Van,1347.42,True,1329.54,1310.81,1287.48,1344.45
TR-038488,2025-09-01,Dry Van,3913.63,True,3927.65,4013.11,3774.61,3918.56
TR-038489,2025-09-01,Flatbed,1308.86,True,1335.18,1350.32,1290.61,1353.06
TR-038490,2025-09-01,Dry Van,2843.97,True,2901.02,2831.9,2810.28,2907.07
TR-038491,2025-09-01,Dry Van,3182.84,True,3178.87,3186.75,3063.81,3236.16
TR-038492,2025-09-01,Dry Van,6146.13,True,6058.46,5799.53,5886.4,5737.56
TR-038493,2025-09-01,Dry Van,1846.46,True,1797.37,1807.87,1737.92,1812.23
TR-038494,2025-09-01,Dry Van,645.51,True,650.6,651.98,618.51,632.87
TR-038495,2025-09-01,Reefer,956.77,True,933.22,947.08,896.56,910.89
TR-038496,2025-09-01,Dry Van,2570.31,True,2607.84,2684.74,2519.29,2604.88
TR-038497,2025-09-01,Flatbed,2800.31,True,2813.78,2841.8,2694.17,2764.13
TR-038498,2025-09-01,Reefer,3540.56,True,3530.6,3516.89,3400.36,3551.92
TR-038499,2025-09-01,Reefer,940.89,True,936.49,954.44,897.56,903.97
TR-038500,2025-09-01,Reefer,1965.28,True,1969.93,2008.12,1895.08,1953.68
TR-038501,2025-09-01,Dry Van,640.92,True,641.31,645.85,617.82,627.55
TR-038502,2025-09-01,Dry Van,3084.4,True,3117.82,3149.38,3015.82,3137.54
TR-038503,2025-09-01,Dry Van,1518.53,True,1483.29,1478.27,1429.14,1504.4
TR-038504,2025-09-01,Dry Van,952.96,True,963.34,956.85,923.29,955.22
TR-038505,2025-09-01,Dry Van,753.12,True,769.77,770.94,744.01,743.12
TR-038506,2025-09-01,Dry Van,1760.57,True,1783.28,1750.95,1719.5,1810.82
TR-038507,2025-09-01,Dry Van,2324.24,True,2379.55,2338.87,2287.09,2353.15
TR-038508,2025-09-01,Dry Van,697.99,True,701.03,698.16,669.74,695.99
TR-038509,2025-09-01,Flatbed,4320.99,True,4333.67,4370.73,4162.78,4289.11
TR-038510,2025-09-01,Dry Van,2179.31,True,2175.26,2199.6,2095.69,2170.38
TR-038511,2025-09-01,Dry Van,1477.25,True,1444.2,1441.88,1398.46,1427.7
TR-038512,2025-09-01,Dry Van,2308.35,True,2297.98,2290.86,2217.56,2300.62
TR-038513,2025-09-01,Reefer,2753.14,True,2673.22,2685.32,2587.73,2736.28
TR-038514,2025-09-01,Reefer,4438.04,True,4481.86,4517.52,4317.36,4423.69
TR-038515,2025-09-01,Dry Van,3801.75,True,3794.01,3793.02,3656.32,3774.66
TR-038516,2025-09-01,Dry Van,870.8,True,862.74,851.46,830.05,871.5
TR-038517,2025-09-01,Flatbed,1525.42,True,1516.5,1484.29,1466.56,1539.32
TR-038518,2025-09-01,Dry Van,3819.07,True,3762.16,3786.97,3628.17,3785.67
TR-038519,2025-09-01,Dry Van,533.1,True,542.75,542.44,524.63,526.28
TR-038520,2025-09-01,Dry Van,572.08,True,564.96,578.25,549.01,548.45
TR-038521,2025-09-01,Dry Van,3762.42,True,3745.56,3714.27,3605.89,3762.16
TR-038522,2025-09-01,Dry Van,1246.71,True,1239.06,1260.89,1191.35,1242.85
TR-038523,2025-09-01,Dry Van,3167.45,True,3215.76,3301.51,3079.83,3208.57
TR-038524,2025-09-01,Reefer,1453.26,True,1449.29,1438.19,1393.11,1466.22
TR-038525,2025-09-01,Dry Van,2493.1,True,2504.26,2501.12,2408.77,2545.96
TR-038526,2025-09-01,Flatbed,890.4,True,869.91,886.19,836.46,860.7
TR-038527,2025-09-01,Reefer,2813.6,True,2781.48,2767.37,2674.98,2753.94
TR-038528,2025-09-01,Reefer,2631.8,True,2614.85,2614.73,2512.87,2580.36
TR-038529,2025-09-01,Flatbed,2767.04,True,2750.65,2735.55,2649.41,2763.93
TR-038530,2025-09-01,Dry Van,1076.48,True,1079.04,1070.54,1038.66,1063.09
TR-038531,2025-09-01,Dry Van,2464.66,True,2451.42,2429.74,2370.24,2461.65
TR-038532,2025-09-01,Dry Van,2139.93,True,2115.25,2097.67,2044.64,2058.76
TR-038533,2025-09-01,Dry Van,803.35,True,801.39,805.03,771.85,790.58
TR-038534,2025-09-01,Dry Van,5609.77,True,5595.24,5375.32,5373.23,5414.66
TR-038535,2025-09-01,Dry Van,2462.59,True,2514.26,2454.36,2421.84,2526.34
TR-038536,2025-09-01,Dry Van,996.39,True,1000.45,999.65,962.96,985.0
TR-038537,2025-09-01,Dry Van,2365.84,True,2376.46,2328.37,2292.48,2334.55
TR-038538,2025-09-01,Dry Van,1244.22,True,1251.26,1250.35,1203.65,1248.94
TR-038539,2025-09-01,Dry Van,4972.2,True,5019.31,5016.5,4815.15,4872.67
TR-038540,2025-09-01,Dry Van,462.1,True,463.18,470.2,447.55,455.67
TR-038541,2025-09-01,Dry Van,1752.1,True,1753.4,1745.15,1682.95,1746.78
TR-038542,2025-09-01,Reefer,1532.71,True,1506.58,1504.48,1449.83,1555.88
TR-038543,2025-09-01,Dry Van,599.05,True,608.81,618.64,586.36,586.39
TR-038544,2025-09-01,Dry Van,1884.4,True,1823.51,1834.29,1749.41,1786.73
TR-038545,2025-09-01,Dry Van,2099.41,True,2118.89,2091.94,2044.56,2118.51
TR-038546,2025-09-01,Dry Van,362.54,True,359.7,351.45,346.13,355.75
TR-038547,2025-09-01,Flatbed,4425.96,True,4371.23,4475.54,4165.18,4221.46
TR-038548,2025-09-01,Reefer,1674.34,True,1702.48,1712.93,1646.17,1737.09
TR-038549,2025-09-01,Dry Van,1217.27,True,1211.41,1182.88,1160.84,1235.04
TR-038550,2025-09-01,Dry Van,2215.87,True,2237.98,2168.98,2158.63,2256.1
TR-038551,2025-09-01,Dry Van,1081.85,True,1073.01,1058.78,1034.53,1073.87
TR-038552,2025-09-01,Dry Van,2539.08,True,2521.48,2485.47,2432.62,2512.64
TR-038553,2025-09-01,Flatbed,631.3,True,613.47,618.62,589.25,596.32
TR-038554,2025-09-01,Dry Van,1240.32,True,1266.21,1252.39,1225.15,1252.62
TR-038555,2025-09-01,Dry Van,1195.21,True,1190.09,1168.25,1136.86,1206.02
TR-038556,2025-09-01,Flatbed,505.53,True,493.51,525.31,475.48,476.12
TR-038557,2025-09-01,Dry Van,3821.49,True,3763.12,3708.16,3671.22,3837.97
TR-038558,2025-09-01,Reefer,2931.77,True,2931.23,2872.71,2832.26,2891.26
TR-038559,2025-09-01,Dry Van,4389.73,True,4320.68,4469.08,4175.87,4242.28
TR-038560,2025-09-01,Flatbed,572.82,True,563.65,571.91,544.71,543.21
TR-038561,2025-09-01,Dry Van,4825.78,True,4942.44,4757.17,4791.44,4959.12
TR-038562,2025-09-01,Dry Van,4468.22,True,4503.2,4438.12,4322.56,4424.03
TR-038563,2025-09-01,Dry Van,2185.71,True,2183.89,2218.53,2107.54,2180.51
TR-038564,2025-09-01,Dry Van,2180.78,True,2196.59,2222.47,2127.53,2196.93
TR-038565,2025-09-01,Reefer,676.22,True,678.19,667.24,654.71,655.16
TR-038566,2025-09-01,Reefer,1951.88,True,1907.38,1901.27,1832.4,1937.62
TR-038567,2025-09-01,Dry Van,3434.23,True,3437.94,3413.22,3341.44,3402.89
TR-038568,2025-09-01,Dry Van,3250.49,True,3221.88,3270.03,3121.58,3154.24
TR-038569,2025-09-01,Dry Van,985.7,True,1006.59,994.96,970.56,1028.6
TR-038570,2025-09-01,Dry Van,977.59,True,978.81,979.83,934.69,952.39
TR-038571,2025-09-01,Reefer,2811.5,True,2798.44,2838.73,2686.37,2804.68
TR-038572,2025-09-01,Dry Van,2379.08,True,2343.91,2344.25,2249.07,2296.7
TR-038573,2025-09-01,Reefer,3669.98,True,3639.11,3657.4,3504.67,3583.03
TR-038574,2025-09-01,Flatbed,1300.57,True,1229.2,1226.03,1181.83,1244.53
TR-038575,2025-09-01,Dry Van,4301.88,True,4169.86,4189.8,4008.44,4053.81
TR-038576,2025-09-01,Reefer,1931.02,True,1941.02,1906.33,1855.11,1907.53
TR-038577,2025-09-01,Reefer,2258.98,True,2258.47,2243.06,2181.67,2237.82
TR-038578,2025-09-01,Dry Van,1985.68,True,1984.46,1951.82,1910.53,1979.66
TR-038579,2025-09-01,Dry Van,2990.87,True,3021.67,3029.82,2926.19,3015.96
TR-038580,2025-09-01,Dry Van,1255.91,True,1271.11,1268.79,1218.73,1267.3
TR-038581,2025-09-01,Dry Van,3678.91,True,3651.25,3558.09,3510.24,3612.56
TR-038582,2025-09-01,Reefer,1959.31,True,1950.5,1920.4,1876.12,1957.86
TR-038583,2025-09-01,Reefer,3101.21,True,3094.71,3078.88,2996.87,3083.42
TR-038584,2025-09-01,Flatbed,4804.71,True,4749.39,4748.02,4586.42,4630.37
TR-038585,2025-09-01,Dry Van,1797.48,True,1795.44,1774.91,1730.18,1753.91
TR-038586,2025-09-01,Dry Van,3816.99,True,3845.55,3815.28,3694.35,3820.94
TR-038587,2025-09-01,Dry Van,1758.12,True,1777.95,1794.43,1712.81,1811.31
TR-038588,2025-09-01,Dry Van,1932.73,True,1962.22,1961.85,1884.09,1966.23
TR-038589,2025-09-01,Dry Van,2559.65,True,2596.8,2604.18,2485.76,2578.24
TR-038590,2025-09-01,Flatbed,5774.35,True,5661.54,5659.29,5434.63,5566.4
TR-038591,2025-09-01,Flatbed,170.36,False,905.58,907.82,878.1,903.23
TR-038592,2025-09-01,Flatbed,903.41,True,921.64,919.22,895.36,903.9
TR-038593,2025-09-01,Reefer,4025.92,True,4036.38,4008.05,3906.37,3934.1
TR-038594,2025-09-01,Reefer,2995.32,True,2990.04,3024.38,2865.06,2992.85
TR-038595,2025-09-01,Dry Van,625.19,True,610.74,629.75,589.75,588.5
TR-038596,2025-09-01,Dry Van,1603.62,True,1582.79,1579.52,1522.7,1584.93
TR-038597,2025-09-01,Dry Van,2282.16,True,2222.71,2253.97,2147.43,2220.68
TR-038598,2025-09-01,Dry Van,2156.07,True,2108.69,2083.41,2024.12,2074.47
TR-038599,2025-09-01,Reefer,4271.25,True,4234.63,4286.72,4089.89,4237.44
TR-038600,2025-09-01,Reefer,1208.44,True,1208.52,1244.51,1168.68,1187.57
TR-038601,2025-09-01,Flatbed,1359.2,True,1336.56,1367.28,1290.09,1289.9
TR-038602,2025-09-01,Dry Van,4943.0,True,4840.79,4844.23,4649.36,4634.56
TR-038603,2025-09-01,Reefer,1211.88,True,1187.06,1200.41,1149.08,1186.17
TR-038604,2025-09-01,Dry Van,4176.25,True,4174.02,4035.67,4012.83,3974.67
TR-038605,2025-09-01,Reefer,1783.92,True,1760.13,1751.47,1696.32,1781.34
TR-038606,2025-09-01,Flatbed,4093.8,True,4108.72,4086.99,3944.67,4134.07
TR-038607,2025-09-01,Flatbed,1170.43,True,1166.49,1155.64,1125.26,1175.8
TR-038608,2025-09-01,Dry Van,1531.76,True,1502.07,1488.56,1460.49,1527.53
TR-038609,2025-09-01,Reefer,3029.69,True,3035.89,2999.4,2926.23,3053.57
TR-038610,2025-09-01,Dry Van,1823.43,True,1876.28,1854.06,1808.73,1849.5
TR-038611,2025-09-01,Reefer,3550.19,True,3593.58,3564.6,3449.0,3636.17
TR-038612,2025-09-01,Flatbed,3088.61,True,3082.81,3071.92,2981.74,3112.94
TR-038613,2025-09-01,Reefer,2651.65,True,2624.16,2601.39,2544.99,2658.58
TR-038614,2025-09-01,Flatbed,697.21,True,699.63,695.56,672.66,717.67
TR-038615,2025-09-01,Flatbed,4672.93,True,4580.27,4600.29,4416.72,4502.62
TR-038616,2025-09-01,Dry Van,4100.58,True,4056.97,4055.95,3903.91,3963.0
TR-038617,2025-09-01,Dry Van,2638.3,True,2676.17,2661.55,2561.66,2693.16
TR-038618,2025-09-01,Dry Van,3906.01,True,3808.59,3820.99,3670.74,3755.48
TR-038619,2025-09-01,Flatbed,1650.6,True,1656.9,1661.35,1584.46,1661.54
TR-038620,2025-09-01,Dry Van,1660.7,True,1690.84,1671.74,1616.47,1698.39
TR-038621,2025-09-01,Dry Van,1080.36,True,1098.77,1090.43,1054.07,1081.61
TR-038622,2025-09-01,Reefer,4108.95,True,4115.58,4152.9,3969.22,3985.04
TR-038623,2025-09-01,Dry Van,1846.81,True,1885.14,1834.65,1811.73,1867.48
TR-038624,2025-09-01,Flatbed,2020.1,True,2012.92,1962.07,1942.64,1969.52
TR-038625,2025-09-01,Dry Van,2581.57,True,2583.06,2546.14,2492.3,2577.96
TR-038626,2025-09-01,Flatbed,1384.61,True,1384.32,1362.59,1325.92,1390.19
TR-038627,2025-09-01,Flatbed,831.27,True,794.26,841.16,768.58,781.09
TR-038628,2025-09-01,Flatbed,1132.05,True,1163.65,1168.71,1128.84,1141.78
TR-038629,2025-09-01,Reefer,2231.06,True,2176.53,2196.78,2085.91,2225.59
TR-038630,2025-09-01,Reefer,4629.23,True,4522.47,4578.96,4354.19,4427.2
TR-038631,2025-09-01,Reefer,5099.24,True,5079.1,4971.17,4926.29,4904.79
TR-038632,2025-09-01,Dry Van,4975.45,True,5045.51,5008.07,4831.12,4938.59
TR-038633,2025-09-01,Dry Van,1064.92,True,1060.41,1038.82,1017.16,1037.02
TR-038634,2025-09-01,Reefer,597.28,True,587.42,604.89,563.46,561.66
TR-038635,2025-09-02,Reefer,4595.4,True,4606.61,4590.17,4472.7,4690.17
TR-038636,2025-09-02,Dry Van,3621.16,True,3621.6,3541.3,3511.13,3538.82
TR-038637,2025-09-02,Dry Van,3845.42,True,3852.54,3833.9,3710.41,3854.26
TR-038638,2025-09-02,Dry Van,1036.45,True,1041.11,1037.42,996.7,1046.04
TR-038639,2025-09-02,Dry Van,537.66,True,533.0,532.85,515.61,497.55
TR-038640,2025-09-02,Dry Van,2250.41,True,2236.34,2194.04,2158.46,2256.03
TR-038641,2025-09-02,Dry Van,1496.94,True,1486.17,1494.38,1430.57,1532.83
TR-038642,2025-09-02,Dry Van,2435.72,True,2418.79,2419.87,2341.17,2420.61
TR-038643,2025-09-02,Flatbed,6323.82,True,6173.53,6088.36,5983.76,6024.47
TR-038644,2025-09-02,Flatbed,1820.96,True,1820.02,1787.11,1748.74,1775.33
TR-038645,2025-09-02,Flatbed,1755.11,True,1732.98,1732.39,1669.37,1726.33
TR-038646,2025-09-02,Reefer,1069.87,True,1059.64,1069.86,1029.66,1073.17
TR-038647,2025-09-02,Flatbed,2949.22,True,2861.52,2836.92,2784.87,2847.66
TR-038648,2025-09-02,Dry Van,2536.23,True,2533.18,2466.47,2443.93,2525.83
TR-038649,2025-09-02,Dry Van,1919.59,True,1899.18,1843.32,1831.71,1938.7
TR-038650,2025-09-02,Dry Van,4617.91,True,4705.63,4616.26,4549.17,4767.32
TR-038651,2025-09-02,Dry Van,1258.57,True,1250.2,1231.84,1208.7,1274.98
TR-038652,2025-09-02,Reefer,1433.77,True,1410.03,1448.69,1360.67,1369.97
TR-038653,2025-09-02,Dry Van,3736.23,True,3810.24,3760.8,3684.42,3802.83
TR-038654,2025-09-02,Flatbed,1727.75,True,1706.98,1718.73,1658.66,1746.02
TR-038655,2025-09-02,Dry Van,624.33,True,632.3,627.96,609.86,610.05
TR-038656,2025-09-02,Dry Van,1272.52,True,1279.36,1278.84,1239.58,1334.14
TR-038657,2025-09-02,Dry Van,2012.09,True,1964.49,1942.6,1906.41,1991.7
TR-038658,2025-09-02,Dry Van,707.77,True,710.24,703.81,685.17,705.0
TR-038659,2025-09-02,Flatbed,3591.23,True,3458.45,3410.79,3358.78,3420.19
TR-038660,2025-09-02,Dry Van,555.34,True,559.22,541.43,539.51,544.53
TR-038661,2025-09-02,Reefer,1352.42,True,1344.39,1335.9,1301.76,1377.6
TR-038662,2025-09-02,Dry Van,2666.14,True,2571.14,2520.76,2485.38,2535.06
TR-038663,2025-09-02,Reefer,2476.54,True,2502.24,2491.05,2433.63,2507.48
TR-038664,2025-09-02,Flatbed,1058.7,True,1039.44,1026.77,1004.38,1045.62
TR-038665,2025-09-02,Flatbed,1824.73,True,1856.86,1833.61,1806.71,1902.67
TR-038666,2025-09-02,Reefer,3424.84,True,3427.41,3387.87,3308.88,3428.34
TR-038667,2025-09-02,Dry Van,5041.13,True,5105.54,5106.99,4942.25,4973.39
TR-038668,2025-09-02,Dry Van,1331.36,True,1369.75,1331.1,1328.16,1386.15
TR-038669,2025-09-02,Reefer,1309.45,True,1288.16,1271.49,1247.13,1281.73
TR-038670,2025-09-02,Flatbed,1223.28,True,1230.71,1226.98,1199.42,1233.03
TR-038671,2025-09-02,Dry Van,2249.04,True,2263.2,2248.86,2190.44,2263.3
TR-038672,2025-09-02,Reefer,3292.86,True,3175.05,3115.74,3072.92,3153.12
TR-038673,2025-09-02,Dry Van,1464.17,True,1458.66,1459.74,1417.07,1500.87
TR-038674,2025-09-02,Dry Van,1328.24,True,1333.19,1320.93,1283.07,1353.66
TR-038675,2025-09-02,Dry Van,2566.52,True,2543.22,2518.84,2460.85,2528.07
TR-038676,2025-09-02,Reefer,2064.9,True,2034.64,2030.86,1970.34,2053.95
TR-038677,2025-09-02,Dry Van,748.11,True,748.68,748.0,728.11,756.55
TR-038678,2025-09-02,Reefer,1697.16,True,1708.75,1687.08,1642.84,1762.77
TR-038679,2025-09-02,Dry Van,1408.45,True,1393.22,1394.97,1350.75,1404.48
TR-038680,2025-09-02,Dry Van,733.24,True,731.07,725.13,703.12,722.13
TR-038681,2025-09-02,Reefer,3208.32,True,3092.88,3135.54,3002.45,3075.06
TR-038682,2025-09-02,Flatbed,1629.6,True,1611.29,1634.26,1556.11,1610.11
TR-038683,2025-09-02,Dry Van,4484.01,True,4477.85,4482.65,4280.39,4492.82
TR-038684,2025-09-02,Dry Van,2440.1,True,2410.31,2424.61,2327.5,2360.31
TR-038685,2025-09-02,Reefer,971.68,True,952.04,936.82,913.5,965.51
TR-038686,2025-09-02,Dry Van,2932.54,True,2900.43,2863.58,2809.41,2894.22
TR-038687,2025-09-02,Reefer,4163.72,True,4192.29,4166.22,4021.6,4221.43
TR-038688,2025-09-02,Dry Van,971.1,True,973.91,966.43,942.09,974.58
TR-038689,2025-09-02,Dry Van,1426.2,True,1416.03,1400.87,1371.81,1429.98
TR-038690,2025-09-02,Flatbed,3818.1,True,3829.1,3780.44,3692.14,3812.63
TR-038691,2025-09-02,Dry Van,2983.74,True,3014.54,2997.79,2916.2,2992.03
TR-038692,2025-09-02,Reefer,2106.36,True,2113.99,2116.6,2037.32,2128.99
TR-038693,2025-09-02,Dry Van,3245.38,True,3229.09,3157.19,3139.06,3217.87
TR-038694,2025-09-02,Dry Van,716.13,True,721.89,714.82,704.03,714.87
TR-038695,2025-09-02,Dry Van,1193.79,True,1173.19,1175.73,1122.74,1158.88
TR-038696,2025-09-02,Dry Van,2066.21,True,2020.67,2013.21,1953.99,2046.87
TR-038697,2025-09-02,Dry Van,1278.23,True,1282.88,1255.95,1236.01,1261.61
TR-038698,2025-09-02,Flatbed,1949.92,True,1921.02,1912.69,1852.31,1941.45
TR-038699,2025-09-02,Dry Van,1593.01,True,1583.24,1561.32,1535.55,1573.38
TR-038700,2025-09-02,Flatbed,1798.74,True,1772.58,1792.35,1726.14,1805.76
TR-038701,2025-09-02,Dry Van,3556.26,True,3423.8,3405.2,3313.55,3436.42
TR-038702,2025-09-02,Dry Van,2136.24,True,2168.27,2180.83,2085.37,2138.48
TR-038703,2025-09-02,Reefer,2000.26,True,1998.54,2025.06,1943.93,2075.58
TR-038704,2025-09-02,Dry Van,2167.17,True,2233.06,2216.78,2170.58,2247.42
TR-038705,2025-09-02,Reefer,607.3,True,592.56,608.66,569.55,576.2
TR-038706,2025-09-02,Dry Van,889.82,True,883.49,858.89,853.62,884.01
TR-038707,2025-09-02,Dry Van,1406.42,True,1424.9,1415.19,1377.92,1473.17
TR-038708,2025-09-02,Dry Van,1436.54,True,1467.25,1459.51,1416.94,1523.37
TR-038709,2025-09-02,Flatbed,4129.04,True,4085.02,4104.42,3927.68,4082.37
TR-038710,2025-09-02,Reefer,309.15,False,837.59,813.91,809.1,841.22
TR-038711,2025-09-02,Reefer,3408.34,True,3452.19,3396.6,3338.31,3431.62
TR-038712,2025-09-02,Flatbed,4460.9,True,4415.74,4417.59,4255.6,4351.86
TR-038713,2025-09-02,Dry Van,3214.87,True,3250.24,3196.09,3149.33,3284.82
TR-038714,2025-09-02,Flatbed,5681.04,True,5516.75,5497.14,5358.75,5437.99
TR-038715,2025-09-02,Reefer,1206.46,True,1223.04,1219.25,1183.47,1261.18
TR-038716,2025-09-02,Flatbed,1346.17,True,1321.04,1315.83,1277.95,1330.0
TR-038717,2025-09-02,Flatbed,4389.4,True,4332.05,4435.93,4158.62,4320.27
TR-038718,2025-09-02,Reefer,596.38,True,609.93,624.61,587.79,587.61
TR-038719,2025-09-02,Reefer,1179.97,True,1174.56,1203.53,1124.53,1147.68
TR-038720,2025-09-02,Flatbed,3426.51,True,3472.36,3482.18,3362.52,3478.52
TR-038721,2025-09-02,Dry Van,1540.25,True,1518.65,1491.46,1479.32,1553.82
TR-038722,2025-09-02,Dry Van,685.55,True,671.35,676.65,650.15,658.49
TR-038723,2025-09-02,Flatbed,2445.9,True,2438.18,2398.99,2369.45,2425.15
TR-038724,2025-09-02,Reefer,2989.15,True,2926.41,2902.74,2828.81,2954.28
TR-038725,2025-09-02,Dry Van,2450.2,True,2442.82,2420.06,2365.78,2425.75
TR-038726,2025-09-02,Dry Van,2853.25,True,2809.38,2784.23,2708.38,2779.94
TR-038727,2025-09-02,Flatbed,1874.72,True,1881.26,1848.53,1810.15,1908.47
TR-038728,2025-09-02,Flatbed,1070.88,True,1056.05,1022.87,1021.67,1062.67
TR-038729,2025-09-02,Flatbed,4071.21,True,4098.09,4092.78,3960.68,4067.0
TR-038730,2025-09-02,Flatbed,926.33,True,909.15,940.0,880.46,908.22
TR-038731,2025-09-02,Dry Van,2760.09,True,2685.42,2648.29,2605.45,2697.61
TR-038732,2025-09-02,Dry Van,2307.59,True,2387.89,2392.39,2312.64,2439.17
TR-038733,2025-09-02,Reefer,3145.59,True,3168.94,3123.49,3065.81,3232.0
TR-038734,2025-09-02,Flatbed,4096.04,True,4030.94,4061.93,3901.67,4035.47
TR-038735,2025-09-02,Dry Van,5060.03,True,5025.54,5064.71,4842.04,4855.34
TR-038736,2025-09-02,Dry Van,1780.41,True,1790.79,1766.48,1728.03,1819.99
TR-038737,2025-09-02,Reefer,1130.16,True,1147.84,1183.87,1108.67,1126.5
TR-038738,2025-09-02,Flatbed,2245.46,True,2218.88,2216.53,2150.24,2260.63
TR-038739,2025-09-02,Dry Van,1889.19,True,1863.05,1841.08,1798.36,1911.66
TR-038740,2025-09-02,Dry Van,361.07,True,345.18,339.95,335.04,342.89
TR-038741,2025-09-02,Dry Van,2153.71,True,2101.44,2117.84,2040.02,2163.71
TR-038742,2025-09-02,Dry Van,2173.75,True,2172.31,2163.3,2109.69,2176.1
TR-038743,2025-09-02,Dry Van,329.42,True,323.75,322.14,312.84,307.24
TR-038744,2025-09-02,Dry Van,4928.27,True,4886.74,4898.14,4709.38,4827.81
TR-038745,2025-09-02,Dry Van,1506.14,True,1501.41,1493.51,1452.25,1520.88
TR-038746,2025-09-02,Dry Van,489.93,True,502.25,492.01,485.98,488.12
TR-038747,2025-09-02,Reefer,857.48,True,861.22,873.96,828.74,831.51
TR-038748,2025-09-02,Dry Van,1450.53,True,1447.99,1423.17,1399.1,1472.51
TR-038749,2025-09-02,Dry Van,2548.51,True,2607.48,2578.22,2519.06,2592.11
TR-038750,2025-09-02,Flatbed,1842.42,True,1815.5,1809.95,1755.15,1824.58
TR-038751,2025-09-02,Dry Van,1355.34,True,1349.99,1345.48,1309.68,1357.4
TR-038752,2025-09-02,Dry Van,4107.15,True,4172.28,4156.91,4014.67,4093.01
TR-038753,2025-09-02,Dry Van,1658.81,True,1644.82,1654.11,1589.19,1655.61
TR-038754,2025-09-02,Dry Van,2344.9,True,2358.83,2322.15,2288.67,2347.07
TR-038755,2025-09-02,Reefer,1471.43,True,1449.3,1502.82,1403.0,1450.01
TR-038756,2025-09-02,Flatbed,4262.27,True,4174.6,4279.67,4031.95,4233.11
TR-038757,2025-09-02,Reefer,3974.2,True,3977.64,3934.18,3837.48,4040.48
TR-038758,2025-09-02,Dry Van,722.95,True,739.73,730.15,720.3,724.89
TR-038759,2025-09-02,Dry Van,4274.76,True,4196.4,4196.01,4045.49,4209.69
TR-038760,2025-09-02,Dry Van,2024.78,True,2016.83,2014.96,1955.75,2035.64
TR-038761,2025-09-02,Dry Van,1951.68,True,1990.99,1953.7,1927.52,1960.52
TR-038762,2025-09-02,Flatbed,1592.58,True,1607.88,1575.78,1552.15,1640.68
TR-038763,2025-09-02,Dry Van,824.12,True,840.59,843.01,811.45,821.61
TR-038764,2025-09-02,Dry Van,3466.51,True,3537.33,3489.77,3396.29,3556.18
TR-038765,2025-09-02,Dry Van,1313.46,True,1309.65,1323.58,1255.49,1266.73
TR-038766,2025-09-02,Dry Van,1023.67,True,1016.86,1012.93,984.31,1001.92
TR-038767,2025-09-02,Dry Van,2309.25,True,2330.67,2325.47,2262.94,2285.56
TR-038768,2025-09-02,Reefer,1352.59,True,1361.44,1368.55,1316.21,1381.0
TR-038769,2025-09-02,Dry Van,768.48,True,760.17,757.55,736.45,767.24
TR-038770,2025-09-02,Reefer,511.2,True,505.27,525.02,487.81,501.84
TR-038771,2025-09-02,Dry Van,709.94,True,719.71,718.05,688.65,709.88
TR-038772,2025-09-02,Reefer,11377.49,False,3440.34,3409.17,3353.92,3391.57
TR-038773,2025-09-02,Flatbed,3197.82,True,3206.44,3180.69,3103.33,3231.84
TR-038774,2025-09-02,Dry Van,4027.32,True,3938.22,3902.71,3807.42,3947.56
TR-038775,2025-09-02,Dry Van,3581.43,True,3542.65,3503.11,3458.95,3558.11
TR-038776,2025-09-02,Dry Van,3052.83,True,3000.39,2928.97,2893.33,3000.57
TR-038777,2025-09-02,Dry Van,2180.09,True,2173.44,2181.15,2100.21,2178.3
TR-038778,2025-09-02,Reefer,1427.22,True,1446.42,1449.42,1396.22,1470.14
TR-038779,2025-09-02,Reefer,921.05,True,888.63,914.64,861.72,925.33
TR-038780,2025-09-02,Dry Van,4116.3,True,4027.99,4092.87,3903.7,4056.57
TR-038781,2025-09-02,Dry Van,3626.27,True,3557.8,3551.77,3448.1,3451.22
TR-038782,2025-09-02,Dry Van,3614.41,True,3744.42,3672.13,3601.06,3742.7
TR-038783,2025-09-02,Reefer,1300.9,True,1276.2,1299.16,1229.91,1298.99
TR-038784,2025-09-02,Flatbed,2673.39,True,2641.24,2611.69,2560.21,2606.52
TR-038785,2025-09-02,Dry Van,1624.66,True,1637.22,1641.04,1577.32,1677.69
TR-038786,2025-09-02,Dry Van,918.03,True,918.23,905.96,888.05,927.53
TR-038787,2025-09-02,Reefer,1607.67,True,1657.01,1650.41,1599.09,1645.86
TR-038788,2025-09-03,Dry Van,2102.38,True,2094.97,2085.51,2021.32,2123.03
TR-038789,2025-09-03,Reefer,5768.28,True,5885.08,5793.92,5667.98,5847.25
TR-038790,2025-09-03,Dry Van,2568.2,True,2624.11,2596.81,2509.61,2628.44
TR-038791,2025-09-03,Flatbed,1837.9,True,1764.44,1756.58,1699.6,1795.6
TR-038792,2025-09-03,Dry Van,3673.71,True,3681.25,3610.14,3539.57,3665.48
TR-038793,2025-09-03,Dry Van,2317.84,True,2301.29,2288.34,2223.26,2315.94
TR-038794,2025-09-03,Dry Van,3469.94,True,3426.64,3385.34,3286.84,3337.43
TR-038795,2025-09-03,Dry Van,3365.78,True,3382.06,3328.34,3271.45,3381.51
TR-038796,2025-09-03,Dry Van,714.78,True,707.56,696.88,683.16,710.96
TR-038797,2025-09-03,Dry Van,689.93,True,684.31,682.62,666.75,674.28
TR-038798,2025-09-03,Dry Van,3144.44,True,3153.13,3159.81,3043.52,3153.14
TR-038799,2025-09-03,Flatbed,1841.62,True,1810.92,1783.93,1744.71,1818.97
TR-038800,2025-09-03,Flatbed,1007.46,True,1000.55,1007.54,970.04,1021.39
TR-038801,2025-09-03,Dry Van,2787.96,True,2786.09,2737.17,2689.88,2725.95
TR-038802,2025-09-03,Reefer,2484.83,True,2576.38,2519.61,2504.15,2572.09
TR-038803,2025-09-03,Flatbed,486.09,False,1229.78,1261.79,1187.43,1246.27
TR-038804,2025-09-03,Dry Van,3665.65,True,3683.26,3643.12,3556.24,3704.58
TR-038805,2025-09-03,Dry Van,3329.54,True,3302.72,3317.49,3210.54,3285.8
TR-038806,2025-09-03,Reefer,4243.19,True,4196.73,4160.87,4044.14,4200.51
TR-038807,2025-09-03,Reefer,1384.46,True,1383.51,1407.29,1336.43,1386.28
TR-038808,2025-09-03,Dry Van,1782.17,True,1780.61,1764.02,1711.64,1804.48
TR-038809,2025-09-03,Flatbed,2329.64,True,2347.54,2297.54,2247.79,2313.86
TR-038810,2025-09-03,Dry Van,1025.98,True,1020.91,1016.37,988.44,1016.9
TR-038811,2025-09-03,Flatbed,2262.13,True,2261.45,2272.86,2201.03,2326.2
TR-038812,2025-09-03,Dry Van,1653.13,True,1621.72,1589.9,1568.42,1621.9
TR-038813,2025-09-03,Dry Van,1809.32,True,1827.59,1819.79,1760.62,1868.14
TR-038814,2025-09-03,Flatbed,4192.29,True,4279.29,4152.49,4100.8,4209.4
TR-038815,2025-09-03,Dry Van,1311.58,True,1323.41,1311.17,1274.72,1330.64
TR-038816,2025-09-03,Reefer,2941.49,True,2940.54,2920.33,2846.98,2979.43
TR-038817,2025-09-03,Flatbed,1438.42,True,1425.44,1407.52,1378.49,1405.5
TR-038818,2025-09-03,Dry Van,2279.18,True,2257.61,2244.92,2174.37,2238.8
TR-038819,2025-09-03,Reefer,1501.31,True,1526.3,1535.54,1469.91,1544.29
TR-038820,2025-09-03,Reefer,5645.59,True,5488.67,5427.85,5290.54,5337.11
TR-038821,2025-09-03,Dry Van,3301.88,True,3276.0,3270.81,3193.45,3289.4
TR-038822,2025-09-03,Dry Van,1177.46,True,1196.8,1178.6,1158.4,1252.99
TR-038823,2025-09-03,Reefer,353.31,True,358.08,367.22,345.14,341.27
TR-038824,2025-09-03,Dry Van,1588.32,True,1582.66,1575.48,1528.39,1601.73
TR-038825,2025-09-03,Reefer,508.45,True,498.47,521.05,482.28,473.79
TR-038826,2025-09-03,Flatbed,1418.54,True,1416.27,1388.42,1366.95,1448.11
TR-038827,2025-09-03,Reefer,3545.47,True,3534.35,3432.2,3396.12,3501.12
TR-038828,2025-09-03,Dry Van,3947.82,True,3920.32,3924.51,3796.95,3924.18
TR-038829,2025-09-03,Dry Van,1314.47,True,1298.38,1293.68,1258.35,1301.15
TR-038830,2025-09-03,Dry Van,1045.11,True,1038.6,1026.64,999.69,1060.21
TR-038831,2025-09-03,Dry Van,1658.81,True,1680.72,1657.96,1618.53,1669.17
TR-038832,2025-09-03,Reefer,950.23,True,949.01,961.41,912.22,961.46
TR-038833,2025-09-03,Dry Van,2122.98,True,2169.3,2127.84,2092.89,2186.46
TR-038834,2025-09-03,Dry Van,914.67,True,917.54,905.4,882.3,901.46
TR-038835,2025-09-03,Reefer,856.83,True,844.08,855.15,816.32,862.28
TR-038836,2025-09-03,Dry Van,2005.14,True,1968.12,1960.29,1898.9,2024.03
TR-038837,2025-09-03,Dry Van,1740.1,True,1744.69,1736.23,1689.16,1800.01
TR-038838,2025-09-03,Dry Van,4931.28,False,1733.09,1701.08,1666.15,1748.82
TR-038839,2025-09-03,Dry Van,1509.11,True,1550.97,1520.19,1491.89,1554.64
TR-038840,2025-09-03,Dry Van,1366.36,True,1352.42,1339.49,1302.59,1407.66
TR-038841,2025-09-03,Dry Van,643.59,True,653.64,647.21,634.45,646.46
TR-038842,2025-09-03,Dry Van,4159.14,True,4176.08,4094.02,4048.12,4116.42
TR-038843,2025-09-03,Dry Van,2019.72,True,2060.05,2065.06,1993.85,2101.4
TR-038844,2025-09-03,Dry Van,3574.04,True,3649.55,3549.52,3502.01,3599.08
TR-038845,2025-09-03,Reefer,1405.61,True,1408.68,1389.15,1364.06,1441.11
TR-038846,2025-09-03,Flatbed,1190.88,True,1200.81,1204.07,1155.17,1212.5
TR-038847,2025-09-03,Dry Van,1552.07,True,1569.35,1554.0,1527.06,1618.0
TR-038848,2025-09-03,Flatbed,3967.87,True,3889.31,3966.17,3744.6,3924.77
TR-038849,2025-09-03,Dry Van,2152.14,True,2115.17,2100.18,2048.25,2141.28
TR-038850,2025-09-03,Flatbed,4376.41,True,4310.18,4263.27,4158.32,4281.61
TR-038851,2025-09-03,Reefer,1509.58,True,1472.79,1507.01,1419.0,1494.93
TR-038852,2025-09-03,Flatbed,2125.38,True,2102.18,2117.02,2030.54,2061.53
TR-038853,2025-09-03,Dry Van,2774.52,True,2757.77,2728.84,2666.72,2759.06
TR-038854,2025-09-03,Dry Van,1137.04,True,1133.16,1124.19,1095.96,1140.16
TR-038855,2025-09-03,Dry Van,1778.32,True,1754.44,1734.23,1695.69,1776.78
TR-038856,2025-09-03,Dry Van,1096.27,True,1069.82,1068.52,1027.75,1038.69
TR-038857,2025-09-03,Dry Van,4400.76,True,4554.17,4319.46,4387.17,4633.68
TR-038858,2025-09-03,Dry Van,1838.06,True,1852.74,1825.23,1791.65,1857.67
TR-038859,2025-09-03,Dry Van,1196.71,True,1210.66,1208.0,1160.43,1200.25
TR-038860,2025-09-03,Dry Van,1062.89,True,1059.24,1042.83,1025.25,1059.81
TR-038861,2025-09-03,Dry Van,756.61,True,746.91,765.6,725.18,725.83
TR-038862,2025-09-03,Dry Van,1790.45,True,1793.98,1772.55,1729.01,1811.81
TR-038863,2025-09-03,Dry Van,1368.54,True,1370.68,1369.07,1320.26,1412.05
TR-038864,2025-09-03,Reefer,1933.62,True,1955.83,1928.17,1885.32,1970.66
TR-038865,2025-09-03,Reefer,1143.89,True,1135.47,1123.65,1095.55,1151.91
TR-038866,2025-09-03,Dry Van,634.01,True,636.95,635.45,616.93,640.01
TR-038867,2025-09-03,Dry Van,833.33,True,811.79,807.7,795.26,810.95
TR-038868,2025-09-03,Dry Van,2896.96,True,2893.79,2931.64,2777.94,2811.23
TR-038869,2025-09-03,Reefer,1804.39,True,1798.71,1797.21,1735.15,1821.45
TR-038870,2025-09-03,Reefer,5502.7,True,5375.16,5255.57,5230.97,5418.4
TR-038871,2025-09-03,Flatbed,1177.76,True,1172.56,1164.32,1139.37,1176.44
TR-038872,2025-09-03,Reefer,1790.91,True,1759.91,1767.9,1691.83,1757.48
TR-038873,2025-09-03,Dry Van,2419.58,True,2488.05,2501.23,2392.14,2522.66
TR-038874,2025-09-03,Dry Van,824.38,True,816.34,805.31,785.64,801.23
TR-038875,2025-09-03,Dry Van,4138.03,True,4145.4,4156.17,4019.01,4237.35
TR-038876,2025-09-03,Reefer,1264.58,True,1250.48,1271.12,1207.92,1254.22
TR-038877,2025-09-03,Dry Van,1609.32,True,1602.45,1586.08,1549.34,1653.54
TR-038878,2025-09-03,Flatbed,948.67,True,939.16,928.19,904.53,944.62
TR-038879,2025-09-03,Dry Van,2408.22,True,2394.53,2444.79,2312.54,2443.6
TR-038880,2025-09-03,Dry Van,4037.25,True,3973.64,3973.41,3847.41,3893.7
TR-038881,2025-09-03,Dry Van,5870.15,True,5882.24,5959.68,5701.79,5620.48
TR-038882,2025-09-03,Flatbed,4332.21,True,4256.52,4166.93,4094.06,4259.01
TR-038883,2025-09-03,Dry Van,1429.26,True,1453.44,1440.43,1398.06,1501.69
TR-038884,2025-09-03,Dry Van,2736.58,True,2740.04,2686.86,2631.08,2750.61
TR-038885,2025-09-03,Flatbed,920.82,True,901.61,905.59,873.65,917.64
TR-038886,2025-09-03,Flatbed,1344.11,True,1353.52,1334.28,1300.68,1390.2
TR-038887,2025-09-03,Dry Van,1846.08,True,1842.38,1803.56,1785.89,1881.64
TR-038888,2025-09-03,Dry Van,454.76,True,454.9,430.72,441.57,436.61
TR-038889,2025-09-03,Flatbed,2334.05,True,2293.19,2305.2,2215.24,2301.12
TR-038890,2025-09-03,Dry Van,1120.7,True,1114.49,1112.66,1076.63,1116.09
TR-038891,2025-09-03,Dry Van,2885.45,True,2909.69,2885.96,2822.91,2917.73
TR-038892,2025-09-03,Reefer,1412.11,True,1374.61,1398.74,1317.9,1349.07
TR-038893,2025-09-03,Dry Van,4126.36,True,4166.88,4122.89,3993.37,4247.78
TR-038894,2025-09-03,Reefer,4536.4,True,4634.83,4625.96,4449.82,4619.23
TR-038895,2025-09-03,Flatbed,988.98,True,956.6,941.92,929.2,957.59
TR-038896,2025-09-03,Reefer,3696.76,True,3735.29,3687.53,3577.04,3784.68
TR-038897,2025-09-03,Flatbed,4929.32,True,4882.05,4892.61,4736.83,4936.22
TR-038898,2025-09-03,Dry Van,445.85,True,447.47,451.78,429.84,443.37
TR-038899,2025-09-03,Flatbed,3456.36,True,3458.65,3431.85,3323.24,3479.8
TR-038900,2025-09-03,Dry Van,1799.05,True,1782.59,1789.58,1720.7,1795.45
TR-038901,2025-09-03,Dry Van,1899.77,True,1861.72,1844.31,1802.35,1883.2
TR-038902,2025-09-03,Dry Van,1246.44,True,1256.99,1273.01,1211.67,1269.5
TR-038903,2025-09-03,Dry Van,1034.94,True,1034.01,1028.88,993.77,1044.11
TR-038904,2025-09-03,Dry Van,1244.67,True,1239.79,1251.27,1197.7,1224.95
TR-038905,2025-09-03,Dry Van,3381.01,True,3403.14,3371.54,3276.31,3381.7
TR-038906,2025-09-03,Dry Van,1186.89,True,1165.06,1156.86,1118.4,1151.65
TR-038907,2025-09-03,Dry Van,1574.67,True,1584.64,1560.19,1524.32,1560.32
TR-038908,2025-09-03,Dry Van,1412.04,True,1362.22,1349.28,1320.01,1375.16
TR-038909,2025-09-03,Dry Van,1618.75,True,1601.96,1594.1,1548.5,1626.81
TR-038910,2025-09-03,Dry Van,1711.45,True,1686.35,1681.93,1619.21,1677.64
TR-038911,2025-09-03,Dry Van,1058.96,True,1090.28,1084.88,1046.18,1092.51
TR-038912,2025-09-03,Reefer,2342.99,True,2268.44,2262.29,2194.45,2290.51
TR-038913,2025-09-03,Reefer,4769.86,True,4818.84,4706.73,4660.35,4790.79
TR-038914,2025-09-03,Dry Van,2749.61,True,2701.02,2630.55,2594.54,2701.41
TR-038915,2025-09-03,Flatbed,478.51,True,483.55,482.79,463.42,478.11
TR-038916,2025-09-03,Reefer,4031.4,True,4103.75,4064.65,3966.36,4102.94
TR-038917,2025-09-03,Flatbed,1398.6,True,1394.04,1379.32,1339.99,1439.01
TR-038918,2025-09-03,Flatbed,2035.61,True,1985.96,1971.21,1918.67,1995.63
TR-038919,2025-09-03,Dry Van,379.08,True,374.52,393.23,363.34,364.73
TR-038920,2025-09-03,Flatbed,1762.2,True,1775.15,1767.49,1722.11,1818.45
TR-038921,2025-09-03,Flatbed,490.18,True,487.33,490.07,472.19,493.42
TR-038922,2025-09-03,Dry Van,1833.07,True,1782.37,1765.29,1721.82,1817.68
TR-038923,2025-09-03,Dry Van,1228.28,True,1182.21,1157.9,1133.65,1220.64
TR-038924,2025-09-03,Dry Van,390.61,True,398.37,397.31,383.64,398.55
TR-038925,2025-09-03,Reefer,2120.23,True,2086.27,2060.01,2016.05,2097.64
TR-038926,2025-09-03,Flatbed,1281.36,True,1305.81,1309.09,1256.9,1296.99
TR-038927,2025-09-03,Dry Van,1811.89,True,1797.63,1771.97,1732.03,1800.26
TR-038928,2025-09-03,Dry Van,1657.1,True,1660.31,1648.02,1597.65,1660.54
TR-038929,2025-09-03,Reefer,4494.52,True,4633.67,4566.47,4492.7,4662.81
TR-038930,2025-09-03,Flatbed,4903.95,True,4768.22,4673.15,4600.76,4735.19
TR-038931,2025-09-03,Dry Van,3719.11,True,3733.57,3676.5,3582.45,3785.81
TR-038932,2025-09-03,Dry Van,3395.51,True,3417.89,3395.83,3284.19,3374.36
TR-038933,2025-09-03,Dry Van,2534.45,True,2531.87,2518.35,2450.39,2548.64
TR-038934,2025-09-03,Flatbed,2884.07,True,2968.02,2913.4,2874.78,2931.83
TR-038935,2025-09-03,Reefer,3287.09,True,3371.26,3282.59,3266.97,3347.24
TR-038936,2025-09-04,Dry Van,2103.52,True,2106.73,2084.98,2033.06,2124.05
TR-038937,2025-09-04,Dry Van,1119.29,True,1105.36,1101.79,1073.24,1112.81
TR-038938,2025-09-04,Dry Van,3831.98,True,3817.14,3744.88,3682.75,3884.31
TR-038939,2025-09-04,Dry Van,611.13,True,603.1,592.34,585.63,599.97
TR-038940,2025-09-04,Reefer,2807.36,True,2835.42,2782.98,2723.09,2802.32
TR-038941,2025-09-04,Dry Van,2071.96,True,2067.68,2022.46,2008.11,2081.47
TR-038942,2025-09-04,Reefer,2339.95,True,2300.56,2291.6,2219.61,2311.85
TR-038943,2025-09-04,Reefer,4874.27,True,4927.75,4868.64,4769.82,4898.78
TR-038944,2025-09-04,Reefer,1768.91,True,1800.21,1778.0,1728.93,1836.95
TR-038945,2025-09-04,Dry Van,4304.74,True,4300.53,4296.36,4148.01,4343.97
TR-038946,2025-09-04,Reefer,3572.95,True,3649.27,3564.66,3511.95,3670.02
TR-038947,2025-09-04,Reefer,3764.61,True,3697.29,3697.09,3594.74,3760.83
TR-038948,2025-09-04,Dry Van,870.61,True,875.09,869.44,849.5,882.9
TR-038949,2025-09-04,Dry Van,413.09,True,404.37,413.47,392.25,392.75
TR-038950,2025-09-04,Dry Van,2544.99,True,2489.06,2494.8,2415.42,2513.0
TR-038951,2025-09-04,Dry Van,1660.37,True,1628.36,1607.04,1568.26,1662.51
TR-038952,2025-09-04,Flatbed,1092.96,True,1107.78,1103.29,1074.61,1142.48
TR-038953,2025-09-04,Flatbed,5716.18,True,5736.45,5673.74,5520.72,5709.86
TR-038954,2025-09-04,Dry Van,3141.19,True,3216.76,3239.15,3108.53,3289.92
TR-038955,2025-09-04,Flatbed,6185.0,True,5949.88,5978.4,5769.82,5853.99
TR-038956,2025-09-04,Reefer,4636.85,True,4544.79,4491.07,4382.37,4601.9
TR-038957,2025-09-04,Dry Van,3625.04,True,3590.13,3567.69,3473.41,3518.36
TR-038958,2025-09-04,Dry Van,1954.2,True,2023.35,1993.21,1958.02,2057.79
TR-038959,2025-09-04,Reefer,3415.8,True,3390.52,3333.79,3280.14,3469.23
TR-038960,2025-09-04,Dry Van,819.65,True,829.81,816.6,802.77,823.09
TR-038961,2025-09-04,Dry Van,835.18,True,848.48,829.74,822.66,863.82
TR-038962,2025-09-04,Dry Van,517.61,True,528.02,521.85,509.99,526.2
TR-038963,2025-09-04,Dry Van,958.93,True,953.15,960.39,920.49,964.95
TR-038964,2025-09-04,Dry Van,1197.57,True,1198.63,1195.53,1164.82,1214.39
TR-038965,2025-09-04,Dry Van,1674.76,True,1697.76,1629.1,1633.83,1680.04
TR-038966,2025-09-04,Flatbed,5233.71,True,5173.44,5193.87,5013.69,5304.84
TR-038967,2025-09-04,Dry Van,4807.93,True,4715.4,4637.41,4551.69,4726.53
TR-038968,2025-09-04,Dry Van,1614.61,True,1657.07,1644.09,1600.97,1712.84
TR-038969,2025-09-04,Reefer,5839.12,True,5894.95,5786.32,5680.92,5826.98
TR-038970,2025-09-04,Reefer,2360.93,True,2350.23,2304.95,2260.33,2395.09
TR-038971,2025-09-04,Reefer,4100.64,True,4077.58,4046.13,3940.52,4077.23
TR-038972,2025-09-04,Flatbed,2338.31,True,2340.66,2244.04,2260.4,2304.97
TR-038973,2025-09-04,Dry Van,777.59,True,778.97,772.61,757.14,770.29
TR-038974,2025-09-04,Reefer,3240.89,True,3234.58,3194.39,3129.13,3267.33
TR-038975,2025-09-04,Reefer,3635.79,True,3606.98,3610.6,3499.46,3613.95
TR-038976,2025-09-04,Dry Van,1166.61,True,1159.95,1163.65,1129.23,1176.75
TR-038977,2025-09-04,Reefer,5181.47,True,5101.78,5076.14,4932.32,5137.61
TR-038978,2025-09-04,Reefer,4170.51,True,4190.82,4181.35,4066.68,4253.3
TR-038979,2025-09-04,Flatbed,2723.28,True,2697.77,2641.08,2610.29,2724.32
TR-038980,2025-09-04,Dry Van,830.68,True,836.74,811.31,806.96,865.04
TR-038981,2025-09-04,Flatbed,4731.45,True,4642.8,4592.32,4506.17,4663.81
TR-038982,2025-09-04,Flatbed,946.26,True,973.93,994.18,937.0,952.13
TR-038983,2025-09-04,Dry Van,711.59,True,717.07,727.52,695.36,716.28
TR-038984,2025-09-04,Flatbed,1082.09,True,1054.12,1068.19,1022.31,1063.06
TR-038985,2025-09-04,Dry Van,2041.64,True,1988.76,1971.66,1928.17,2021.73
TR-038986,2025-09-04,Flatbed,2599.43,True,2528.8,2488.43,2450.06,2541.31
TR-038987,2025-09-04,Flatbed,3685.54,True,3644.75,3541.47,3512.33,3676.21
TR-038988,2025-09-04,Flatbed,1417.52,True,1394.03,1410.18,1341.05,1427.75
TR-038989,2025-09-04,Dry Van,4591.38,True,4588.88,4553.15,4437.1,4607.56
TR-038990,2025-09-04,Dry Van,5144.4,True,5128.05,5143.63,5010.42,5103.12
TR-038991,2025-09-04,Dry Van,4160.37,True,4163.55,4095.95,4030.29,4198.54
TR-038992,2025-09-04,Flatbed,2771.41,True,2734.19,2736.37,2641.75,2725.23
TR-038993,2025-09-04,Dry Van,812.49,True,817.88,821.44,789.3,809.83
TR-038994,2025-09-04,Dry Van,989.2,True,997.74,981.62,963.61,1018.08
TR-038995,2025-09-04,Dry Van,251.45,True,251.42,244.05,242.09,255.01
TR-038996,2025-09-04,Flatbed,498.55,True,495.89,530.67,481.4,479.93
TR-038997,2025-09-04,Dry Van,1607.21,True,1667.25,1678.29,1602.09,1652.55
TR-038998,2025-09-04,Dry Van,196.37,True,197.46,219.45,190.28,204.95
TR-038999,2025-09-04,Dry Van,3701.75,True,3648.08,3645.14,3510.32,3694.1
TR-039000,2025-09-04,Reefer,236.37,True,230.29,225.24,222.2,224.75
TR-039001,2025-09-04,Dry Van,345.86,True,334.75,346.17,323.24,330.88
TR-039002,2025-09-04,Dry Van,2077.33,True,2045.38,2031.76,1996.9,2027.49
TR-039003,2025-09-04,Flatbed,5633.17,True,5662.89,5628.45,5463.7,5693.34
TR-039004,2025-09-04,Dry Van,1878.85,True,1865.95,1835.43,1819.31,1861.11
TR-039005,2025-09-04,Dry Van,742.41,True,746.8,741.56,722.65,748.77
TR-039006,2025-09-04,Dry Van,1934.15,True,1976.24,1957.47,1907.76,2002.21
TR-039007,2025-09-04,Dry Van,4583.28,True,4563.63,4442.49,4397.31,4450.37
TR-039008,2025-09-04,Reefer,1155.21,True,1141.69,1140.61,1109.69,1164.63
TR-039009,2025-09-04,Dry Van,2265.2,True,2274.02,2220.22,2192.46,2290.65
TR-039010,2025-09-04,Dry Van,1152.28,True,1157.8,1152.21,1117.55,1174.87
TR-039011,2025-09-04,Reefer,3524.5,True,3531.48,3449.61,3409.31,3572.45
TR-039012,2025-09-04,Reefer,1333.02,True,1357.66,1345.17,1313.06,1381.19
TR-039013,2025-09-04,Dry Van,2290.51,True,2294.52,2262.86,2216.27,2308.68
TR-039014,2025-09-04,Dry Van,2815.63,True,2856.19,2824.3,2767.18,2834.75
TR-039015,2025-09-04,Dry Van,3706.5,True,3753.86,3735.26,3614.96,3797.27
TR-039016,2025-09-04,Dry Van,1625.36,True,1625.89,1610.4,1569.68,1664.06
TR-039017,2025-09-04,Flatbed,2034.63,True,2019.82,1982.62,1955.55,1999.99
TR-039018,2025-09-04,Dry Van,2154.52,True,2191.38,2160.76,2124.3,2208.95
TR-039019,2025-09-04,Dry Van,1086.45,True,1058.12,1030.54,1023.36,1078.56
TR-039020,2025-09-04,Flatbed,1719.87,True,1687.61,1703.62,1635.53,1696.8
TR-039021,2025-09-04,Dry Van,2197.15,True,2172.34,2134.98,2095.72,2133.03
TR-039022,2025-09-04,Flatbed,4716.82,True,4599.75,4496.08,4457.08,4567.9
TR-039023,2025-09-04,Reefer,2940.08,True,2872.05,2856.83,2800.95,2857.3
TR-039024,2025-09-04,Dry Van,1864.87,True,1832.0,1805.97,1774.37,1861.76
TR-039025,2025-09-04,Dry Van,3495.24,True,3564.67,3566.91,3465.92,3564.46
TR-039026,2025-09-04,Dry Van,544.25,True,546.17,530.57,531.47,549.79
TR-039027,2025-09-04,Dry Van,3230.31,True,3223.27,3189.45,3117.74,3190.32
TR-039028,2025-09-04,Dry Van,3459.65,True,3511.92,3460.82,3390.3,3513.02
TR-039029,2025-09-04,Reefer,1036.49,True,1043.05,1032.69,1014.49,1087.89
TR-039030,2025-09-04,Flatbed,1434.39,True,1456.5,1444.91,1412.34,1500.4
TR-039031,2025-09-04,Reefer,2102.58,True,2087.69,2068.79,2020.59,2099.21
TR-039032,2025-09-04,Reefer,3041.2,True,3084.27,3076.98,2965.11,3038.96
TR-039033,2025-09-04,Reefer,1922.11,True,1893.63,1903.55,1818.23,1949.09
TR-039034,2025-09-04,Flatbed,2411.56,True,2461.31,2435.91,2380.33,2473.1
TR-039035,2025-09-04,Dry Van,1202.71,True,1204.28,1185.22,1168.35,1223.85
TR-039036,2025-09-04,Flatbed,1342.71,True,1342.99,1381.43,1293.63,1320.52
TR-039037,2025-09-04,Dry Van,1951.86,True,1951.71,1923.69,1881.46,1966.07
TR-039038,2025-09-04,Flatbed,1492.67,True,1475.03,1501.59,1419.41,1478.29
TR-039039,2025-09-04,Reefer,2293.08,True,2321.37,2294.91,2239.25,2332.94
TR-039040,2025-09-04,Reefer,579.89,True,577.06,607.85,557.61,565.41
TR-039041,2025-09-04,Dry Van,4312.53,True,4233.36,4200.43,4105.64,4232.15
TR-039042,2025-09-04,Dry Van,1993.26,True,1957.96,1937.66,1903.76,1933.83
TR-039043,2025-09-04,Reefer,1803.31,True,1835.5,1801.72,1777.44,1853.53
TR-039044,2025-09-04,Flatbed,1870.98,True,1826.11,1812.82,1765.08,1856.59
TR-039045,2025-09-04,Flatbed,1035.33,True,1038.97,1042.55,1008.65,1047.65
TR-039046,2025-09-04,Dry Van,2346.17,True,2353.45,2318.58,2281.9,2383.73
TR-039047,2025-09-04,Dry Van,2565.6,True,2579.2,2574.88,2486.99,2614.48
TR-039048,2025-09-04,Dry Van,2561.74,True,2538.01,2487.75,2452.89,2531.96
TR-039049,2025-09-04,Dry Van,3226.05,True,3224.53,3206.97,3113.15,3138.56
TR-039050,2025-09-04,Dry Van,3600.54,True,3619.06,3581.52,3491.0,3638.84
TR-039051,2025-09-04,Dry Van,224.92,True,227.42,249.94,222.76,224.35
TR-039052,2025-09-04,Dry Van,1038.92,True,1025.32,1019.16,990.07,1018.44
TR-039053,2025-09-04,Dry Van,4309.6,True,4251.48,4221.57,4114.1,4256.3
TR-039054,2025-09-04,Dry Van,1073.55,True,1081.76,1073.65,1045.46,1097.83
TR-039055,2025-09-04,Dry Van,2717.74,True,2698.97,2684.12,2606.24,2698.29
TR-039056,2025-09-04,Flatbed,545.79,True,538.24,570.51,520.56,523.65
TR-039057,2025-09-04,Dry Van,1635.9,True,1641.87,1626.93,1581.54,1663.85
TR-039058,2025-09-04,Flatbed,2223.7,True,2244.47,2230.3,2168.7,2306.92
TR-039059,2025-09-04,Dry Van,706.43,True,715.59,706.45,697.5,712.4
TR-039060,2025-09-04,Dry Van,1993.08,True,2038.19,1973.98,1982.06,2015.6
TR-039061,2025-09-04,Dry Van,419.81,True,410.54,407.04,397.87,397.98
TR-039062,2025-09-04,Reefer,4728.81,True,4737.78,4696.69,4571.65,4688.01
TR-039063,2025-09-04,Dry Van,1619.87,True,1617.62,1612.97,1552.44,1650.53
TR-039064,2025-09-04,Dry Van,829.81,True,834.04,815.68,800.9,835.19
TR-039065,2025-09-04,Reefer,675.2,True,678.16,666.81,652.88,682.4
TR-039066,2025-09-04,Reefer,669.78,True,678.97,687.63,658.28,670.53
TR-039067,2025-09-04,Dry Van,1777.59,True,1789.11,1786.75,1724.92,1760.91
TR-039068,2025-09-04,Dry Van,4479.42,True,4348.42,4378.28,4192.52,4270.83
TR-039069,2025-09-04,Reefer,882.08,True,871.17,860.41,840.82,891.7
TR-039070,2025-09-04,Flatbed,3210.13,True,3253.94,3176.75,3139.97,3272.32
TR-039071,2025-09-04,Reefer,2080.39,True,2067.48,2040.36,1983.85,2027.98
TR-039072,2025-09-04,Reefer,1442.01,True,1407.64,1434.55,1364.86,1449.79
TR-039073,2025-09-04,Dry Van,995.5,True,1008.22,1016.31,978.6,1004.31
TR-039074,2025-09-04,Flatbed,557.08,True,551.01,569.62,531.25,541.56
TR-039075,2025-09-04,Dry Van,2895.45,True,2893.87,2824.27,2821.89,2933.42
TR-039076,2025-09-04,Dry Van,2750.9,True,2740.43,2729.26,2660.63,2693.77
TR-039077,2025-09-04,Dry Van,497.6,True,491.1,496.01,471.11,476.36
TR-039078,2025-09-04,Reefer,5931.57,True,5814.29,5707.54,5632.74,5692.28
TR-039079,2025-09-04,Dry Van,4678.42,True,4644.32,4665.3,4489.65,4671.54
TR-039080,2025-09-04,Dry Van,1735.69,True,1708.56,1679.18,1659.93,1712.42
TR-039081,2025-09-04,Reefer,1491.48,True,1494.7,1501.73,1450.13,1566.93
TR-039082,2025-09-04,Dry Van,2227.63,True,2225.61,2159.0,2152.94,2262.43
TR-039083,2025-09-04,Dry Van,2606.74,True,2576.85,2543.8,2501.92,2667.94
TR-039084,2025-09-04,Dry Van,5037.89,True,5076.95,5087.95,4901.54,4958.51
TR-039085,2025-09-04,Reefer,5580.78,True,5524.32,5471.9,5359.05,5531.93
TR-039086,2025-09-04,Flatbed,1339.97,True,1325.93,1341.82,1288.32,1342.25
TR-039087,2025-09-04,Reefer,4731.22,True,4809.09,4753.52,4633.49,4879.98
TR-039088,2025-09-04,Dry Van,3136.86,True,3146.74,3129.36,3065.11,3180.51
TR-039089,2025-09-04,Reefer,4776.59,True,4777.01,4695.28,4611.27,4805.51
TR-039090,2025-09-04,Reefer,2207.44,True,2132.62,2117.12,2069.1,2164.8
TR-039091,2025-09-04,Dry Van,873.34,True,870.17,861.32,841.36,879.76
TR-039092,2025-09-05,Dry Van,1990.86,True,2067.37,2036.43,2007.17,2077.64
TR-039093,2025-09-05,Dry Van,1383.52,True,1380.81,1371.58,1333.07,1382.73
TR-039094,2025-09-05,Flatbed,5939.13,True,5871.04,5744.38,5641.62,5656.8
TR-039095,2025-09-05,Reefer,1602.12,True,1626.21,1621.28,1580.73,1672.31
TR-039096,2025-09-05,Dry Van,1943.74,True,1948.98,1946.04,1885.6,1947.93
TR-039097,2025-09-05,Reefer,2558.28,True,2547.36,2484.41,2457.62,2569.77
TR-039098,2025-09-05,Reefer,1898.24,True,1887.0,1836.52,1824.56,1906.36
TR-039099,2025-09-05,Flatbed,833.5,True,816.55,798.99,783.79,818.1
TR-039100,2025-09-05,Reefer,2025.05,True,2028.19,2009.85,1964.71,2059.26
TR-039101,2025-09-05,Dry Van,2231.66,True,2144.95,2123.97,2061.83,2145.22
TR-039102,2025-09-05,Reefer,1574.91,True,1552.76,1523.59,1496.78,1563.03
TR-039103,2025-09-05,Dry Van,992.27,True,950.51,952.56,912.94,983.09
TR-039104,2025-09-05,Dry Van,3972.75,True,4028.54,4066.38,3883.01,3993.02
TR-039105,2025-09-05,Dry Van,1104.17,True,1078.72,1074.87,1036.29,1110.36
TR-039106,2025-09-05,Reefer,4521.64,True,4589.65,4564.15,4429.74,4686.51
TR-039107,2025-09-05,Dry Van,1668.8,True,1637.98,1583.49,1575.06,1651.81
TR-039108,2025-09-05,Dry Van,2740.42,True,2707.16,2740.92,2609.79,2625.81
TR-039109,2025-09-05,Flatbed,2446.6,True,2396.0,2368.61,2305.26,2424.0
TR-039110,2025-09-05,Dry Van,1368.65,True,1357.8,1348.02,1310.86,1325.69
TR-039111,2025-09-05,Reefer,3261.55,True,3214.95,3195.81,3113.75,3202.44
TR-039112,2025-09-05,Dry Van,640.63,True,629.04,631.75,608.43,615.6
TR-039113,2025-09-05,Reefer,857.79,True,848.89,853.58,820.74,853.23
TR-039114,2025-09-05,Reefer,1076.26,True,1090.63,1091.6,1058.95,1108.06
TR-039115,2025-09-05,Dry Van,1153.1,True,1163.23,1139.84,1123.66,1193.57
TR-039116,2025-09-05,Dry Van,5027.1,True,5025.33,5079.98,4836.36,4851.71
TR-039117,2025-09-05,Dry Van,2671.85,True,2747.95,2701.7,2641.91,2710.83
TR-039118,2025-09-05,Reefer,1254.71,True,1253.58,1268.9,1206.98,1242.96
TR-039119,2025-09-05,Reefer,965.6,True,930.89,959.17,899.97,900.78
TR-039120,2025-09-05,Reefer,1290.97,True,1297.09,1316.9,1246.58,1309.56
TR-039121,2025-09-05,Reefer,791.06,True,790.78,776.13,762.56,776.27
TR-039122,2025-09-05,Reefer,1227.54,True,1252.69,1237.95,1210.86,1242.57
TR-039123,2025-09-05,Reefer,341.56,True,334.83,358.67,322.37,318.65
TR-039124,2025-09-05,Reefer,581.85,True,570.38,579.19,551.98,560.82
TR-039125,2025-09-05,Dry Van,578.63,True,588.6,580.53,566.79,586.85
TR-039126,2025-09-05,Dry Van,3915.16,True,3909.63,3888.21,3753.88,3935.37
TR-039127,2025-09-05,Dry Van,2473.31,True,2480.86,2432.44,2377.48,2451.22
TR-039128,2025-09-05,Dry Van,1056.11,True,1076.29,1057.43,1033.24,1089.85
TR-039129,2025-09-05,Dry Van,1683.15,True,1684.59,1684.12,1615.76,1714.35
TR-039130,2025-09-05,Flatbed,788.94,True,777.37,794.88,746.62,767.47
TR-039131,2025-09-05,Flatbed,1950.21,True,1919.79,1894.32,1851.62,1945.59
TR-039132,2025-09-05,Reefer,1155.37,True,1143.29,1114.3,1100.72,1166.4
TR-039133,2025-09-05,Flatbed,785.6,True,796.15,785.63,765.79,793.68
TR-039134,2025-09-05,Dry Van,4124.89,True,4141.13,4073.79,3976.03,4226.79
TR-039135,2025-09-05,Dry Van,3112.26,True,3134.58,3087.12,3033.99,3160.71
TR-039136,2025-09-05,Dry Van,4107.05,True,4106.48,4124.47,3970.21,4181.11
TR-039137,2025-09-05,Flatbed,2265.1,True,2243.71,2211.21,2171.08,2250.37
TR-039138,2025-09-05,Reefer,1455.36,True,1428.6,1459.85,1383.29,1433.11
TR-039139,2025-09-05,Flatbed,689.69,True,688.26,678.59,663.89,676.65
TR-039140,2025-09-05,Flatbed,2395.68,True,2478.16,2419.46,2389.28,2484.22
TR-039141,2025-09-05,Dry Van,4954.29,True,4966.42,4918.15,4803.81,4900.78
TR-039142,2025-09-05,Dry Van,1474.97,True,1516.55,1477.98,1461.81,1521.51
TR-039143,2025-09-05,Dry Van,2664.11,True,2685.71,2670.54,2603.06,2655.23
TR-039144,2025-09-05,Flatbed,4592.34,True,4475.61,4385.46,4304.47,4430.91
TR-039145,2025-09-05,Dry Van,2469.17,True,2425.18,2411.37,2326.39,2461.54
TR-039146,2025-09-05,Reefer,1028.4,True,1023.06,1012.31,982.97,1042.77
TR-039147,2025-09-05,Reefer,4251.39,True,4167.46,4126.09,4005.64,4197.91
TR-039148,2025-09-05,Reefer,2009.23,True,2060.26,2050.56,2000.27,2109.84
TR-039149,2025-09-05,Reefer,2139.57,True,2148.05,2146.18,2068.57,2190.41
TR-039150,2025-09-05,Reefer,2307.9,True,2306.14,2278.47,2227.26,2323.03
TR-039151,2025-09-05,Dry Van,361.96,True,367.33,360.12,353.25,369.0
TR-039152,2025-09-05,Reefer,4078.17,True,4119.8,4092.74,3973.99,4158.86
TR-039153,2025-09-05,Dry Van,2118.24,True,2171.05,2187.32,2081.49,2170.56
TR-039154,2025-09-05,Dry Van,2511.37,True,2602.36,2608.5,2511.48,2656.48
TR-039155,2025-09-05,Dry Van,1714.1,True,1725.57,1718.09,1665.52,1735.4
TR-039156,2025-09-05,Reefer,5335.02,True,5231.67,5092.66,5030.7,5230.11
TR-039157,2025-09-05,Reefer,1169.68,True,1201.76,1217.56,1161.85,1189.46
TR-039158,2025-09-05,Dry Van,3081.04,True,3066.95,3073.1,2960.12,2946.12
TR-039159,2025-09-05,Flatbed,1187.65,True,1200.88,1170.14,1155.97,1220.99
TR-039160,2025-09-05,Flatbed,927.17,True,912.07,936.27,877.16,899.02
TR-039161,2025-09-05,Dry Van,3278.97,True,3188.94,3167.31,3064.09,3246.38
TR-039162,2025-09-05,Reefer,4844.98,True,4765.91,4713.5,4585.26,4850.43
TR-039163,2025-09-05,Dry Van,1538.53,True,1536.98,1524.97,1482.44,1544.14
TR-039164,2025-09-05,Dry Van,1556.98,True,1572.69,1544.11,1526.67,1550.47
TR-039165,2025-09-05,Flatbed,1639.49,True,1679.29,1664.52,1613.99,1725.33
TR-039166,2025-09-05,Dry Van,4829.59,True,4829.06,4831.48,4657.91,4716.36
TR-039167,2025-09-05,Reefer,3605.8,True,3630.18,3533.18,3473.26,3682.59
TR-039168,2025-09-05,Reefer,2372.36,True,2377.07,2359.71,2291.36,2357.46
TR-039169,2025-09-05,Flatbed,1848.35,True,1840.96,1789.06,1775.56,1823.13
TR-039170,2025-09-05,Reefer,1545.64,True,1591.73,1574.83,1532.05,1610.79
TR-039171,2025-09-05,Dry Van,2236.81,True,2259.29,2193.06,2184.71,2218.79
TR-039172,2025-09-05,Reefer,4856.02,True,4841.26,4755.05,4666.58,4826.52
TR-039173,2025-09-05,Reefer,2963.57,True,3000.02,3026.64,2888.26,2947.5
TR-039174,2025-09-05,Dry Van,3804.05,True,3844.38,3897.43,3713.99,3748.24
TR-039175,2025-09-05,Dry Van,2504.29,True,2499.19,2485.63,2401.63,2530.35
TR-039176,2025-09-05,Dry Van,1161.24,True,1168.5,1153.54,1122.51,1176.09
TR-039177,2025-09-05,Dry Van,5084.27,True,5059.65,5011.59,4895.84,4997.74
TR-039178,2025-09-05,Dry Van,1551.07,True,1573.28,1538.73,1524.38,1571.22
TR-039179,2025-09-05,Flatbed,3925.06,True,3867.22,3836.97,3753.26,3837.92
TR-039180,2025-09-05,Flatbed,1940.07,True,1921.43,1921.68,1867.51,1913.26
TR-039181,2025-09-05,Flatbed,2458.96,True,2450.56,2408.65,2361.56,2461.92
TR-039182,2025-09-05,Reefer,3749.01,True,3785.38,3798.76,3647.13,3752.61
TR-039183,2025-09-05,Dry Van,3545.25,True,3510.74,3451.0,3376.29,3464.63
TR-039184,2025-09-05,Flatbed,770.47,True,773.92,785.68,745.81,750.11
TR-039185,2025-09-05,Flatbed,2194.96,True,2176.75,2173.51,2103.56,2225.75
TR-039186,2025-09-05,Reefer,2501.52,True,2502.22,2442.58,2398.52,2517.33
TR-039187,2025-09-05,Dry Van,4472.64,True,4460.55,4518.83,4303.03,4417.94
TR-039188,2025-09-05,Reefer,1597.1,True,1571.35,1584.26,1517.42,1598.04
TR-039189,2025-09-05,Reefer,1233.95,True,1225.68,1249.92,1187.35,1236.96
TR-039190,2025-09-05,Reefer,2445.17,True,2446.94,2425.12,2373.87,2480.73
TR-039191,2025-09-05,Reefer,3131.14,True,3149.92,3105.57,3055.62,3172.91
TR-039192,2025-09-05,Reefer,2965.22,True,2887.7,2833.83,2784.3,2902.04
TR-039193,2025-09-05,Flatbed,1744.51,True,1750.73,1770.84,1681.28,1752.19
TR-039194,2025-09-05,Dry Van,1126.29,True,1144.06,1125.2,1104.36,1163.55
TR-039195,2025-09-05,Dry Van,1086.72,True,1082.88,1063.0,1048.88,1110.88
TR-039196,2025-09-05,Dry Van,1638.54,True,1622.18,1612.53,1561.73,1654.38
TR-039197,2025-09-05,Dry Van,1528.0,True,1565.22,1561.94,1519.45,1598.87
TR-039198,2025-09-05,Dry Van,1023.08,True,1032.45,1033.68,1001.37,1043.74
TR-039199,2025-09-05,Reefer,555.88,True,551.25,560.6,530.07,540.56
TR-039200,2025-09-05,Dry Van,3039.5,True,3063.36,3046.69,2953.91,3048.94
TR-039201,2025-09-05,Dry Van,796.76,True,796.78,800.61,772.16,785.36
TR-039202,2025-09-05,Flatbed,5059.84,True,4982.34,4866.34,4824.64,4806.19
TR-039203,2025-09-05,Dry Van,3827.69,True,3891.72,3810.03,3758.96,3923.59
TR-039204,2025-09-05,Dry Van,1725.56,True,1692.03,1703.52,1633.64,1712.17
TR-039205,2025-09-05,Reefer,806.04,True,783.41,823.13,758.99,774.91
TR-039206,2025-09-05,Reefer,1340.8,True,1319.77,1340.25,1267.47,1323.57
TR-039207,2025-09-05,Reefer,4949.75,True,4844.37,4765.65,4678.16,4885.72
TR-039208,2025-09-05,Dry Van,4428.74,True,4425.86,4390.28,4259.56,4328.2
TR-039209,2025-09-05,Dry Van,2715.57,True,2673.28,2632.22,2582.03,2659.2
TR-039210,2025-09-05,Dry Van,2048.31,True,2092.75,2048.97,2020.24,2082.21
TR-039211,2025-09-05,Dry Van,3028.91,True,3042.38,2961.73,2939.58,3015.86
TR-039212,2025-09-05,Dry Van,2167.26,True,2123.41,2120.57,2048.93,2155.9
TR-039213,2025-09-05,Dry Van,1241.89,True,1236.68,1221.37,1186.74,1260.67
TR-039214,2025-09-05,Dry Van,1036.02,True,1029.25,1036.18,990.69,1043.03
TR-039215,2025-09-05,Dry Van,3925.28,True,3902.62,3871.34,3751.76,3861.67
TR-039216,2025-09-05,Dry Van,4953.28,True,5016.3,4885.55,4848.54,4968.95
TR-039217,2025-09-05,Dry Van,1273.52,True,1257.4,1258.59,1211.35,1260.74
TR-039218,2025-09-05,Flatbed,1118.18,True,1121.64,1114.63,1086.66,1099.8
TR-039219,2025-09-05,Dry Van,823.81,True,830.84,820.81,799.56,835.87
TR-039220,2025-09-05,Dry Van,1408.04,True,1439.62,1416.57,1379.36,1489.85
TR-039221,2025-09-05,Dry Van,1432.23,True,1444.67,1411.26,1386.74,1437.82
TR-039222,2025-09-05,Flatbed,1137.48,True,1116.01,1139.93,1073.21,1120.8
TR-039223,2025-09-05,Dry Van,3174.53,True,3180.63,3124.57,3057.15,3174.06
TR-039224,2025-09-05,Reefer,4107.89,True,4110.25,4045.92,3971.79,4050.99
TR-039225,2025-09-05,Flatbed,3376.19,True,3428.88,3454.73,3327.34,3462.76
TR-039226,2025-09-05,Reefer,2297.51,True,2320.17,2267.75,2239.54,2338.57
TR-039227,2025-09-05,Flatbed,1884.83,True,1882.3,1859.33,1813.85,1884.33
TR-039228,2025-09-05,Reefer,258.05,True,251.87,258.77,243.83,245.16
TR-039229,2025-09-05,Flatbed,4859.34,True,4887.99,4800.08,4718.82,4938.35
TR-039230,2025-09-05,Reefer,683.15,True,684.07,674.75,662.67,684.81
TR-039231,2025-09-05,Dry Van,4073.23,True,3977.05,3953.65,3836.25,4003.04
TR-039232,2025-09-05,Dry Van,1592.93,True,1591.39,1551.37,1544.62,1607.45
TR-039233,2025-09-05,Dry Van,405.5,True,401.77,405.38,390.13,391.86
TR-039234,2025-09-05,Dry Van,1084.65,True,1103.8,1086.67,1063.95,1101.88
TR-039235,2025-09-05,Reefer,3092.79,True,3035.57,3047.63,2922.99,3114.21
TR-039236,2025-09-05,Dry Van,1672.09,True,1649.19,1633.44,1584.22,1673.01
TR-039237,2025-09-05,Dry Van,893.28,True,876.91,865.59,845.98,878.05
TR-039238,2025-09-05,Dry Van,1240.53,True,1216.0,1194.25,1178.43,1205.71
TR-039239,2025-09-05,Flatbed,2059.35,True,2032.27,2054.59,1951.68,2052.67
TR-039240,2025-09-05,Flatbed,4666.64,True,4610.35,4610.32,4464.23,4576.32
TR-039241,2025-09-05,Dry Van,883.17,True,889.65,878.07,857.16,865.56
TR-039242,2025-09-06,Flatbed,3389.96,True,3359.87,3291.76,3240.68,3420.46
TR-039243,2025-09-06,Dry Van,2719.01,True,2717.3,2688.3,2622.89,2702.66
TR-039244,2025-09-06,Dry Van,2808.78,True,2805.69,2813.45,2690.23,2861.85
TR-039245,2025-09-06,Dry Van,929.65,True,948.95,941.61,912.03,936.88
TR-039246,2025-09-06,Flatbed,1023.48,True,1001.9,987.96,964.95,989.02
TR-039247,2025-09-06,Dry Van,1735.32,True,1717.79,1661.79,1656.2,1675.94
TR-039248,2025-09-06,Dry Van,4370.43,True,4378.1,4382.59,4199.56,4355.06
TR-039249,2025-09-06,Dry Van,1546.16,True,1545.72,1527.97,1493.04,1558.68
TR-039250,2025-09-06,Flatbed,2035.95,True,1992.37,1962.38,1920.98,2007.89
TR-039251,2025-09-06,Dry Van,4485.15,True,4408.17,4440.1,4254.61,4386.23
TR-039252,2025-09-06,Dry Van,1601.21,True,1628.04,1602.85,1575.13,1611.43
TR-039253,2025-09-06,Flatbed,2066.06,True,2080.97,2053.45,2010.92,2094.16
TR-039254,2025-09-06,Dry Van,2197.3,True,2218.66,2201.63,2131.96,2219.03
TR-039255,2025-09-06,Reefer,4122.85,True,4082.72,4034.95,3905.72,4141.1
TR-039256,2025-09-06,Dry Van,730.65,True,721.44,719.91,696.78,714.7
TR-039257,2025-09-06,Reefer,6768.62,True,6632.75,6443.67,6429.39,6549.19
TR-039258,2025-09-06,Reefer,1179.45,True,1189.68,1200.1,1135.2,1192.49
TR-039259,2025-09-06,Dry Van,1844.5,True,1842.23,1804.51,1779.75,1824.74
TR-039260,2025-09-06,Reefer,3040.63,True,3065.91,2987.7,2938.12,3039.46
TR-039261,2025-09-06,Flatbed,1386.89,True,1467.04,1410.7,1415.72,1465.47
TR-039262,2025-09-06,Reefer,3061.97,True,3012.99,3038.98,2901.59,3028.55
TR-039263,2025-09-06,Reefer,4734.52,True,4670.83,4560.17,4507.93,4588.59
TR-039264,2025-09-06,Flatbed,3864.33,True,3777.67,3796.72,3646.99,3798.99
TR-039265,2025-09-06,Dry Van,5608.43,True,5675.3,5393.22,5454.54,5414.12
TR-039266,2025-09-06,Reefer,3828.43,True,3927.2,3847.61,3758.78,3878.4
TR-039267,2025-09-06,Reefer,3648.31,True,3591.96,3527.27,3465.21,3633.15
TR-039268,2025-09-06,Flatbed,1949.08,True,2001.31,1973.74,1929.39,2028.49
TR-039269,2025-09-06,Dry Van,847.69,True,867.89,850.96,838.07,883.79
TR-039270,2025-09-06,Reefer,1749.83,True,1757.84,1812.51,1687.26,1773.35
TR-039271,2025-09-06,Dry Van,3076.42,True,3008.15,2963.93,2898.06,2990.16
TR-039272,2025-09-06,Dry Van,2587.34,True,2532.59,2496.71,2434.62,2542.16
TR-039273,2025-09-06,Dry Van,2080.38,True,2061.56,2046.15,1986.55,2073.93
TR-039274,2025-09-06,Flatbed,4656.27,True,4783.75,4732.23,4579.72,4695.93
TR-039275,2025-09-06,Dry Van,969.15,True,952.57,939.64,915.55,946.45
TR-039276,2025-09-06,Dry Van,651.83,True,652.84,640.94,629.97,669.15
TR-039277,2025-09-06,Reefer,594.15,True,587.55,600.86,565.98,569.18
TR-039278,2025-09-06,Reefer,2794.78,True,2751.35,2742.97,2637.87,2752.46
TR-039279,2025-09-06,Reefer,1051.15,True,1017.35,1043.69,979.09,1015.95
TR-039280,2025-09-06,Dry Van,2149.2,True,2164.3,2136.12,2081.17,2156.75
TR-039281,2025-09-06,Dry Van,2044.32,True,2042.0,2020.25,1977.12,2075.54
TR-039282,2025-09-06,Dry Van,2618.27,True,2577.47,2685.13,2481.46,2482.96
TR-039283,2025-09-06,Dry Van,2764.5,True,2780.96,2743.4,2654.12,2791.13
TR-039284,2025-09-06,Dry Van,851.04,True,859.28,844.17,826.96,854.97
TR-039285,2025-09-06,Dry Van,2490.81,True,2507.65,2484.53,2437.76,2505.61
TR-039286,2025-09-06,Dry Van,570.47,True,570.9,557.9,549.34,556.71
TR-039287,2025-09-06,Dry Van,2306.35,True,2350.49,2321.54,2277.01,2302.85
TR-039288,2025-09-06,Reefer,5439.24,True,5533.47,5530.46,5282.3,5413.23
TR-039289,2025-09-06,Dry Van,1855.19,True,1857.27,1824.99,1792.13,1901.67
TR-039290,2025-09-06,Flatbed,4090.46,True,4043.89,3988.44,3886.35,3990.93
TR-039291,2025-09-06,Reefer,1072.6,True,1099.73,1083.97,1059.35,1085.3
TR-039292,2025-09-06,Dry Van,6295.71,False,2266.28,2274.73,2162.75,2204.5
TR-039293,2025-09-06,Dry Van,2469.45,True,2447.77,2442.75,2366.45,2444.85
TR-039294,2025-09-06,Dry Van,997.29,True,1009.3,991.65,972.51,1001.14
TR-039295,2025-09-06,Reefer,1656.07,True,1643.71,1669.37,1589.82,1628.06
TR-039296,2025-09-06,Reefer,2849.08,True,2844.05,2794.85,2725.71,2893.11
TR-039297,2025-09-06,Reefer,1245.26,True,1267.28,1243.94,1217.28,1274.16
TR-039298,2025-09-06,Reefer,663.83,True,674.9,674.48,649.25,664.74
TR-039299,2025-09-06,Dry Van,2596.02,True,2568.6,2490.11,2491.47,2567.04
TR-039300,2025-09-06,Dry Van,2518.86,True,2517.39,2468.02,2412.61,2512.24
TR-039301,2025-09-06,Reefer,1096.44,True,1081.78,1096.66,1044.31,1081.36
TR-039302,2025-09-06,Dry Van,1698.47,True,1694.61,1681.11,1626.9,1711.32
TR-039303,2025-09-06,Reefer,3405.77,True,3420.24,3345.69,3286.13,3293.67
TR-039304,2025-09-06,Dry Van,763.32,True,771.07,765.19,744.34,765.28
TR-039305,2025-09-06,Reefer,1418.95,True,1426.09,1410.13,1370.9,1445.21
TR-039306,2025-09-06,Flatbed,3069.94,True,3033.99,2992.93,2926.69,3060.25
TR-039307,2025-09-06,Dry Van,519.57,False,1320.84,1284.9,1275.78,1345.65
TR-039308,2025-09-06,Reefer,5686.61,True,5663.76,5614.67,5440.96,5503.39
TR-039309,2025-09-06,Dry Van,3282.87,True,3231.73,3184.85,3116.74,3249.09
TR-039310,2025-09-06,Dry Van,1849.22,True,1843.37,1803.42,1777.34,1859.44
TR-039311,2025-09-06,Reefer,2167.65,True,2133.51,2131.42,2043.8,2171.26
TR-039312,2025-09-06,Dry Van,2175.71,True,2248.95,2263.89,2173.4,2256.41
TR-039313,2025-09-06,Dry Van,2605.28,True,2601.73,2674.47,2509.57,2637.92
TR-039314,2025-09-06,Dry Van,1126.8,True,1149.58,1130.88,1107.53,1141.47
TR-039315,2025-09-06,Dry Van,2325.47,True,2365.75,2361.0,2276.57,2403.65
TR-039316,2025-09-06,Dry Van,2859.86,True,2837.75,2887.97,2725.2,2838.4
TR-039317,2025-09-06,Dry Van,940.39,True,924.95,915.4,890.86,947.47
TR-039318,2025-09-06,Reefer,4794.14,True,4907.25,4917.36,4724.7,4953.26
TR-039319,2025-09-06,Dry Van,1120.78,True,1120.33,1099.38,1083.77,1123.96
TR-039320,2025-09-06,Reefer,645.29,True,634.85,646.97,613.97,605.47
TR-039321,2025-09-06,Reefer,327.62,True,324.24,319.79,312.5,321.94
TR-039322,2025-09-06,Reefer,1318.46,True,1316.31,1326.41,1268.86,1325.28
TR-039323,2025-09-06,Reefer,925.32,True,928.82,952.91,893.6,920.82
TR-039324,2025-09-06,Reefer,382.63,True,384.25,385.49,370.62,376.74
TR-039325,2025-09-06,Flatbed,2652.69,True,2689.77,2667.9,2581.32,2700.95
TR-039326,2025-09-06,Dry Van,1159.79,True,1154.43,1122.15,1111.67,1197.65
TR-039327,2025-09-06,Dry Van,591.03,True,574.76,590.48,552.73,539.48
TR-039328,2025-09-06,Dry Van,1084.2,True,1074.47,1033.72,1035.04,1098.28
TR-039329,2025-09-06,Dry Van,1814.58,True,1801.12,1769.93,1726.68,1802.96
TR-039330,2025-09-06,Reefer,1651.04,True,1616.39,1591.09,1558.5,1633.6
TR-039331,2025-09-06,Dry Van,694.25,True,691.54,706.29,670.69,692.69
TR-039332,2025-09-06,Dry Van,973.92,True,952.53,950.55,919.07,953.94
TR-039333,2025-09-06,Dry Van,4522.88,True,4476.89,4467.84,4285.77,4491.87
TR-039334,2025-09-06,Dry Van,1533.94,True,1512.83,1490.67,1452.18,1545.0
TR-039335,2025-09-06,Flatbed,3744.98,True,3723.71,3792.0,3577.43,3766.46
TR-039336,2025-09-06,Reefer,3921.95,True,3935.18,3895.83,3817.98,3865.7
TR-039337,2025-09-06,Dry Van,1883.57,True,1887.61,1864.36,1828.19,1910.89
TR-039338,2025-09-06,Flatbed,1797.06,True,1739.49,1735.79,1684.92,1772.9
TR-039339,2025-09-06,Reefer,766.34,True,779.27,787.74,753.43,754.99
TR-039340,2025-09-06,Reefer,5553.3,True,5614.48,5609.08,5431.48,5521.29
TR-039341,2025-09-06,Dry Van,3607.34,True,3667.39,3580.34,3499.14,3561.01
TR-039342,2025-09-06,Dry Van,1099.18,True,1100.82,1087.88,1058.77,1121.94
TR-039343,2025-09-06,Reefer,5329.38,True,5175.32,5052.54,4973.65,5057.13
TR-039344,2025-09-06,Dry Van,542.84,True,545.33,545.21,524.1,526.2
TR-039345,2025-09-06,Dry Van,1431.19,True,1425.51,1403.52,1365.12,1441.45
TR-039346,2025-09-06,Dry Van,3645.68,True,3564.81,3546.35,3423.61,3484.38
TR-039347,2025-09-06,Flatbed,1386.26,True,1380.86,1373.9,1333.4,1399.05
TR-039348,2025-09-06,Dry Van,2183.38,True,2198.44,2208.19,2132.49,2223.56
TR-039349,2025-09-06,Flatbed,669.86,True,674.75,665.71,652.87,659.68
TR-039350,2025-09-06,Dry Van,1096.55,True,1094.9,1078.18,1065.01,1126.23
TR-039351,2025-09-06,Flatbed,4066.97,True,4030.86,4000.45,3896.18,4089.16
TR-039352,2025-09-06,Reefer,901.47,True,909.23,902.57,872.09,888.36
TR-039353,2025-09-06,Flatbed,2912.56,True,2964.51,2924.38,2868.88,3009.51
TR-039354,2025-09-06,Reefer,2402.59,True,2376.59,2296.48,2298.26,2423.98
TR-039355,2025-09-06,Reefer,219.83,True,221.21,212.31,214.0,217.83
TR-039356,2025-09-06,Flatbed,5018.5,True,5059.24,4969.42,4850.42,5001.69
TR-039357,2025-09-06,Dry Van,1366.89,True,1387.2,1366.96,1335.71,1384.94
TR-039358,2025-09-06,Dry Van,1822.67,True,1850.9,1835.4,1776.35,1875.4
TR-039359,2025-09-06,Dry Van,394.42,False,971.98,973.14,932.22,980.61
TR-039360,2025-09-06,Dry Van,2779.53,True,2791.09,2752.98,2690.22,2749.21
TR-039361,2025-09-06,Reefer,820.3,True,826.39,820.12,788.38,820.46
TR-039362,2025-09-06,Dry Van,1441.33,True,1421.38,1395.55,1373.67,1432.11
TR-039363,2025-09-06,Dry Van,11684.7,False,2898.51,2845.64,2789.8,2897.81
TR-039364,2025-09-06,Dry Van,3140.85,True,3105.71,3085.0,3013.48,3095.64
TR-039365,2025-09-06,Flatbed,1295.72,True,1279.52,1274.35,1225.84,1259.64
TR-039366,2025-09-06,Dry Van,1827.9,True,1833.8,1830.13,1759.59,1886.16
TR-039367,2025-09-06,Reefer,5673.91,True,5685.14,5685.13,5437.12,5682.4
TR-039368,2025-09-06,Dry Van,9250.6,False,2100.74,2163.54,2026.33,2120.15
TR-039369,2025-09-06,Flatbed,819.34,True,836.3,830.78,804.86,816.91
TR-039370,2025-09-06,Dry Van,1700.82,True,1725.76,1719.39,1665.33,1729.52
TR-039371,2025-09-06,Dry Van,2067.45,True,2101.33,2131.9,2034.54,2117.1
TR-039372,2025-09-06,Dry Van,2351.81,True,2382.2,2366.1,2304.89,2390.14
TR-039373,2025-09-06,Reefer,422.75,True,433.91,400.15,415.78,433.48
TR-039374,2025-09-06,Dry Van,1417.7,True,1419.77,1402.7,1371.19,1421.43
TR-039375,2025-09-06,Reefer,2924.5,True,2968.12,2962.79,2861.2,2980.47
TR-039376,2025-09-06,Flatbed,1320.2,True,1303.44,1285.28,1250.66,1286.93
TR-039377,2025-09-06,Dry Van,979.97,True,990.07,973.49,962.43,968.45
TR-039378,2025-09-06,Reefer,518.55,True,524.96,517.23,506.67,520.06
TR-039379,2025-09-06,Dry Van,2348.29,True,2273.59,2219.38,2204.12,2301.91
TR-039380,2025-09-06,Dry Van,2307.08,True,2273.86,2216.08,2181.68,2268.29
TR-039381,2025-09-06,Dry Van,1720.0,True,1747.47,1710.87,1687.09,1729.1
TR-039382,2025-09-06,Dry Van,2573.08,True,2597.98,2621.96,2503.84,2627.26
TR-039383,2025-09-06,Dry Van,474.06,True,482.91,484.39,463.91,470.52
TR-039384,2025-09-06,Dry Van,1251.61,True,1259.01,1264.43,1214.97,1314.26
TR-039385,2025-09-06,Dry Van,798.99,True,798.17,784.15,766.41,797.82
TR-039386,2025-09-06,Dry Van,1537.76,True,1483.76,1475.76,1429.84,1466.44
TR-039387,2025-09-06,Reefer,1718.98,True,1706.32,1718.02,1638.52,1739.47
TR-039388,2025-09-06,Reefer,1168.83,True,1178.76,1235.52,1129.86,1159.76
TR-039389,2025-09-06,Dry Van,1276.72,True,1302.16,1271.47,1256.57,1305.25
TR-039390,2025-09-06,Dry Van,1934.18,True,1946.08,1918.82,1878.5,1968.75
TR-039391,2025-09-06,Reefer,5635.6,True,5641.83,5553.81,5400.81,5471.63
TR-039392,2025-09-06,Dry Van,3236.78,True,3250.94,3209.65,3151.63,3255.54
TR-039393,2025-09-06,Dry Van,3619.2,True,3621.14,3562.82,3490.32,3577.44
TR-039394,2025-09-06,Dry Van,3929.2,True,3881.42,3878.36,3729.62,3863.23
TR-039395,2025-09-06,Dry Van,1680.95,True,1720.56,1701.75,1632.14,1665.65
TR-039396,2025-09-06,Reefer,3259.67,True,3229.07,3186.65,3124.35,3164.89
TR-039397,2025-09-06,Dry Van,1274.14,True,1267.47,1246.73,1225.43,1315.92
TR-039398,2025-09-06,Flatbed,2091.65,True,2067.56,2036.33,1998.58,2025.71
TR-039399,2025-09-06,Reefer,4500.84,True,4558.98,4459.22,4382.23,4577.4
TR-039400,2025-09-06,Flatbed,2187.86,True,2220.55,2155.69,2130.2,2207.86
TR-039401,2025-09-06,Reefer,2024.09,True,2021.67,2032.14,1950.95,2069.75
TR-039402,2025-09-06,Flatbed,2494.08,True,2493.04,2437.92,2428.94,2489.81
TR-039403,2025-09-06,Dry Van,823.14,True,798.57,795.58,769.28,786.22
TR-039404,2025-09-06,Dry Van,1519.16,True,1518.49,1501.3,1465.59,1522.6
TR-039405,2025-09-06,Dry Van,1095.6,True,1112.66,1093.51,1073.09,1134.62
TR-039406,2025-09-06,Flatbed,2834.89,True,2787.29,2817.87,2684.25,2797.73
TR-039407,2025-09-06,Dry Van,611.65,True,600.41,606.85,577.15,600.81
TR-039408,2025-09-06,Dry Van,904.38,True,903.64,877.07,874.91,905.0
TR-039409,2025-09-06,Flatbed,1940.13,True,1965.62,1941.95,1894.38,1983.87
TR-039410,2025-09-06,Reefer,1397.51,True,1361.14,1349.77,1301.36,1372.13
TR-039411,2025-09-06,Reefer,1946.57,True,1930.99,1921.49,1867.15,1942.23
TR-039412,2025-09-07,Reefer,1472.84,True,1491.48,1505.54,1440.21,1508.55
TR-039413,2025-09-07,Flatbed,2260.94,True,2242.32,2204.31,2149.73,2248.76
TR-039414,2025-09-07,Flatbed,4649.91,True,4644.07,4590.11,4471.92,4672.6
TR-039415,2025-09-07,Dry Van,3356.25,True,3320.43,3311.83,3180.64,3291.1
TR-039416,2025-09-07,Flatbed,3912.24,True,3801.06,3871.08,3656.61,3844.79
TR-039417,2025-09-07,Dry Van,3145.67,True,3149.17,3144.15,3010.59,3159.14
TR-039418,2025-09-07,Dry Van,1711.18,True,1729.35,1750.39,1647.65,1690.3
TR-039419,2025-09-07,Dry Van,1275.03,True,1269.43,1248.59,1219.07,1258.36
TR-039420,2025-09-07,Dry Van,346.53,True,353.33,354.87,339.0,344.81
TR-039421,2025-09-07,Dry Van,1610.93,True,1585.05,1591.68,1522.71,1594.58
TR-039422,2025-09-07,Dry Van,2137.02,True,2152.63,2145.64,2066.03,2081.77
TR-039423,2025-09-07,Dry Van,1913.01,True,1910.73,1885.41,1836.73,1930.34
TR-039424,2025-09-07,Dry Van,1530.06,True,1537.27,1502.06,1484.18,1568.46
TR-039425,2025-09-07,Dry Van,259.85,True,260.69,259.89,251.4,255.61
TR-039426,2025-09-07,Reefer,1239.05,True,1244.09,1252.17,1189.74,1238.2
TR-039427,2025-09-07,Reefer,6507.07,True,6497.41,6254.37,6246.49,6234.7
TR-039428,2025-09-07,Dry Van,4073.5,True,3986.52,3973.79,3831.63,3739.5
TR-039429,2025-09-07,Reefer,3438.62,True,3429.7,3412.35,3274.82,3436.28
TR-039430,2025-09-07,Flatbed,826.33,True,838.94,845.18,806.0,825.63
TR-039431,2025-09-07,Reefer,3170.07,True,3126.42,3081.77,3014.58,3078.58
TR-039432,2025-09-07,Dry Van,2023.51,True,2038.69,2062.49,1950.36,2018.71
TR-039433,2025-09-07,Reefer,2196.22,True,2193.8,2152.1,2110.9,2208.67
TR-039434,2025-09-07,Dry Van,5451.7,True,5456.01,5281.69,5235.14,5285.19
TR-039435,2025-09-07,Dry Van,1009.88,True,1020.37,1022.46,975.6,1009.59
TR-039436,2025-09-07,Dry Van,575.32,True,586.22,566.26,566.31,579.96
TR-039437,2025-09-07,Dry Van,3864.89,True,3941.63,3982.11,3785.08,3939.56
TR-039438,2025-09-07,Flatbed,2386.99,True,2447.83,2326.23,2339.68,2431.98
TR-039439,2025-09-07,Dry Van,7773.89,False,2657.64,2642.62,2549.74,2639.88
TR-039440,2025-09-07,Reefer,2518.56,True,2580.14,2550.13,2485.27,2648.55
TR-039441,2025-09-07,Dry Van,1471.93,True,1490.32,1491.97,1425.88,1518.94
TR-039442,2025-09-07,Dry Van,1040.31,True,1060.81,1026.46,1025.01,1025.75
TR-039443,2025-09-07,Reefer,4546.95,True,4620.34,4520.2,4413.12,4583.16
TR-039444,2025-09-07,Dry Van,1865.15,True,1921.74,1900.12,1852.21,1888.64
TR-039445,2025-09-07,Dry Van,5853.34,True,5806.41,5763.07,5554.62,5549.33
TR-039446,2025-09-07,Reefer,2738.53,True,2793.97,2741.07,2693.81,2822.68
TR-039447,2025-09-07,Dry Van,2411.71,True,2430.18,2421.93,2340.73,2411.68
TR-039448,2025-09-07,Dry Van,1384.37,True,1367.81,1331.92,1319.41,1357.49
TR-039449,2025-09-07,Reefer,1714.74,True,1705.24,1719.4,1629.69,1707.2
TR-039450,2025-09-07,Dry Van,1172.76,True,1174.41,1187.23,1130.85,1195.07
TR-039451,2025-09-07,Flatbed,829.69,True,821.76,805.26,793.17,812.24
TR-039452,2025-09-07,Flatbed,2345.65,True,2369.72,2296.97,2281.54,2334.48
TR-039453,2025-09-07,Reefer,4680.61,True,4671.86,4640.93,4485.47,4661.83
TR-039454,2025-09-07,Dry Van,1312.28,True,1298.76,1278.58,1244.42,1292.67
TR-039455,2025-09-07,Reefer,3535.13,True,3602.13,3527.37,3456.43,3639.45
TR-039456,2025-09-07,Reefer,2159.99,True,2158.34,2161.07,2068.32,2154.47
TR-039457,2025-09-07,Dry Van,1007.21,True,1010.3,997.09,970.94,955.68
TR-039458,2025-09-07,Reefer,5895.32,True,6006.48,5853.88,5779.14,5796.97
TR-039459,2025-09-07,Dry Van,1375.54,True,1346.67,1327.69,1293.7,1350.49
TR-039460,2025-09-07,Dry Van,10528.39,False,4076.64,4073.67,3916.43,4077.03
TR-039461,2025-09-07,Dry Van,1606.52,True,1593.19,1583.37,1533.58,1587.43
TR-039462,2025-09-07,Dry Van,2156.76,True,2215.04,2187.92,2126.05,2186.26
TR-039463,2025-09-07,Flatbed,1607.8,True,1600.43,1583.79,1536.74,1600.53
TR-039464,2025-09-07,Dry Van,879.23,True,899.99,892.23,861.11,880.25
TR-039465,2025-09-07,Flatbed,3696.98,True,3757.11,3823.09,3635.13,3721.03
TR-039466,2025-09-07,Dry Van,1221.65,True,1215.02,1211.98,1169.93,1232.76
TR-039467,2025-09-07,Dry Van,1670.68,True,1697.4,1665.99,1620.64,1695.55
TR-039468,2025-09-07,Reefer,2493.04,True,2470.4,2444.94,2363.87,2398.28
TR-039469,2025-09-07,Dry Van,1001.46,True,982.31,975.79,947.72,935.15
TR-039470,2025-09-07,Flatbed,2768.33,True,2815.09,2767.05,2711.31,2813.0
TR-039471,2025-09-07,Dry Van,3948.28,True,3991.92,3964.35,3834.26,3868.4
TR-039472,2025-09-07,Dry Van,799.58,True,820.97,823.18,787.77,825.17
TR-039473,2025-09-07,Flatbed,4030.59,True,4049.1,4027.15,3883.06,4046.73
TR-039474,2025-09-07,Dry Van,1098.18,True,1104.83,1108.34,1062.0,1100.57
TR-039475,2025-09-07,Reefer,1158.69,True,1163.72,1225.75,1113.14,1123.98
TR-039476,2025-09-07,Dry Van,3359.77,True,3393.33,3401.8,3252.41,3386.94
TR-039477,2025-09-07,Flatbed,1643.12,True,1645.6,1614.15,1581.4,1683.46
TR-039478,2025-09-07,Reefer,3729.06,True,3679.9,3672.13,3539.21,3649.32
TR-039479,2025-09-07,Dry Van,3395.52,True,3412.2,3431.29,3271.36,3313.91
TR-039480,2025-09-07,Reefer,8354.94,False,1814.23,1798.88,1742.87,1842.06
TR-039481,2025-09-07,Reefer,1166.12,True,1131.92,1185.04,1088.93,1095.36
TR-039482,2025-09-07,Dry Van,3297.59,True,3239.5,3212.21,3111.06,3194.6
TR-039483,2025-09-07,Flatbed,1215.34,True,1230.78,1202.63,1175.93,1219.12
TR-039484,2025-09-07,Dry Van,4191.0,True,4195.67,4138.54,4034.56,4213.63
TR-039485,2025-09-07,Dry Van,1413.69,True,1358.79,1364.76,1309.14,1341.64
TR-039486,2025-09-07,Dry Van,2152.77,True,2118.95,2094.58,2059.8,2086.0
TR-039487,2025-09-07,Reefer,343.33,True,346.29,341.63,331.99,330.9
TR-039488,2025-09-07,Reefer,820.83,True,823.14,814.46,799.04,811.72
TR-039489,2025-09-07,Reefer,2721.38,True,2697.13,2636.46,2579.89,2712.57
TR-039490,2025-09-07,Dry Van,858.77,True,868.38,846.8,830.81,855.91
TR-039491,2025-09-07,Flatbed,6095.83,True,6172.51,5902.74,5923.53,5917.78
TR-039492,2025-09-07,Dry Van,2285.94,True,2300.75,2267.23,2233.89,2306.32
TR-039493,2025-09-07,Reefer,1089.0,True,1107.91,1115.11,1066.13,1106.69
TR-039494,2025-09-07,Dry Van,1203.48,True,1209.54,1185.78,1156.17,1239.31
TR-039495,2025-09-07,Dry Van,921.46,True,933.06,910.38,896.14,906.97
TR-039496,2025-09-07,Flatbed,4839.21,True,4794.34,4731.59,4619.44,4815.52
TR-039497,2025-09-07,Dry Van,5064.37,True,5084.08,5032.83,4883.76,4941.86
TR-039498,2025-09-07,Reefer,2760.21,True,2723.27,2755.9,2598.18,2670.82
TR-039499,2025-09-07,Reefer,4159.52,True,4157.53,4109.19,4024.71,4161.15
TR-039500,2025-09-07,Dry Van,1480.7,True,1492.22,1478.37,1431.08,1469.61
TR-039501,2025-09-07,Reefer,3547.97,True,3475.99,3402.3,3364.43,3423.22
TR-039502,2025-09-07,Dry Van,4401.81,True,4421.3,4458.76,4232.28,4369.33
TR-039503,2025-09-07,Dry Van,3708.8,True,3751.14,3695.24,3632.02,3635.8
TR-039504,2025-09-07,Dry Van,2099.69,True,2103.76,2122.51,2009.37,2107.04
TR-039505,2025-09-07,Dry Van,2482.71,True,2493.44,2528.86,2390.97,2457.75
TR-039506,2025-09-07,Dry Van,3321.61,True,3283.46,3237.3,3144.23,3254.36
TR-039507,2025-09-07,Dry Van,2144.55,True,2142.7,2148.8,2057.32,2123.34
TR-039508,2025-09-07,Reefer,1894.1,True,1913.18,1909.57,1841.14,1910.17
TR-039509,2025-09-07,Reefer,1717.44,True,1756.71,1746.26,1688.53,1781.45
TR-039510,2025-09-07,Dry Van,1262.04,True,1296.48,1273.47,1250.43,1275.45
TR-039511,2025-09-07,Reefer,1674.09,True,1710.3,1687.47,1639.2,1748.14
TR-039512,2025-09-07,Reefer,4191.96,True,4222.1,4131.21,4074.9,4187.74
TR-039513,2025-09-07,Reefer,2461.67,True,2442.33,2395.26,2317.8,2409.73
TR-039514,2025-09-07,Flatbed,3509.58,False,1373.01,1362.3,1326.55,1348.14
TR-039515,2025-09-07,Reefer,2129.99,True,2110.03,2081.37,2031.87,2110.97
TR-039516,2025-09-07,Dry Van,2738.76,True,2742.1,2703.03,2641.14,2684.89
TR-039517,2025-09-07,Dry Van,1305.73,True,1316.98,1287.72,1268.52,1334.63
TR-039518,2025-09-07,Dry Van,491.43,True,480.9,468.78,462.74,471.27
TR-039519,2025-09-07,Reefer,869.11,True,865.98,832.76,828.08,849.86
TR-039520,2025-09-07,Reefer,1721.63,True,1724.02,1687.12,1656.87,1729.94
TR-039521,2025-09-07,Reefer,3966.54,True,3992.65,3911.13,3797.69,3975.6
TR-039522,2025-09-07,Flatbed,1171.48,True,1180.83,1176.9,1132.58,1139.94
TR-039523,2025-09-07,Flatbed,1922.81,True,1882.17,1875.65,1808.59,1876.06
TR-039524,2025-09-07,Dry Van,2341.29,True,2383.76,2412.45,2302.03,2359.85
TR-039525,2025-09-07,Reefer,2751.76,True,2786.62,2708.75,2663.84,2787.17
TR-039526,2025-09-07,Reefer,4251.85,True,4260.97,4173.77,4111.57,4190.73
TR-039527,2025-09-07,Reefer,4103.62,True,4116.1,4125.9,3934.25,3992.9
TR-039528,2025-09-07,Dry Van,352.04,True,355.21,367.93,343.07,340.03
TR-039529,2025-09-07,Reefer,4337.4,True,4490.24,4499.66,4304.81,4501.08
TR-039530,2025-09-07,Dry Van,1205.49,True,1214.51,1191.94,1169.78,1238.48
TR-039531,2025-09-07,Flatbed,2005.36,True,1997.27,1971.07,1918.08,1986.67
TR-039532,2025-09-07,Dry Van,1652.64,True,1680.11,1673.31,1608.28,1692.83
TR-039533,2025-09-07,Dry Van,3379.91,True,3344.28,3312.2,3211.32,3364.21
TR-039534,2025-09-07,Reefer,3821.57,True,3839.31,3791.9,3688.09,3706.95
TR-039535,2025-09-07,Flatbed,1529.04,True,1522.15,1480.72,1462.82,1524.88
TR-039536,2025-09-07,Dry Van,1693.03,True,1718.32,1700.82,1648.13,1724.79
TR-039537,2025-09-07,Dry Van,3646.69,True,3675.71,3614.07,3539.84,3648.59
TR-039538,2025-09-07,Dry Van,4841.75,True,4861.23,4768.88,4679.42,4823.03
TR-039539,2025-09-07,Flatbed,1130.84,True,1118.44,1116.42,1072.5,1095.4
TR-039540,2025-09-07,Reefer,2359.22,True,2401.21,2371.39,2309.94,2347.95
TR-039541,2025-09-07,Dry Van,2047.67,True,2019.08,2021.3,1938.69,1959.59
TR-039542,2025-09-07,Dry Van,1014.08,True,1016.65,993.84,980.17,1038.19
TR-039543,2025-09-07,Flatbed,4740.83,True,4773.86,4723.32,4603.09,4638.62
TR-039544,2025-09-07,Flatbed,2396.78,True,2423.86,2358.11,2332.74,2438.29
TR-039545,2025-09-07,Dry Van,646.25,True,666.26,659.39,638.49,646.07
TR-039546,2025-09-07,Flatbed,1477.09,False,3780.62,3733.07,3621.34,3768.64
TR-039547,2025-09-07,Dry Van,971.37,True,983.44,970.87,942.0,1000.74
TR-039548,2025-09-07,Reefer,1157.04,True,1163.55,1140.68,1125.7,1182.2
TR-039549,2025-09-07,Reefer,2065.89,True,2047.45,2042.86,1961.85,1992.57
TR-039550,2025-09-07,Dry Van,3716.51,True,3658.66,3618.61,3524.27,3573.21
TR-039551,2025-09-07,Dry Van,2890.69,True,2901.87,2907.22,2782.08,2889.13
TR-039552,2025-09-07,Dry Van,1114.15,True,1117.27,1118.19,1068.79,1114.66
TR-039553,2025-09-07,Reefer,1465.64,True,1434.97,1453.54,1372.58,1419.03
TR-039554,2025-09-07,Dry Van,2266.5,True,2215.48,2218.66,2143.07,2228.04
TR-039555,2025-09-07,Flatbed,1482.34,True,1515.03,1486.53,1455.32,1510.45
TR-039556,2025-09-07,Flatbed,1209.0,True,1233.26,1198.23,1187.26,1228.23
TR-039557,2025-09-07,Dry Van,3641.16,True,3620.72,3602.84,3503.39,3515.83
TR-039558,2025-09-07,Flatbed,499.9,True,498.1,506.83,479.97,481.03
TR-039559,2025-09-07,Dry Van,198.16,False,830.2,819.89,795.7,811.9
TR-039560,2025-09-07,Flatbed,1136.33,True,1132.3,1128.91,1087.25,1127.93
TR-039561,2025-09-07,Flatbed,1211.34,True,1199.71,1170.75,1153.02,1185.41
TR-039562,2025-09-07,Dry Van,4067.4,True,4111.14,4114.72,3961.87,4155.67
TR-039563,2025-09-07,Dry Van,1334.81,True,1344.56,1312.37,1295.92,1353.91
TR-039564,2025-09-07,Flatbed,2365.18,True,2385.26,2364.98,2294.58,2364.18
TR-039565,2025-09-07,Flatbed,664.79,True,675.39,658.65,645.7,667.96
TR-039566,2025-09-07,Dry Van,3399.59,True,3421.03,3410.8,3274.76,3345.39
TR-039567,2025-09-07,Dry Van,905.5,True,899.12,884.01,859.45,887.73
TR-039568,2025-09-07,Reefer,2122.6,True,2107.63,2112.89,2018.88,2038.28
TR-039569,2025-09-07,Dry Van,3813.01,True,3833.18,3914.18,3682.69,3774.64
TR-039570,2025-09-07,Dry Van,3183.5,True,3118.35,3108.46,3014.89,3160.34
TR-039571,2025-09-07,Dry Van,2124.08,True,2147.62,2121.65,2057.25,2110.03
TR-039572,2025-09-08,Flatbed,1258.26,True,1272.89,1234.06,1212.53,1263.11
TR-039573,2025-09-08,Dry Van,1832.43,True,1789.86,1756.17,1715.88,1807.76
TR-039574,2025-09-08,Dry Van,2684.71,True,2705.97,2656.49,2585.44,2654.94
TR-039575,2025-09-08,Dry Van,1779.91,True,1783.87,1751.15,1710.44,1801.19
TR-039576,2025-09-08,Dry Van,1643.21,True,1688.71,1639.03,1623.92,1725.89
TR-039577,2025-09-08,Dry Van,1308.17,True,1321.67,1313.55,1257.99,1300.02
TR-039578,2025-09-08,Dry Van,1834.7,True,1834.34,1828.54,1761.83,1856.09
TR-039579,2025-09-08,Dry Van,1106.89,True,1095.96,1093.17,1049.26,1077.25
TR-039580,2025-09-08,Dry Van,4308.44,True,4411.97,4373.91,4222.89,4422.98
TR-039581,2025-09-08,Dry Van,1659.41,True,1637.36,1611.05,1572.09,1655.28
TR-039582,2025-09-08,Dry Van,1010.14,True,1015.24,1004.13,971.01,1030.16
TR-039583,2025-09-08,Reefer,2052.54,True,2080.33,2033.23,1986.78,2019.12
TR-039584,2025-09-08,Flatbed,664.46,True,659.85,654.33,635.86,635.79
TR-039585,2025-09-08,Flatbed,4409.01,True,4396.07,4407.92,4200.3,4429.1
TR-039586,2025-09-08,Reefer,1144.42,True,1144.15,1123.09,1093.3,1162.06
TR-039587,2025-09-08,Reefer,2062.26,True,2059.19,2037.29,1994.39,2044.43
TR-039588,2025-09-08,Reefer,2791.08,True,2795.39,2776.53,2681.96,2807.96
TR-039589,2025-09-08,Dry Van,1374.41,True,1376.54,1357.48,1322.1,1368.34
TR-039590,2025-09-08,Reefer,3729.88,True,3761.32,3710.48,3596.37,3677.19
TR-039591,2025-09-08,Dry Van,1611.62,True,1612.77,1611.01,1561.2,1605.61
TR-039592,2025-09-08,Dry Van,4852.21,True,4905.9,4771.94,4716.6,4811.11
TR-039593,2025-09-08,Dry Van,1714.23,True,1712.95,1708.03,1641.13,1697.38
TR-039594,2025-09-08,Dry Van,1990.99,True,1988.35,1984.04,1914.08,1985.13
TR-039595,2025-09-08,Dry Van,1764.95,True,1747.65,1737.0,1669.62,1778.67
TR-039596,2025-09-08,Dry Van,1322.52,True,1347.95,1337.9,1288.91,1363.49
TR-039597,2025-09-08,Dry Van,4247.79,True,4164.13,4107.52,3984.56,4074.32
TR-039598,2025-09-08,Dry Van,1340.5,True,1334.87,1331.63,1285.38,1310.81
TR-039599,2025-09-08,Reefer,5620.89,True,5758.51,5652.71,5552.26,5618.11
TR-039600,2025-09-08,Dry Van,1717.38,True,1723.83,1719.88,1660.54,1684.6
TR-039601,2025-09-08,Flatbed,3365.65,True,3351.57,3319.33,3215.02,3302.44
TR-039602,2025-09-08,Dry Van,556.94,True,558.9,545.46,541.15,545.81
TR-039603,2025-09-08,Dry Van,1058.37,True,1067.9,1046.88,1026.88,1070.58
TR-039604,2025-09-08,Flatbed,3903.03,True,3976.77,3927.12,3815.13,3981.61
TR-039605,2025-09-08,Reefer,2014.63,True,1972.59,1967.89,1899.93,1994.69
TR-039606,2025-09-08,Flatbed,1999.43,True,1972.37,1981.53,1894.41,1977.88
TR-039607,2025-09-08,Reefer,1801.21,True,1780.91,1831.89,1703.65,1778.95
TR-039608,2025-09-08,Reefer,4431.09,True,4421.97,4358.08,4253.43,4397.64
TR-039609,2025-09-08,Dry Van,3905.77,True,3870.66,3847.14,3740.52,3730.31
TR-039610,2025-09-08,Dry Van,809.6,True,816.95,817.6,787.15,797.73
TR-039611,2025-09-08,Dry Van,1872.88,True,1930.59,1890.92,1847.38,1917.56
TR-039612,2025-09-08,Dry Van,2021.98,False,723.7,728.88,697.59,711.31
TR-039613,2025-09-08,Dry Van,4791.87,True,4831.82,4639.04,4654.14,4873.9
TR-039614,2025-09-08,Reefer,4200.31,True,4190.93,4160.37,4043.36,4237.2
TR-039615,2025-09-08,Dry Van,1667.08,True,1680.29,1642.59,1613.77,1685.86
TR-039616,2025-09-08,Reefer,2948.72,True,2985.7,2952.46,2885.21,2936.12
TR-039617,2025-09-08,Dry Van,2027.06,True,1987.29,1997.92,1918.27,1971.6
TR-039618,2025-09-08,Flatbed,2292.08,True,2261.54,2212.24,2166.36,2241.93
TR-039619,2025-09-08,Flatbed,1387.72,True,1363.42,1341.02,1307.25,1408.68
TR-039620,2025-09-08,Reefer,1751.27,True,1728.5,1711.4,1645.62,1727.61
TR-039621,2025-09-08,Reefer,2850.46,True,2823.17,2799.1,2720.2,2830.84
TR-039622,2025-09-08,Dry Van,573.2,True,566.28,552.0,545.58,554.92
TR-039623,2025-09-08,Dry Van,1357.84,True,1364.17,1329.94,1306.96,1368.97
TR-039624,2025-09-08,Reefer,2689.88,True,2686.08,2600.18,2583.28,2693.58
TR-039625,2025-09-08,Dry Van,2836.8,True,2872.54,2880.16,2742.53,2811.27
TR-039626,2025-09-08,Reefer,1854.62,True,1873.27,1859.63,1787.3,1896.28
TR-039627,2025-09-08,Flatbed,2213.5,True,2246.38,2201.81,2151.12,2169.4
TR-039628,2025-09-08,Dry Van,2589.09,True,2749.01,2786.47,2635.58,2672.79
TR-039629,2025-09-08,Reefer,1942.25,True,1971.98,1970.76,1882.7,2025.76
TR-039630,2025-09-08,Flatbed,3568.34,True,3557.4,3452.91,3455.93,3571.71
TR-039631,2025-09-08,Dry Van,767.26,True,759.34,747.21,731.26,750.22
TR-039632,2025-09-08,Dry Van,1623.8,True,1603.13,1571.35,1543.29,1584.69
TR-039633,2025-09-08,Flatbed,2904.7,True,2884.17,2832.33,2799.65,2899.12
TR-039634,2025-09-08,Reefer,1282.29,True,1292.54,1271.66,1237.37,1284.2
TR-039635,2025-09-08,Dry Van,1670.61,True,1685.27,1663.71,1625.66,1714.57
TR-039636,2025-09-08,Dry Van,2446.14,True,2438.21,2423.7,2343.94,2412.39
TR-039637,2025-09-08,Dry Van,3952.07,True,3999.84,3980.61,3821.77,4096.97
TR-039638,2025-09-08,Flatbed,1746.0,True,1776.85,1747.81,1696.83,1796.0
TR-039639,2025-09-08,Reefer,2833.34,True,2776.96,2786.83,2648.73,2795.24
TR-039640,2025-09-08,Dry Van,1984.86,True,1986.78,1962.12,1919.32,1998.14
TR-039641,2025-09-08,Flatbed,3964.88,True,4116.79,4032.09,3964.22,4092.52
TR-039642,2025-09-08,Dry Van,896.28,True,886.08,875.46,848.79,903.93
TR-039643,2025-09-08,Reefer,4288.2,True,4325.7,4340.5,4133.02,4193.89
TR-039644,2025-09-08,Reefer,1008.41,True,1011.68,990.92,974.24,1040.65
TR-039645,2025-09-08,Flatbed,3975.86,True,3970.21,3921.27,3813.7,3865.73
TR-039646,2025-09-08,Dry Van,5396.01,True,5357.43,5330.65,5137.21,5235.3
TR-039647,2025-09-08,Dry Van,5007.64,True,4896.78,4911.65,4703.39,4902.99
TR-039648,2025-09-08,Dry Van,2653.14,True,2626.99,2615.84,2496.25,2603.16
TR-039649,2025-09-08,Reefer,2458.79,True,2537.29,2459.25,2416.03,2532.96
TR-039650,2025-09-08,Reefer,579.86,True,579.48,603.26,555.83,563.04
TR-039651,2025-09-08,Dry Van,3207.95,True,3154.84,3138.76,3039.33,3148.42
TR-039652,2025-09-08,Flatbed,1140.47,True,1116.56,1122.38,1081.99,1108.9
TR-039653,2025-09-08,Dry Van,936.17,True,932.07,926.83,892.29,930.59
TR-039654,2025-09-08,Flatbed,3444.93,True,3410.96,3325.64,3250.44,3358.94
TR-039655,2025-09-08,Dry Van,846.27,True,861.97,846.22,827.0,845.24
TR-039656,2025-09-08,Dry Van,1039.33,False,3427.5,3467.6,3279.11,3427.39
TR-039657,2025-09-08,Reefer,3077.83,True,3128.28,3091.31,2988.43,3124.98
TR-039658,2025-09-08,Dry Van,1366.54,True,1379.73,1346.28,1314.06,1364.07
TR-039659,2025-09-08,Dry Van,1341.67,True,1351.8,1327.0,1310.72,1375.06
TR-039660,2025-09-08,Dry Van,819.55,True,835.54,839.14,809.75,815.87
TR-039661,2025-09-08,Dry Van,801.7,True,800.55,798.58,772.06,766.97
TR-039662,2025-09-08,Dry Van,1574.89,True,1590.57,1578.25,1523.61,1596.31
TR-039663,2025-09-08,Reefer,1580.81,True,1574.17,1547.67,1517.79,1604.12
TR-039664,2025-09-08,Dry Van,895.55,True,867.38,871.17,834.75,851.9
TR-039665,2025-09-08,Flatbed,810.22,True,806.73,792.11,776.06,800.07
TR-039666,2025-09-08,Dry Van,5216.82,True,5261.64,5163.73,5049.74,5272.02
TR-039667,2025-09-08,Dry Van,3482.9,True,3452.42,3392.54,3319.61,3483.6
TR-039668,2025-09-08,Dry Van,2322.91,True,2275.63,2311.27,2179.98,2249.94
TR-039669,2025-09-08,Flatbed,3360.0,True,3390.0,3320.6,3261.81,3396.53
TR-039670,2025-09-08,Reefer,599.52,True,585.45,620.05,558.78,556.94
TR-039671,2025-09-08,Flatbed,2524.95,True,2463.78,2436.4,2354.65,2446.14
TR-039672,2025-09-08,Dry Van,996.28,True,1000.1,1006.83,959.6,957.5
TR-039673,2025-09-08,Reefer,2615.19,True,2606.26,2582.04,2498.25,2595.88
TR-039674,2025-09-08,Dry Van,4876.72,True,4860.96,4863.57,4650.7,4708.15
TR-039675,2025-09-08,Reefer,1123.76,True,1126.14,1114.18,1088.57,1143.15
TR-039676,2025-09-08,Reefer,2486.05,True,2482.42,2442.82,2392.53,2477.74
TR-039677,2025-09-08,Flatbed,758.12,False,1935.47,1869.04,1866.41,1902.72
TR-039678,2025-09-08,Flatbed,402.44,True,403.05,416.19,390.14,392.12
TR-039679,2025-09-08,Dry Van,2950.34,True,2852.21,2813.68,2730.44,2814.41
TR-039680,2025-09-08,Reefer,514.24,True,532.95,534.84,508.04,514.33
TR-039681,2025-09-08,Flatbed,381.97,True,373.26,383.76,359.58,355.3
TR-039682,2025-09-08,Dry Van,997.23,True,1008.18,990.57,968.96,1025.08
TR-039683,2025-09-08,Dry Van,2412.98,True,2467.4,2471.03,2397.43,2448.48
TR-039684,2025-09-08,Reefer,833.53,True,834.56,825.97,798.0,837.36
TR-039685,2025-09-08,Dry Van,1871.96,True,1874.48,1826.23,1803.81,1832.8
TR-039686,2025-09-08,Dry Van,1062.85,True,1060.12,1055.32,1019.28,1046.24
TR-039687,2025-09-08,Reefer,4653.73,True,4590.99,4540.27,4410.35,4590.85
TR-039688,2025-09-08,Flatbed,1095.41,True,1122.04,1094.09,1077.67,1107.56
TR-039689,2025-09-08,Dry Van,2891.35,True,2915.33,2913.62,2793.87,2901.59
TR-039690,2025-09-08,Flatbed,3059.64,True,3207.25,3183.09,3067.04,3191.39
TR-039691,2025-09-08,Dry Van,2568.75,True,2562.41,2502.2,2473.84,2550.78
TR-039692,2025-09-08,Reefer,3891.56,True,3946.35,3962.26,3775.39,3937.3
TR-039693,2025-09-08,Flatbed,1641.31,True,1650.91,1670.94,1579.13,1660.56
TR-039694,2025-09-08,Flatbed,1132.92,True,1126.74,1122.7,1078.68,1123.94
TR-039695,2025-09-08,Dry Van,2132.59,True,2179.39,2176.84,2090.86,2168.95
TR-039696,2025-09-08,Dry Van,2650.23,True,2720.3,2658.29,2617.74,2678.32
TR-039697,2025-09-08,Reefer,1138.21,True,1167.33,1158.7,1117.31,1158.78
TR-039698,2025-09-08,Dry Van,1704.6,True,1696.23,1696.47,1628.8,1663.47
TR-039699,2025-09-08,Flatbed,3238.85,True,3292.47,3254.67,3142.01,3299.66
TR-039700,2025-09-08,Dry Van,1688.91,True,1690.33,1650.62,1626.26,1708.59
TR-039701,2025-09-08,Dry Van,1946.66,True,1942.76,1911.65,1870.93,1938.54
TR-039702,2025-09-08,Reefer,1786.14,True,1740.22,1781.71,1670.22,1737.68
TR-039703,2025-09-08,Dry Van,3806.95,True,3830.41,3757.33,3687.93,3787.12
TR-039704,2025-09-08,Flatbed,4380.38,True,4418.11,4338.18,4230.09,4275.86
TR-039705,2025-09-08,Dry Van,2149.63,True,2182.11,2193.05,2090.89,2172.78
TR-039706,2025-09-08,Dry Van,2873.29,True,2839.52,2805.18,2709.95,2815.71
TR-039707,2025-09-08,Reefer,4481.33,True,4546.66,4540.67,4408.92,4488.07
TR-039708,2025-09-08,Flatbed,765.21,True,762.87,760.47,735.38,756.11
TR-039709,2025-09-08,Dry Van,1949.17,True,1989.72,1981.64,1914.86,1982.34
TR-039710,2025-09-08,Flatbed,3869.27,True,3912.05,3901.99,3760.29,3933.03
TR-039711,2025-09-08,Reefer,5057.26,True,4961.74,4937.13,4763.04,5001.87
TR-039712,2025-09-08,Dry Van,1532.53,True,1527.43,1517.57,1465.59,1563.69
TR-039713,2025-09-08,Flatbed,1015.6,True,1005.04,947.99,963.64,1021.78
TR-039714,2025-09-08,Reefer,2156.21,True,2225.88,2216.54,2141.98,2229.22
TR-039715,2025-09-08,Dry Van,4022.03,True,4051.16,4077.47,3878.99,4014.96
TR-039716,2025-09-08,Reefer,6853.93,True,6800.63,6516.36,6533.28,6461.35
TR-039717,2025-09-08,Flatbed,4327.24,True,4419.66,4439.95,4235.86,4389.12
TR-039718,2025-09-08,Reefer,1861.62,True,1810.14,1785.43,1741.78,1804.96
TR-039719,2025-09-08,Dry Van,771.61,True,756.21,753.61,724.3,719.75
TR-039720,2025-09-08,Flatbed,1803.52,True,1814.4,1808.1,1738.18,1776.3
TR-039721,2025-09-08,Dry Van,4459.47,True,4489.51,4483.38,4281.37,4499.42
TR-039722,2025-09-08,Reefer,3829.72,True,3805.31,3758.16,3698.38,3882.58
TR-039723,2025-09-08,Dry Van,288.59,True,291.74,283.23,281.09,277.01
TR-039724,2025-09-08,Dry Van,1997.43,True,1980.35,1963.04,1898.68,1922.34
TR-039725,2025-09-08,Dry Van,1357.32,True,1370.37,1327.37,1312.32,1368.0
TR-039726,2025-09-08,Dry Van,2560.61,True,2566.62,2537.34,2445.42,2537.77
TR-039727,2025-09-08,Reefer,1210.84,True,1210.39,1186.61,1172.05,1223.2
TR-039728,2025-09-08,Reefer,4652.33,True,4806.55,4780.7,4601.9,4774.01
TR-039729,2025-09-08,Dry Van,1475.59,True,1491.38,1509.27,1431.19,1490.04
TR-039730,2025-09-08,Flatbed,536.68,True,538.78,534.63,519.02,523.38
TR-039731,2025-09-08,Flatbed,1455.89,True,1503.3,1491.57,1443.53,1492.2
TR-039732,2025-09-08,Reefer,1140.25,True,1138.31,1106.86,1098.07,1130.99
TR-039733,2025-09-08,Dry Van,1431.89,True,1453.05,1424.8,1391.17,1439.66
TR-039734,2025-09-08,Dry Van,1824.25,True,1844.29,1847.2,1772.35,1838.2
TR-039735,2025-09-09,Dry Van,2646.9,True,2612.9,2567.72,2518.34,2630.38
TR-039736,2025-09-09,Dry Van,3419.98,True,3359.05,3289.54,3246.68,3375.87
TR-039737,2025-09-09,Dry Van,4409.54,True,4452.48,4447.14,4280.73,4459.75
TR-039738,2025-09-09,Dry Van,3293.99,True,3275.72,3276.29,3153.71,3242.5
TR-039739,2025-09-09,Dry Van,3756.14,True,3773.15,3790.27,3657.25,3776.47
TR-039740,2025-09-09,Reefer,736.62,True,749.45,747.08,721.47,724.97
TR-039741,2025-09-09,Reefer,1736.13,True,1721.79,1674.81,1650.59,1735.91
TR-039742,2025-09-09,Flatbed,2129.31,True,2092.53,2075.64,2014.08,2081.95
TR-039743,2025-09-09,Dry Van,798.6,True,799.15,784.64,769.15,805.04
TR-039744,2025-09-09,Dry Van,2937.98,True,2978.33,2976.27,2870.29,2940.59
TR-039745,2025-09-09,Dry Van,3102.39,True,3156.38,3170.87,3008.22,3203.15
TR-039746,2025-09-09,Dry Van,841.5,True,849.85,834.11,816.04,860.7
TR-039747,2025-09-09,Dry Van,4439.53,True,4415.97,4435.43,4258.0,4348.46
TR-039748,2025-09-09,Reefer,4346.79,True,4318.32,4224.48,4164.25,4359.89
TR-039749,2025-09-09,Dry Van,741.53,True,736.31,734.29,704.31,703.08
TR-039750,2025-09-09,Dry Van,1441.03,True,1443.95,1433.09,1392.65,1469.14
TR-039751,2025-09-09,Reefer,5273.19,True,5372.13,5228.96,5164.08,5246.49
TR-039752,2025-09-09,Dry Van,2324.44,True,2275.89,2286.21,2196.13,2287.59
TR-039753,2025-09-09,Reefer,2011.22,True,2017.43,1997.11,1944.28,2043.4
TR-039754,2025-09-09,Dry Van,2411.65,True,2400.64,2427.87,2325.55,2399.08
TR-039755,2025-09-09,Reefer,3101.74,True,3098.0,3058.31,2978.02,3055.67
TR-039756,2025-09-09,Dry Van,1843.06,True,1869.25,1776.99,1808.13,1861.41
TR-039757,2025-09-09,Flatbed,758.22,True,749.0,745.7,719.44,729.01
TR-039758,2025-09-09,Reefer,2375.16,True,2401.16,2337.56,2321.89,2437.82
TR-039759,2025-09-09,Reefer,1248.98,True,1237.45,1230.16,1194.9,1249.07
TR-039760,2025-09-09,Reefer,1877.24,True,1907.62,1870.4,1835.28,1922.27
TR-039761,2025-09-09,Dry Van,3194.83,True,3249.17,3238.02,3122.14,3206.81
TR-039762,2025-09-09,Dry Van,3115.19,True,3163.7,3143.6,3047.19,3124.45
TR-039763,2025-09-09,Flatbed,1535.4,True,1532.05,1504.83,1470.77,1508.18
TR-039764,2025-09-09,Reefer,3986.13,True,4008.57,3968.7,3886.39,4077.5
TR-039765,2025-09-09,Reefer,4330.26,True,4368.05,4288.11,4173.5,4313.52
TR-039766,2025-09-09,Dry Van,1308.15,True,1307.24,1284.86,1256.44,1358.32
TR-039767,2025-09-09,Dry Van,805.56,True,812.12,796.66,786.29,793.64
TR-039768,2025-09-09,Flatbed,2185.16,True,2176.7,2108.13,2100.53,2156.8
TR-039769,2025-09-09,Dry Van,1068.62,True,1061.35,1018.98,1011.89,1082.48
TR-039770,2025-09-09,Reefer,2118.18,True,2143.62,2105.95,2065.04,2158.74
TR-039771,2025-09-09,Dry Van,1420.85,True,1410.51,1418.74,1367.44,1466.99
TR-039772,2025-09-09,Dry Van,1881.54,True,1871.69,1862.49,1800.36,1900.91
TR-039773,2025-09-09,Reefer,2523.52,True,2509.47,2424.22,2429.97,2478.5
TR-039774,2025-09-09,Dry Van,1079.58,True,1071.98,1046.23,1036.31,1092.68
TR-039775,2025-09-09,Reefer,476.49,True,475.02,471.39,461.61,471.11
TR-039776,2025-09-09,Reefer,1790.29,True,1801.43,1783.54,1749.85,1794.86
TR-039777,2025-09-09,Dry Van,3825.67,True,3773.68,3750.06,3642.76,3769.8
TR-039778,2025-09-09,Reefer,1168.88,True,1183.33,1192.88,1132.98,1181.41
TR-039779,2025-09-09,Dry Van,540.28,True,539.34,546.11,516.75,541.62
TR-039780,2025-09-09,Dry Van,4144.97,True,4149.29,4098.59,4017.69,4173.07
TR-039781,2025-09-09,Dry Van,3430.45,True,3380.08,3351.54,3273.22,3359.33
TR-039782,2025-09-09,Dry Van,1089.14,True,1087.61,1066.1,1055.78,1101.45
TR-039783,2025-09-09,Reefer,1496.16,True,1509.14,1505.35,1448.53,1527.37
TR-039784,2025-09-09,Dry Van,357.82,True,362.2,355.9,350.49,358.15
TR-039785,2025-09-09,Dry Van,776.5,False,3143.86,3153.46,3040.58,3132.51
TR-039786,2025-09-09,Dry Van,1563.27,True,1550.9,1549.9,1507.54,1589.07
TR-039787,2025-09-09,Reefer,235.09,True,229.05,245.69,223.44,218.65
TR-039788,2025-09-09,Reefer,1284.8,True,1250.64,1228.69,1201.73,1264.65
TR-039789,2025-09-09,Dry Van,1632.44,True,1614.63,1582.48,1554.99,1647.75
TR-039790,2025-09-09,Dry Van,4249.72,True,4248.17,4252.82,4092.27,4146.84
TR-039791,2025-09-09,Dry Van,734.9,True,738.82,725.66,712.92,728.55
TR-039792,2025-09-09,Dry Van,2122.27,True,2111.44,2073.4,2020.99,2110.89
TR-039793,2025-09-09,Dry Van,2356.26,True,2408.63,2381.09,2323.59,2440.45
TR-039794,2025-09-09,Flatbed,2940.91,True,2928.57,2856.8,2814.38,2921.87
TR-039795,2025-09-09,Dry Van,1697.13,True,1639.94,1628.8,1593.74,1672.38
TR-039796,2025-09-09,Dry Van,1153.23,True,1172.2,1140.37,1129.02,1195.03
TR-039797,2025-09-09,Flatbed,1760.2,True,1758.23,1727.45,1700.63,1803.22
TR-039798,2025-09-09,Dry Van,826.5,True,847.66,824.05,816.39,848.99
TR-039799,2025-09-09,Dry Van,522.73,True,515.51,512.06,496.66,502.32
TR-039800,2025-09-09,Dry Van,3088.51,True,3103.99,3093.92,2985.86,3080.96
TR-039801,2025-09-09,Dry Van,3918.45,True,3916.74,3827.47,3773.35,3877.61
TR-039802,2025-09-09,Reefer,1744.76,True,1798.9,1736.36,1748.77,1802.26
TR-039803,2025-09-09,Dry Van,3267.04,True,3231.44,3212.25,3108.92,3219.12
TR-039804,2025-09-09,Dry Van,955.94,True,965.62,944.53,935.47,982.6
TR-039805,2025-09-09,Flatbed,1145.81,True,1171.69,1147.79,1130.97,1210.83
TR-039806,2025-09-09,Dry Van,783.88,True,798.51,792.09,766.14,766.33
TR-039807,2025-09-09,Dry Van,2393.62,True,2386.64,2378.22,2293.19,2382.92
TR-039808,2025-09-09,Flatbed,5099.65,True,5050.27,4931.26,4850.41,5067.53
TR-039809,2025-09-09,Dry Van,3823.37,True,3899.9,3821.08,3767.57,3962.7
TR-039810,2025-09-09,Flatbed,714.31,True,701.98,727.28,675.91,685.86
TR-039811,2025-09-09,Dry Van,4718.05,True,4639.0,4669.75,4483.14,4743.26
TR-039812,2025-09-09,Dry Van,1832.35,True,1846.42,1794.9,1782.38,1857.34
TR-039813,2025-09-09,Reefer,5180.3,True,5174.83,5057.6,4997.75,5070.25
TR-039814,2025-09-09,Dry Van,299.01,True,295.08,300.1,284.52,296.58
TR-039815,2025-09-09,Dry Van,1361.79,True,1353.52,1348.46,1306.7,1371.18
TR-039816,2025-09-09,Reefer,2786.74,True,2789.46,2737.96,2698.13,2783.79
TR-039817,2025-09-09,Dry Van,4467.02,True,4415.13,4479.09,4250.68,4455.29
TR-039818,2025-09-09,Dry Van,3448.36,True,3432.83,3399.69,3306.75,3418.96
TR-039819,2025-09-09,Dry Van,2934.27,True,2986.26,2981.59,2882.36,3056.32
TR-039820,2025-09-09,Dry Van,1515.65,True,1492.81,1445.19,1440.97,1546.96
TR-039821,2025-09-09,Dry Van,3623.26,True,3603.47,3593.29,3502.97,3675.99
TR-039822,2025-09-09,Flatbed,772.57,True,763.41,752.19,739.74,753.96
TR-039823,2025-09-09,Reefer,1400.18,True,1437.7,1427.28,1399.67,1510.37
TR-039824,2025-09-09,Reefer,2645.92,True,2626.88,2554.7,2539.29,2630.47
TR-039825,2025-09-09,Flatbed,1751.61,True,1767.45,1725.83,1702.94,1803.04
TR-039826,2025-09-09,Dry Van,4606.47,True,4757.47,4621.2,4597.7,4732.83
TR-039827,2025-09-09,Reefer,3726.44,True,3788.44,3712.33,3664.37,3770.67
TR-039828,2025-09-09,Dry Van,1188.52,True,1186.93,1183.09,1145.22,1202.07
TR-039829,2025-09-09,Dry Van,1854.52,True,1845.18,1822.24,1780.11,1849.68
TR-039830,2025-09-09,Dry Van,1108.73,True,1120.17,1106.99,1080.2,1144.31
TR-039831,2025-09-09,Dry Van,3805.0,True,3914.83,3818.24,3794.96,3910.04
TR-039832,2025-09-09,Dry Van,1569.73,True,1558.03,1570.27,1510.52,1575.01
TR-039833,2025-09-09,Dry Van,474.35,True,477.24,459.8,460.28,456.1
TR-039834,2025-09-09,Flatbed,1865.49,True,1847.95,1797.71,1785.44,1846.99
TR-039835,2025-09-09,Reefer,827.22,True,849.57,857.27,818.46,820.36
TR-039836,2025-09-09,Reefer,4380.71,True,4471.9,4342.41,4313.5,4370.46
TR-039837,2025-09-09,Dry Van,770.35,True,770.02,767.75,746.65,743.82
TR-039838,2025-09-09,Dry Van,501.55,True,493.23,487.19,473.52,478.71
TR-039839,2025-09-09,Flatbed,494.72,True,493.9,501.17,477.0,468.65
TR-039840,2025-09-09,Dry Van,835.94,True,824.85,820.96,795.14,811.0
TR-039841,2025-09-09,Dry Van,1419.19,True,1428.3,1382.85,1377.87,1451.06
TR-039842,2025-09-09,Dry Van,2237.19,True,2234.07,2195.37,2144.23,2185.16
TR-039843,2025-09-09,Dry Van,3770.8,True,3854.88,3818.79,3726.25,3846.56
TR-039844,2025-09-09,Flatbed,2954.69,True,2939.21,2880.04,2840.23,2988.61
TR-039845,2025-09-09,Flatbed,5432.67,True,5286.38,5218.19,5103.91,5237.38
TR-039846,2025-09-09,Dry Van,2532.98,True,2506.09,2415.13,2422.32,2449.8
TR-039847,2025-09-09,Flatbed,3328.7,True,3376.42,3273.17,3257.11,3337.38
TR-039848,2025-09-09,Dry Van,1125.98,True,1132.36,1121.92,1096.55,1152.43
TR-039849,2025-09-09,Dry Van,3038.98,True,3039.91,2981.79,2947.56,3095.75
TR-039850,2025-09-09,Dry Van,4046.38,True,4145.47,4150.34,3991.63,4100.77
TR-039851,2025-09-09,Dry Van,1010.4,True,1016.75,1016.12,975.93,989.96
TR-039852,2025-09-09,Reefer,1766.85,True,1736.15,1761.33,1684.4,1730.51
TR-039853,2025-09-09,Reefer,1401.81,True,1423.05,1389.83,1377.73,1415.11
TR-039854,2025-09-09,Dry Van,1068.44,True,1088.54,1069.65,1043.88,1079.82
TR-039855,2025-09-09,Dry Van,2901.08,True,2862.24,2829.09,2757.92,2871.51
TR-039856,2025-09-09,Dry Van,1490.23,True,1512.46,1482.94,1454.02,1527.01
TR-039857,2025-09-09,Reefer,3120.02,True,3098.88,3016.69,2997.58,3142.98
TR-039858,2025-09-09,Dry Van,3082.78,True,3024.78,3045.14,2902.27,3058.07
TR-039859,2025-09-09,Reefer,1764.32,True,1750.35,1767.6,1685.56,1764.38
TR-039860,2025-09-09,Dry Van,1232.86,True,1220.49,1221.91,1181.51,1200.84
TR-039861,2025-09-09,Reefer,1528.31,True,1519.96,1512.94,1466.95,1531.53
TR-039862,2025-09-09,Dry Van,4537.71,True,4485.28,4496.76,4313.32,4510.28
TR-039863,2025-09-09,Dry Van,2369.38,True,2390.56,2322.36,2304.18,2393.07
TR-039864,2025-09-09,Reefer,1911.08,True,1888.06,1892.08,1823.49,1914.32
TR-039865,2025-09-09,Reefer,899.29,True,904.43,878.91,869.43,880.7
TR-039866,2025-09-09,Dry Van,4862.84,True,4859.35,4813.83,4710.87,4870.82
TR-039867,2025-09-09,Flatbed,1014.12,True,1017.69,1003.25,978.12,997.71
TR-039868,2025-09-09,Reefer,2439.93,True,2424.2,2404.79,2334.69,2432.87
TR-039869,2025-09-09,Dry Van,5375.41,True,5312.4,5271.05,5132.76,5209.19
TR-039870,2025-09-09,Flatbed,1855.47,True,1924.69,1892.14,1855.58,1962.98
TR-039871,2025-09-09,Reefer,1120.17,True,1143.35,1151.03,1103.65,1154.47
TR-039872,2025-09-09,Reefer,3529.76,True,3533.3,3565.43,3378.07,3520.61
TR-039873,2025-09-09,Flatbed,4233.88,True,4268.31,4167.46,4101.45,4313.81
TR-039874,2025-09-09,Dry Van,1775.71,True,1775.15,1749.09,1707.62,1750.29
TR-039875,2025-09-09,Reefer,1887.01,True,1872.64,1870.99,1809.75,1882.44
TR-039876,2025-09-09,Dry Van,5250.05,True,5218.86,5221.43,5001.94,5081.8
TR-039877,2025-09-09,Dry Van,2407.73,True,2395.92,2344.01,2315.16,2371.73
TR-039878,2025-09-09,Reefer,4875.93,True,4938.48,4777.11,4782.58,4973.72
TR-039879,2025-09-09,Dry Van,4505.4,True,4443.76,4435.93,4279.42,4452.6
TR-039880,2025-09-09,Dry Van,2985.84,True,2959.16,2930.93,2854.76,2930.97
TR-039881,2025-09-09,Dry Van,926.34,True,923.87,882.23,887.66,889.44
TR-039882,2025-09-09,Dry Van,1185.19,True,1232.07,1191.94,1185.41,1231.08
TR-039883,2025-09-09,Flatbed,2529.83,True,2556.22,2412.72,2455.06,2565.75
TR-039884,2025-09-09,Reefer,2072.02,True,2066.98,2073.31,2001.6,2087.82
TR-039885,2025-09-09,Flatbed,1134.3,True,1168.36,1134.1,1119.46,1171.19
TR-039886,2025-09-09,Reefer,4011.04,True,3999.06,3974.22,3829.93,4009.84
TR-039887,2025-09-09,Reefer,4606.8,True,4756.68,4642.97,4541.11,4731.98
TR-039888,2025-09-09,Dry Van,2324.44,True,2321.36,2278.59,2244.27,2311.19
TR-039889,2025-09-09,Dry Van,1663.25,True,1657.0,1627.68,1595.83,1676.52
TR-039890,2025-09-09,Dry Van,2317.78,True,2277.29,2230.05,2207.6,2283.61
TR-039891,2025-09-09,Flatbed,2253.5,True,2238.04,2216.24,2159.58,2275.89
TR-039892,2025-09-09,Dry Van,625.09,True,618.89,612.13,595.57,610.25
TR-039893,2025-09-09,Dry Van,2214.63,True,2207.9,2208.35,2131.14,2221.84
TR-039894,2025-09-09,Dry Van,2005.03,True,2008.18,1982.5,1928.34,2040.56
TR-039895,2025-09-09,Dry Van,1734.28,True,1685.98,1649.9,1619.21,1709.76
TR-039896,2025-09-09,Reefer,2513.73,True,2450.94,2386.14,2380.41,2458.72
TR-039897,2025-09-09,Reefer,1601.42,True,1604.69,1596.7,1545.66,1631.18
TR-039898,2025-09-09,Flatbed,1949.56,True,1978.27,1911.95,1921.54,1971.52
TR-039899,2025-09-09,Reefer,2424.14,True,2424.81,2380.97,2344.49,2438.55
TR-039900,2025-09-09,Reefer,587.37,True,582.33,595.1,558.28,559.57
TR-039901,2025-09-10,Reefer,1234.24,True,1252.67,1237.21,1195.48,1266.41
TR-039902,2025-09-10,Flatbed,5383.25,True,5191.13,5071.49,4999.67,5203.8
TR-039903,2025-09-10,Dry Van,3849.67,True,3736.3,3791.28,3585.29,3744.85
TR-039904,2025-09-10,Dry Van,2218.39,True,2258.76,2189.62,2171.04,2291.18
TR-039905,2025-09-10,Flatbed,1165.07,True,1178.59,1164.26,1139.5,1178.69
TR-039906,2025-09-10,Dry Van,1591.62,True,1606.63,1591.8,1551.77,1626.68
TR-039907,2025-09-10,Dry Van,5842.69,True,5893.56,5831.28,5697.1,5683.65
TR-039908,2025-09-10,Dry Van,1422.84,True,1467.15,1453.79,1406.18,1518.22
TR-039909,2025-09-10,Reefer,5795.79,False,1945.44,1945.43,1876.61,2006.37
TR-039910,2025-09-10,Dry Van,3704.0,True,3762.84,3678.75,3626.54,3662.02
TR-039911,2025-09-10,Dry Van,1330.84,True,1350.15,1348.32,1302.22,1412.87
TR-039912,2025-09-10,Dry Van,5969.57,True,5862.33,5673.45,5668.85,5631.59
TR-039913,2025-09-10,Dry Van,2057.92,True,2081.01,2062.95,2002.17,2099.79
TR-039914,2025-09-10,Dry Van,5233.94,True,5104.05,5114.92,4921.79,5075.38
TR-039915,2025-09-10,Dry Van,1654.8,True,1673.89,1653.26,1613.29,1739.94
TR-039916,2025-09-10,Dry Van,630.26,True,630.91,624.34,607.76,622.31
TR-039917,2025-09-10,Reefer,3902.89,True,3848.8,3791.51,3718.83,3898.03
TR-039918,2025-09-10,Dry Van,548.19,True,548.88,531.7,529.88,524.63
TR-039919,2025-09-10,Dry Van,1953.83,True,1912.02,1889.48,1851.28,1958.27
TR-039920,2025-09-10,Dry Van,1834.95,True,1792.78,1769.61,1730.95,1814.33
TR-039921,2025-09-10,Dry Van,4355.98,True,4252.88,4253.01,4109.01,4300.26
TR-039922,2025-09-10,Reefer,1391.81,True,1423.4,1434.68,1365.15,1397.86
TR-039923,2025-09-10,Reefer,1323.33,True,1297.9,1286.9,1254.87,1283.84
TR-039924,2025-09-10,Dry Van,1682.87,True,1664.64,1644.13,1608.72,1679.88
TR-039925,2025-09-10,Reefer,3642.58,True,3668.87,3609.02,3549.43,3697.24
TR-039926,2025-09-10,Flatbed,3688.48,True,3748.93,3631.38,3605.46,3781.41
TR-039927,2025-09-10,Dry Van,2459.73,True,2458.99,2393.36,2357.65,2511.25
TR-039928,2025-09-10,Dry Van,1716.4,True,1742.15,1695.68,1667.86,1752.3
TR-039929,2025-09-10,Reefer,3159.05,True,3147.57,3114.67,3020.17,3201.0
TR-039930,2025-09-10,Flatbed,1375.61,True,1336.21,1319.31,1293.65,1356.28
TR-039931,2025-09-10,Dry Van,3457.21,True,3511.0,3399.96,3396.5,3439.45
TR-039932,2025-09-10,Reefer,805.25,True,798.72,806.96,772.66,806.23
TR-039933,2025-09-10,Dry Van,3318.89,True,3258.71,3250.27,3136.49,3302.52
TR-039934,2025-09-10,Dry Van,4213.04,True,4231.1,4236.39,4068.12,4298.52
TR-039935,2025-09-10,Flatbed,1800.09,True,1793.04,1779.97,1727.3,1793.09
TR-039936,2025-09-10,Dry Van,830.98,True,832.99,819.2,804.64,834.7
TR-039937,2025-09-10,Flatbed,822.94,True,824.57,830.73,794.87,803.2
TR-039938,2025-09-10,Flatbed,606.05,True,578.48,596.92,558.99,563.26
TR-039939,2025-09-10,Dry Van,3890.56,True,3946.87,3869.42,3811.14,3943.92
TR-039940,2025-09-10,Flatbed,1978.86,True,1981.51,1996.82,1907.18,1997.62
TR-039941,2025-09-10,Reefer,932.38,True,923.05,942.47,887.33,926.7
TR-039942,2025-09-10,Dry Van,3379.98,True,3438.81,3439.03,3313.76,3430.85
TR-039943,2025-09-10,Dry Van,245.86,True,242.96,240.98,235.59,240.38
TR-039944,2025-09-10,Dry Van,910.23,True,919.04,889.61,874.91,920.49
TR-039945,2025-09-10,Dry Van,3826.97,True,3807.4,3761.59,3682.81,3822.62
TR-039946,2025-09-10,Dry Van,468.64,True,468.27,460.47,452.98,452.11
TR-039947,2025-09-10,Dry Van,3655.22,True,3652.3,3615.09,3518.08,3683.45
TR-039948,2025-09-10,Reefer,1227.68,True,1231.46,1208.59,1190.11,1244.99
TR-039949,2025-09-10,Dry Van,3892.71,True,3898.34,3848.14,3742.7,3860.83
TR-039950,2025-09-10,Dry Van,1159.83,True,1153.28,1130.49,1110.66,1195.9
TR-039951,2025-09-10,Dry Van,1714.46,True,1705.99,1702.94,1643.01,1752.5
TR-039952,2025-09-10,Dry Van,3751.53,True,3600.05,3561.4,3459.57,3594.29
TR-039953,2025-09-10,Dry Van,1490.03,True,1473.97,1443.98,1415.24,1529.59
TR-039954,2025-09-10,Flatbed,4221.78,True,4238.2,4108.46,4054.44,4239.48
TR-039955,2025-09-10,Reefer,1274.03,True,1261.54,1246.68,1212.45,1304.86
TR-039956,2025-09-10,Dry Van,2456.19,True,2480.34,2410.66,2381.5,2504.59
TR-039957,2025-09-10,Dry Van,706.67,True,706.71,703.93,680.37,694.12
TR-039958,2025-09-10,Dry Van,2134.16,True,2101.47,2077.18,2023.88,2117.38
TR-039959,2025-09-10,Flatbed,5990.75,True,6026.79,5901.28,5793.56,5911.23
TR-039960,2025-09-10,Reefer,1891.27,True,1897.94,1850.8,1832.36,1932.54
TR-039961,2025-09-10,Dry Van,1261.09,True,1235.5,1222.0,1188.15,1271.46
TR-039962,2025-09-10,Flatbed,1495.45,True,1488.52,1469.73,1436.43,1521.45
TR-039963,2025-09-10,Dry Van,5714.34,True,5721.32,5622.1,5541.34,5579.06
TR-039964,2025-09-10,Dry Van,857.81,True,856.54,839.03,824.27,850.54
TR-039965,2025-09-10,Reefer,810.24,True,805.02,823.16,772.43,797.29
TR-039966,2025-09-10,Flatbed,856.86,True,856.99,869.13,831.85,832.99
TR-039967,2025-09-10,Dry Van,4324.74,True,4421.46,4384.62,4258.27,4325.28
TR-039968,2025-09-10,Dry Van,775.28,True,794.81,790.93,769.68,787.42
TR-039969,2025-09-10,Dry Van,2897.11,True,2877.23,2875.31,2759.66,2915.54
TR-039970,2025-09-10,Dry Van,2932.4,True,2918.99,2893.12,2820.36,2903.55
TR-039971,2025-09-10,Reefer,899.18,True,886.18,936.73,855.81,861.08
TR-039972,2025-09-10,Dry Van,5282.81,True,5319.25,5293.95,5140.76,5141.25
TR-039973,2025-09-10,Dry Van,1604.96,True,1623.25,1595.41,1566.39,1655.14
TR-039974,2025-09-10,Reefer,4190.71,True,4215.52,4110.22,4055.22,4266.66
TR-039975,2025-09-10,Dry Van,902.06,True,886.24,862.29,850.64,893.12
TR-039976,2025-09-10,Reefer,1284.52,True,1273.27,1291.02,1233.93,1288.28
TR-039977,2025-09-10,Dry Van,4791.56,True,4727.38,4709.35,4535.05,4784.51
TR-039978,2025-09-10,Dry Van,4493.19,True,4507.75,4361.23,4338.85,4410.79
TR-039979,2025-09-10,Reefer,1194.45,True,1202.94,1172.46,1156.11,1207.82
TR-039980,2025-09-10,Dry Van,1403.96,True,1432.71,1411.03,1383.99,1494.57
TR-039981,2025-09-10,Dry Van,1389.2,True,1370.32,1363.76,1323.51,1389.14
TR-039982,2025-09-10,Reefer,5433.92,True,5500.19,5488.15,5275.92,5567.53
TR-039983,2025-09-10,Dry Van,2077.41,True,2090.05,2047.66,2016.08,2105.88
TR-039984,2025-09-10,Dry Van,867.11,True,882.89,870.45,860.7,891.98
TR-039985,2025-09-10,Dry Van,1673.2,True,1672.55,1659.21,1611.22,1717.58
TR-039986,2025-09-10,Dry Van,5348.71,True,5293.05,5180.93,5114.04,5169.1
TR-039987,2025-09-10,Flatbed,851.64,True,860.53,854.05,827.68,843.66
TR-039988,2025-09-10,Dry Van,3442.21,True,3459.39,3420.71,3352.44,3446.39
TR-039989,2025-09-10,Flatbed,1870.77,True,1885.94,1859.32,1799.43,1876.67
TR-039990,2025-09-10,Dry Van,2203.39,True,2215.02,2145.59,2137.49,2230.53
TR-039991,2025-09-10,Reefer,4945.33,True,4798.85,4745.31,4619.14,4845.81
TR-039992,2025-09-10,Reefer,4316.9,True,4330.0,4166.98,4139.66,4336.43
TR-039993,2025-09-10,Reefer,1617.61,True,1659.0,1635.85,1605.45,1685.22
TR-039994,2025-09-10,Reefer,2135.53,True,2146.12,2128.7,2059.93,2140.52
TR-039995,2025-09-10,Flatbed,5390.41,True,5322.85,5132.55,5131.46,5291.18
TR-039996,2025-09-10,Flatbed,2952.58,True,2921.35,2820.38,2806.29,2915.54
TR-039997,2025-09-10,Dry Van,745.55,True,756.96,754.06,731.15,740.15
TR-039998,2025-09-10,Dry Van,2039.12,True,2081.79,2055.8,1995.66,2091.14
TR-039999,2025-09-10,Reefer,1642.87,True,1667.34,1646.35,1605.02,1674.49
TR-040000,2025-09-10,Dry Van,3055.7,True,3093.35,3067.63,2982.49,3069.69
TR-040001,2025-09-10,Dry Van,3333.07,True,3338.89,3247.26,3210.83,3395.06
TR-040002,2025-09-10,Dry Van,1175.9,True,1169.06,1153.83,1132.63,1199.14
TR-040003,2025-09-10,Dry Van,2813.46,True,2803.28,2793.82,2698.09,2831.5
TR-040004,2025-09-10,Dry Van,977.98,True,966.35,951.96,928.65,967.1
TR-040005,2025-09-10,Reefer,3025.17,True,2956.54,2898.11,2837.73,2980.15
TR-040006,2025-09-10,Dry Van,1174.92,True,1191.48,1181.37,1152.43,1200.31
TR-040007,2025-09-10,Dry Van,1652.47,True,1655.08,1619.72,1603.77,1691.69
TR-040008,2025-09-10,Dry Van,4186.74,True,4253.15,4183.66,4091.14,4228.01
TR-040009,2025-09-10,Reefer,2057.18,True,2022.29,1996.52,1941.35,2060.85
TR-040010,2025-09-10,Reefer,961.79,True,959.8,947.56,929.26,965.6
TR-040011,2025-09-10,Dry Van,1417.14,True,1430.71,1411.95,1378.35,1416.4
TR-040012,2025-09-10,Flatbed,4233.0,True,4264.58,4237.17,4101.73,4236.51
TR-040013,2025-09-10,Dry Van,1563.34,True,1569.6,1549.97,1522.05,1617.97
TR-040014,2025-09-10,Reefer,3545.53,True,3493.13,3436.08,3356.7,3539.23
TR-040015,2025-09-10,Reefer,4307.33,True,4391.16,4294.81,4230.17,4399.59
TR-040016,2025-09-10,Reefer,1407.48,True,1417.89,1437.5,1363.72,1394.33
TR-040017,2025-09-10,Reefer,4376.2,True,4448.08,4290.92,4297.77,4328.57
TR-040018,2025-09-10,Flatbed,548.09,True,546.56,563.43,528.18,530.47
TR-040019,2025-09-10,Dry Van,3124.92,True,3105.77,3116.95,2979.28,3087.89
TR-040020,2025-09-10,Dry Van,2782.8,True,2740.25,2676.38,2626.97,2756.0
TR-040021,2025-09-10,Dry Van,2012.52,True,2004.34,1966.89,1935.02,2020.62
TR-040022,2025-09-10,Dry Van,4860.78,True,4923.19,4849.04,4757.75,4840.79
TR-040023,2025-09-10,Reefer,2276.91,True,2344.27,2294.15,2257.6,2332.99
TR-040024,2025-09-10,Dry Van,3663.3,True,3642.59,3648.07,3507.49,3659.64
TR-040025,2025-09-10,Dry Van,2406.78,True,2417.93,2396.22,2340.92,2389.05
TR-040026,2025-09-10,Reefer,643.83,True,646.67,675.19,619.52,634.44
TR-040027,2025-09-10,Dry Van,1711.91,True,1725.18,1683.43,1663.69,1743.92
TR-040028,2025-09-10,Reefer,2042.48,True,2029.73,2034.03,1945.19,2059.91
TR-040029,2025-09-10,Flatbed,1098.71,True,1080.76,1053.76,1037.07,1089.9
TR-040030,2025-09-10,Dry Van,1070.18,True,1074.67,1069.83,1035.56,1054.47
TR-040031,2025-09-10,Dry Van,1395.18,True,1415.9,1389.63,1361.04,1398.38
TR-040032,2025-09-10,Dry Van,5241.8,True,5290.4,5294.86,5096.62,5139.05
TR-040033,2025-09-10,Reefer,2710.93,True,2721.15,2675.57,2619.48,2745.95
TR-040034,2025-09-10,Dry Van,4813.65,True,4800.1,4734.86,4625.31,4872.31
TR-040035,2025-09-10,Dry Van,2195.23,True,2175.59,2154.62,2104.56,2207.74
TR-040036,2025-09-10,Dry Van,2806.77,True,2780.23,2804.63,2671.29,2804.03
TR-040037,2025-09-10,Reefer,636.64,True,635.85,636.57,613.96,643.17
TR-040038,2025-09-10,Dry Van,1887.3,True,1928.52,1861.41,1860.36,1984.45
TR-040039,2025-09-10,Reefer,2192.73,True,2228.94,2162.79,2162.83,2217.12
TR-040040,2025-09-10,Reefer,2680.22,True,2641.13,2535.85,2539.41,2654.22
TR-040041,2025-09-10,Dry Van,477.61,True,466.72,462.89,454.53,452.38
TR-040042,2025-09-10,Reefer,3401.18,True,3440.97,3344.43,3308.93,3518.12
TR-040043,2025-09-10,Dry Van,2511.55,True,2491.14,2426.8,2382.77,2531.82
TR-040044,2025-09-10,Reefer,5641.98,True,5606.78,5493.37,5389.38,5609.84
TR-040045,2025-09-10,Dry Van,3808.59,True,3842.36,3719.4,3683.9,3684.3
TR-040046,2025-09-10,Dry Van,3348.83,False,1479.2,1458.66,1430.73,1506.27
TR-040047,2025-09-10,Dry Van,2049.34,True,2044.1,1985.31,1961.81,2044.09
TR-040048,2025-09-10,Dry Van,2807.39,True,2761.89,2711.4,2652.26,2798.04
TR-040049,2025-09-10,Flatbed,1758.37,False,5599.26,5556.9,5391.27,5643.89
TR-040050,2025-09-10,Dry Van,4302.88,True,4340.0,4296.09,4209.71,4364.8
TR-040051,2025-09-10,Dry Van,1969.6,True,1954.78,1915.62,1884.48,2005.71
TR-040052,2025-09-10,Dry Van,855.3,True,867.99,863.49,836.86,866.74
TR-040053,2025-09-10,Dry Van,2914.9,True,2868.08,2835.04,2748.97,2852.78
TR-040054,2025-09-10,Dry Van,2465.22,True,2494.31,2444.03,2409.86,2548.22
TR-040055,2025-09-10,Flatbed,2399.07,True,2368.33,2333.88,2294.43,2346.02
TR-040056,2025-09-10,Dry Van,5383.59,True,5399.65,5301.6,5189.65,5273.79
TR-040057,2025-09-10,Flatbed,1579.77,True,1565.84,1533.84,1500.06,1600.88
TR-040058,2025-09-10,Flatbed,4140.08,True,4112.95,4065.82,3972.71,4088.23
TR-040059,2025-09-10,Dry Van,2887.23,True,2805.05,2786.15,2683.01,2790.64
TR-040060,2025-09-10,Dry Van,3869.45,False,807.88,801.88,778.82,808.96
TR-040061,2025-09-10,Dry Van,657.63,True,674.07,661.93,646.38,661.58
TR-040062,2025-09-11,Dry Van,2291.53,True,2332.76,2235.47,2247.97,2344.99
TR-040063,2025-09-11,Dry Van,3516.64,True,3514.12,3460.53,3420.11,3489.98
TR-040064,2025-09-11,Reefer,2417.85,True,2400.7,2311.05,2312.77,2417.2
TR-040065,2025-09-11,Reefer,4033.26,True,4079.31,4001.65,3945.11,4079.42
TR-040066,2025-09-11,Flatbed,2439.49,True,2376.31,2310.26,2308.14,2416.39
TR-040067,2025-09-11,Dry Van,934.11,True,912.38,881.17,882.82,933.91
TR-040068,2025-09-11,Reefer,3825.7,True,3817.13,3799.85,3693.4,3845.23
TR-040069,2025-09-11,Dry Van,4007.04,True,4018.06,3990.7,3893.89,4022.1
TR-040070,2025-09-11,Dry Van,1452.89,True,1458.04,1432.17,1405.89,1471.34
TR-040071,2025-09-11,Reefer,627.33,True,614.98,604.88,592.9,614.26
TR-040072,2025-09-11,Flatbed,1337.53,True,1321.9,1277.24,1273.88,1371.94
TR-040073,2025-09-11,Reefer,5729.48,True,5723.27,5585.54,5511.33,5795.82
TR-040074,2025-09-11,Dry Van,2534.93,True,2587.72,2596.49,2490.46,2612.04
TR-040075,2025-09-11,Reefer,1893.57,True,1916.52,1903.97,1860.27,1895.29
TR-040076,2025-09-11,Dry Van,3118.9,True,3172.2,3259.52,3072.94,3302.96
TR-040077,2025-09-11,Dry Van,1991.68,True,1966.38,1914.31,1912.31,1994.64
TR-040078,2025-09-11,Reefer,3709.46,True,3657.27,3609.4,3556.98,3643.53
TR-040079,2025-09-11,Reefer,363.4,True,357.89,363.87,345.49,346.83
TR-040080,2025-09-11,Flatbed,9993.31,False,4165.23,4060.7,4051.5,4232.68
TR-040081,2025-09-11,Dry Van,548.2,True,542.89,557.27,523.85,526.53
TR-040082,2025-09-11,Reefer,3595.73,True,3565.65,3488.89,3426.51,3521.63
TR-040083,2025-09-11,Dry Van,1190.03,True,1181.7,1152.76,1136.65,1226.5
TR-040084,2025-09-11,Reefer,1258.59,True,1255.7,1305.9,1212.49,1244.63
TR-040085,2025-09-11,Dry Van,1169.27,True,1132.74,1124.27,1090.82,1139.98
TR-040086,2025-09-11,Dry Van,468.28,True,455.13,445.87,444.39,446.19
TR-040087,2025-09-11,Dry Van,3077.55,True,3022.16,2985.49,2920.02,2980.77
TR-040088,2025-09-11,Flatbed,1750.91,True,1734.92,1714.24,1673.52,1801.57
TR-040089,2025-09-11,Dry Van,4867.0,True,4857.88,4729.41,4736.71,4789.44
TR-040090,2025-09-11,Dry Van,674.55,True,657.13,657.04,633.15,670.14
TR-040091,2025-09-11,Reefer,637.22,True,632.05,632.66,618.56,615.05
TR-040092,2025-09-11,Dry Van,632.9,True,629.89,627.11,611.42,638.23
TR-040093,2025-09-11,Dry Van,1013.09,True,1027.01,1006.26,986.28,1054.28
TR-040094,2025-09-11,Dry Van,1437.98,True,1432.67,1394.77,1386.74,1451.7
TR-040095,2025-09-11,Dry Van,392.73,True,376.09,376.42,364.97,368.29
TR-040096,2025-09-11,Dry Van,480.28,True,471.74,466.92,457.21,461.47
TR-040097,2025-09-11,Reefer,20132.37,False,3914.04,3793.14,3792.43,3846.58
TR-040098,2025-09-11,Dry Van,2463.78,True,2490.58,2466.21,2400.7,2525.62
TR-040099,2025-09-11,Flatbed,879.33,True,889.97,877.31,860.81,873.5
TR-040100,2025-09-11,Flatbed,1495.51,True,1491.68,1453.83,1438.68,1527.79
TR-040101,2025-09-11,Dry Van,1606.71,True,1625.4,1593.12,1569.36,1634.37
TR-040102,2025-09-11,Dry Van,1606.62,True,1618.67,1592.16,1559.29,1604.57
TR-040103,2025-09-11,Dry Van,2213.28,True,2219.8,2171.46,2151.54,2235.04
TR-040104,2025-09-11,Dry Van,1625.51,True,1618.33,1605.69,1568.85,1664.39
TR-040105,2025-09-11,Dry Van,2270.71,True,2310.01,2275.91,2224.79,2341.13
TR-040106,2025-09-11,Dry Van,1872.91,True,1896.62,1847.36,1829.96,1901.06
TR-040107,2025-09-11,Dry Van,1196.5,True,1200.01,1164.44,1156.66,1233.47
TR-040108,2025-09-11,Flatbed,2320.06,True,2316.01,2276.05,2241.54,2308.53
TR-040109,2025-09-11,Dry Van,4229.61,True,4171.03,4158.23,4016.3,4178.84
TR-040110,2025-09-11,Flatbed,2167.33,True,2190.72,2169.94,2119.01,2239.06
TR-040111,2025-09-11,Dry Van,3664.86,True,3670.11,3620.32,3540.6,3694.71
TR-040112,2025-09-11,Dry Van,2196.15,True,2171.71,2090.77,2089.52,2160.97
TR-040113,2025-09-11,Reefer,977.56,True,949.55,975.41,918.58,951.44
TR-040114,2025-09-11,Reefer,1685.94,True,1693.14,1661.16,1635.88,1752.27
TR-040115,2025-09-11,Reefer,1979.6,True,1993.99,1944.13,1942.48,2012.09
TR-040116,2025-09-11,Dry Van,1098.94,True,1104.73,1086.72,1069.45,1098.31
TR-040117,2025-09-11,Dry Van,2989.01,True,3002.24,2926.07,2914.32,3052.87
TR-040118,2025-09-11,Dry Van,5292.37,True,5263.22,5163.4,5104.2,5114.43
TR-040119,2025-09-11,Dry Van,3098.97,True,3090.1,3055.17,2972.31,3116.56
TR-040120,2025-09-11,Reefer,4344.65,True,4248.81,4142.97,4106.71,4199.33
TR-040121,2025-09-11,Dry Van,492.83,True,475.42,470.85,459.8,464.01
TR-040122,2025-09-11,Reefer,1599.16,True,1611.2,1582.75,1563.29,1649.89
TR-040123,2025-09-11,Dry Van,941.77,True,955.52,945.58,925.68,978.33
TR-040124,2025-09-11,Reefer,4198.18,True,4142.39,4043.87,3978.06,4170.08
TR-040125,2025-09-11,Dry Van,1749.01,True,1760.62,1719.71,1688.61,1758.23
TR-040126,2025-09-11,Dry Van,4168.47,True,4108.37,4099.8,4023.26,4208.74
TR-040127,2025-09-11,Reefer,1301.34,True,1317.15,1324.9,1265.77,1302.45
TR-040128,2025-09-11,Dry Van,3471.55,True,3416.2,3385.55,3297.0,3389.67
TR-040129,2025-09-11,Flatbed,4630.06,True,4581.01,4410.35,4411.86,4565.76
TR-040130,2025-09-11,Flatbed,2434.73,True,2417.23,2341.02,2327.46,2444.21
TR-040131,2025-09-11,Flatbed,1194.91,True,1206.73,1198.27,1165.82,1244.79
TR-040132,2025-09-11,Flatbed,2820.43,True,2783.29,2734.05,2704.91,2788.04
TR-040133,2025-09-11,Flatbed,880.53,True,872.95,868.07,842.91,873.26
TR-040134,2025-09-11,Reefer,3309.54,True,3360.18,3248.9,3237.66,3302.85
TR-040135,2025-09-11,Dry Van,1195.38,True,1206.62,1168.77,1167.19,1226.92
TR-040136,2025-09-11,Flatbed,2679.76,True,2699.47,2663.75,2606.6,2783.29
TR-040137,2025-09-11,Dry Van,4219.73,True,4175.45,4075.77,4023.29,4074.92
TR-040138,2025-09-11,Dry Van,1606.18,True,1592.53,1586.53,1542.16,1660.39
TR-040139,2025-09-11,Dry Van,1217.29,True,1220.09,1227.19,1168.24,1221.84
TR-040140,2025-09-11,Reefer,958.52,True,963.48,987.1,928.0,969.15
TR-040141,2025-09-11,Dry Van,4241.61,True,4287.93,4254.47,4132.24,4316.08
TR-040142,2025-09-11,Dry Van,3791.78,True,3812.75,3770.61,3667.72,3861.66
TR-040143,2025-09-11,Reefer,2814.93,True,2876.78,2765.75,2801.26,2864.3
TR-040144,2025-09-11,Dry Van,3895.62,True,4020.5,3916.79,3906.99,4102.53
TR-040145,2025-09-11,Dry Van,3866.67,True,3886.07,3855.31,3759.2,3947.12
TR-040146,2025-09-11,Dry Van,1328.04,True,1355.42,1339.06,1308.82,1347.17
TR-040147,2025-09-11,Reefer,5113.28,True,5065.53,4945.19,4871.07,4951.53
TR-040148,2025-09-11,Dry Van,5746.04,True,5781.29,5661.6,5575.97,5579.98
TR-040149,2025-09-11,Flatbed,1360.11,True,1353.68,1326.73,1299.65,1376.14
TR-040150,2025-09-11,Reefer,2140.16,True,2065.46,2077.43,1998.12,2089.69
TR-040151,2025-09-11,Reefer,3534.88,True,3520.23,3526.67,3386.33,3578.11
TR-040152,2025-09-11,Dry Van,967.48,True,984.86,977.48,953.61,1002.6
TR-040153,2025-09-11,Flatbed,869.7,True,873.86,847.14,841.76,873.02
TR-040154,2025-09-11,Dry Van,732.91,True,728.62,731.18,703.34,724.24
TR-040155,2025-09-11,Dry Van,2668.05,True,2666.89,2589.72,2576.69,2644.5
TR-040156,2025-09-11,Reefer,770.42,True,787.02,789.0,764.2,786.91
TR-040157,2025-09-11,Dry Van,1172.93,True,1166.93,1162.65,1131.52,1158.26
TR-040158,2025-09-11,Dry Van,1098.51,True,1110.02,1091.4,1069.2,1106.94
TR-040159,2025-09-11,Dry Van,12240.81,False,3959.65,3839.75,3820.04,3861.38
TR-040160,2025-09-11,Dry Van,550.71,True,549.14,540.71,530.47,543.53
TR-040161,2025-09-11,Reefer,993.48,True,992.69,1016.74,960.26,980.2
TR-040162,2025-09-11,Flatbed,1879.68,True,1860.81,1807.45,1799.55,1890.03
TR-040163,2025-09-11,Dry Van,2545.64,True,2544.45,2491.87,2456.19,2548.53
TR-040164,2025-09-11,Dry Van,1010.27,True,1014.57,1003.01,979.34,1009.37
TR-040165,2025-09-11,Reefer,4331.88,True,4339.83,4214.89,4175.62,4406.43
TR-040166,2025-09-11,Flatbed,2163.98,True,2223.46,2138.31,2168.24,2256.36
TR-040167,2025-09-11,Dry Van,2695.4,True,2697.03,2721.48,2616.77,2665.59
TR-040168,2025-09-11,Flatbed,2682.78,True,2715.43,2650.24,2638.52,2726.66
TR-040169,2025-09-11,Dry Van,3981.03,True,3949.73,3859.47,3807.01,3941.46
TR-040170,2025-09-11,Flatbed,2474.47,True,2495.12,2416.91,2419.35,2486.95
TR-040171,2025-09-11,Reefer,1212.72,True,1219.86,1208.25,1174.94,1236.41
TR-040172,2025-09-11,Dry Van,20361.89,False,4420.63,4320.68,4260.81,4341.44
TR-040173,2025-09-11,Flatbed,899.35,True,908.91,896.04,874.77,915.05
TR-040174,2025-09-11,Flatbed,244.05,False,1276.14,1236.18,1239.86,1320.63
TR-040175,2025-09-11,Dry Van,2526.64,True,2540.98,2526.4,2443.12,2520.84
TR-040176,2025-09-11,Dry Van,2423.17,True,2400.04,2361.87,2321.44,2410.59
TR-040177,2025-09-11,Dry Van,2534.0,True,2569.01,2518.96,2482.11,2587.64
TR-040178,2025-09-11,Dry Van,1879.01,True,1899.72,1849.78,1833.04,1891.02
TR-040179,2025-09-11,Dry Van,5488.25,True,5429.7,5492.99,5225.04,5285.41
TR-040180,2025-09-11,Dry Van,1711.83,True,1732.55,1674.29,1670.78,1755.94
TR-040181,2025-09-11,Dry Van,2250.71,True,2268.31,2242.8,2195.67,2276.91
TR-040182,2025-09-11,Dry Van,4541.48,True,4509.8,4451.73,4362.66,4467.4
TR-040183,2025-09-11,Dry Van,3295.32,True,3261.21,3258.99,3147.82,3247.3
TR-040184,2025-09-11,Dry Van,4008.71,True,4029.16,3954.42,3913.76,4052.4
TR-040185,2025-09-11,Dry Van,780.62,True,784.39,771.17,752.52,788.1
TR-040186,2025-09-11,Reefer,963.27,True,966.08,972.3,937.87,972.79
TR-040187,2025-09-11,Flatbed,3688.72,True,3682.4,3588.73,3564.53,3645.91
TR-040188,2025-09-11,Reefer,1139.9,True,1145.28,1160.49,1108.29,1170.23
TR-040189,2025-09-11,Dry Van,1562.41,True,1585.26,1581.72,1529.38,1604.65
TR-040190,2025-09-11,Reefer,939.43,True,947.59,931.19,913.08,966.51
TR-040191,2025-09-11,Reefer,3780.8,True,3720.89,3589.92,3592.33,3751.52
TR-040192,2025-09-11,Dry Van,4087.56,True,4033.72,3966.21,3911.42,4100.63
TR-040193,2025-09-11,Flatbed,2435.69,True,2463.97,2396.33,2378.52,2496.55
TR-040194,2025-09-11,Flatbed,3586.64,True,3623.97,3449.33,3543.11,3545.57
TR-040195,2025-09-11,Reefer,4789.73,True,4796.16,4691.62,4621.01,4933.92
TR-040196,2025-09-11,Dry Van,3313.06,True,3373.91,3304.62,3270.61,3423.99
TR-040197,2025-09-11,Flatbed,2325.49,True,2352.88,2265.14,2261.11,2330.75
TR-040198,2025-09-11,Dry Van,2019.28,True,2072.07,2049.11,2000.65,2097.05
TR-040199,2025-09-11,Dry Van,3086.07,True,3096.64,3021.2,2985.52,3094.88
TR-040200,2025-09-11,Dry Van,1863.61,True,1919.52,1876.88,1852.41,1915.06
TR-040201,2025-09-11,Reefer,1956.54,True,1985.47,1932.12,1920.61,2026.73
TR-040202,2025-09-11,Flatbed,4542.1,True,4584.13,4448.14,4436.83,4665.65
TR-040203,2025-09-11,Reefer,1690.71,True,1653.95,1623.12,1601.64,1698.02
TR-040204,2025-09-11,Reefer,5069.2,True,5082.92,4969.34,4865.05,5002.37
TR-040205,2025-09-11,Reefer,2925.33,True,2891.86,2836.65,2798.73,2940.76
TR-040206,2025-09-11,Dry Van,4590.57,True,4662.18,4604.35,4496.09,4526.49
TR-040207,2025-09-11,Reefer,4872.62,True,5048.44,4791.84,4888.02,4858.94
TR-040208,2025-09-11,Dry Van,4808.27,True,4704.73,4727.16,4569.02,4560.98
TR-040209,2025-09-11,Reefer,1603.47,True,1619.19,1610.19,1561.71,1619.92
TR-040210,2025-09-11,Reefer,643.67,True,638.23,641.57,614.92,632.34
TR-040211,2025-09-11,Dry Van,5816.71,True,5733.7,5632.63,5597.38,5625.39
TR-040212,2025-09-11,Dry Van,979.75,True,970.93,952.96,935.85,983.49
TR-040213,2025-09-11,Dry Van,1342.92,True,1311.68,1279.45,1266.73,1309.1
TR-040214,2025-09-11,Reefer,4292.87,True,4313.98,4223.89,4172.53,4414.2
TR-040215,2025-09-11,Dry Van,3390.36,True,3389.45,3269.18,3262.96,3359.0
TR-040216,2025-09-11,Dry Van,820.63,True,818.42,817.24,787.37,782.18
TR-040217,2025-09-11,Dry Van,4105.79,True,4157.92,4125.58,4015.34,4239.12
TR-040218,2025-09-11,Reefer,4006.85,True,3959.34,3887.54,3850.35,3972.85
TR-040219,2025-09-12,Dry Van,863.19,True,865.37,853.19,831.35,837.25
TR-040220,2025-09-12,Dry Van,767.37,True,738.02,745.77,714.5,744.1
TR-040221,2025-09-12,Dry Van,3793.98,True,3794.34,3722.46,3676.17,3864.71
TR-040222,2025-09-12,Dry Van,3929.53,True,3966.62,3852.52,3839.69,3840.23
TR-040223,2025-09-12,Reefer,1980.42,True,1947.88,1940.17,1872.69,1943.37
TR-040224,2025-09-12,Reefer,2759.38,True,2756.74,2690.93,2649.93,2809.25
TR-040225,2025-09-12,Flatbed,1625.12,True,1597.91,1596.95,1546.22,1606.29
TR-040226,2025-09-12,Dry Van,4099.71,True,4002.17,3940.07,3860.1,3976.07
TR-040227,2025-09-12,Dry Van,1379.44,True,1380.91,1360.81,1325.11,1377.59
TR-040228,2025-09-12,Dry Van,2548.48,True,2560.61,2548.55,2462.61,2568.66
TR-040229,2025-09-12,Dry Van,1158.71,True,1139.66,1113.19,1101.91,1159.33
TR-040230,2025-09-12,Dry Van,1487.45,True,1543.97,1503.54,1477.69,1509.59
TR-040231,2025-09-12,Dry Van,767.78,True,767.2,763.17,744.53,761.84
TR-040232,2025-09-12,Dry Van,1667.13,True,1623.18,1606.83,1565.91,1665.47
TR-040233,2025-09-12,Reefer,5722.29,True,5698.3,5570.96,5489.15,5602.47
TR-040234,2025-09-12,Flatbed,2938.6,True,2881.37,2732.79,2778.46,2896.47
TR-040235,2025-09-12,Reefer,4591.1,True,4462.89,4329.27,4286.22,4515.24
TR-040236,2025-09-12,Reefer,4100.14,True,4158.41,4084.36,4013.81,4149.81
TR-040237,2025-09-12,Reefer,1824.41,True,1809.11,1773.98,1746.07,1787.02
TR-040238,2025-09-12,Reefer,1438.34,True,1415.95,1390.29,1359.37,1415.93
TR-040239,2025-09-12,Dry Van,1776.7,True,1786.42,1763.57,1722.65,1807.76
TR-040240,2025-09-12,Dry Van,1791.57,True,1780.18,1744.94,1713.32,1783.53
TR-040241,2025-09-12,Dry Van,2270.22,True,2309.88,2279.38,2242.23,2321.51
TR-040242,2025-09-12,Dry Van,2023.04,True,2013.49,1954.54,1941.88,2031.05
TR-040243,2025-09-12,Flatbed,1554.3,True,1515.81,1533.06,1470.17,1562.23
TR-040244,2025-09-12,Dry Van,1638.1,True,1670.41,1634.16,1609.87,1700.52
TR-040245,2025-09-12,Reefer,3209.87,True,3243.45,3171.15,3133.81,3172.39
TR-040246,2025-09-12,Dry Van,2315.18,True,2348.82,2324.5,2280.95,2362.32
TR-040247,2025-09-12,Dry Van,2765.1,True,2721.04,2639.13,2618.25,2676.09
TR-040248,2025-09-12,Dry Van,4187.65,True,4126.55,4069.65,3964.68,4002.66
TR-040249,2025-09-12,Dry Van,5413.49,True,5219.28,5263.59,5023.04,5054.5
TR-040250,2025-09-12,Dry Van,2089.53,True,2091.47,2058.1,2011.52,2078.91
TR-040251,2025-09-12,Dry Van,1529.14,True,1526.18,1540.84,1471.88,1501.73
TR-040252,2025-09-12,Reefer,3547.22,True,3658.05,3527.96,3524.35,3531.82
TR-040253,2025-09-12,Flatbed,1091.26,True,1081.75,1061.34,1041.73,1099.73
TR-040254,2025-09-12,Reefer,4639.2,True,4489.36,4349.24,4326.04,4348.97
TR-040255,2025-09-12,Dry Van,5437.19,True,5479.49,5461.8,5280.64,5378.67
TR-040256,2025-09-12,Dry Van,4618.42,True,4640.91,4519.82,4466.59,4704.64
TR-040257,2025-09-12,Dry Van,2496.84,True,2471.96,2396.36,2391.71,2456.03
TR-040258,2025-09-12,Dry Van,1135.31,True,1132.71,1097.81,1087.55,1149.98
TR-040259,2025-09-12,Flatbed,4185.43,True,4222.26,4037.62,4057.59,4189.93
TR-040260,2025-09-12,Flatbed,4591.58,True,4572.92,4530.24,4404.79,4663.61
TR-040261,2025-09-12,Reefer,2364.33,True,2372.96,2298.38,2286.63,2360.08
TR-040262,2025-09-12,Dry Van,2225.24,True,2226.22,2192.07,2147.59,2240.1
TR-040263,2025-09-12,Dry Van,4945.19,True,4891.89,4717.88,4734.26,4830.22
TR-040264,2025-09-12,Flatbed,879.21,True,900.45,879.31,871.71,903.3
TR-040265,2025-09-12,Reefer,4561.04,True,4569.79,4463.96,4435.51,4559.52
TR-040266,2025-09-12,Dry Van,2543.79,True,2540.06,2489.72,2458.42,2555.65
TR-040267,2025-09-12,Reefer,5028.04,True,4971.46,4761.02,4783.36,4753.24
TR-040268,2025-09-12,Reefer,3489.82,True,3451.11,3325.86,3322.77,3441.12
TR-040269,2025-09-12,Dry Van,1882.39,True,1881.12,1831.37,1816.97,1855.84
TR-040270,2025-09-12,Dry Van,1972.59,True,1992.85,1931.25,1925.41,1989.06
TR-040271,2025-09-12,Reefer,1106.33,True,1096.07,1075.45,1053.8,1091.14
TR-040272,2025-09-12,Reefer,1328.03,True,1323.8,1308.23,1281.79,1336.16
TR-040273,2025-09-12,Flatbed,3357.98,True,3330.66,3218.4,3206.71,3294.88
TR-040274,2025-09-12,Dry Van,352.31,False,1326.71,1334.13,1280.08,1320.51
TR-040275,2025-09-12,Dry Van,4259.95,True,4267.55,4166.6,4114.74,4244.13
TR-040276,2025-09-12,Flatbed,3901.63,True,3904.87,3784.91,3775.01,3959.79
TR-040277,2025-09-12,Dry Van,1806.24,True,1802.9,1780.44,1739.24,1842.16
TR-040278,2025-09-12,Dry Van,1302.11,True,1321.31,1297.12,1274.82,1353.79
TR-040279,2025-09-12,Reefer,659.64,True,675.12,695.59,653.15,666.57
TR-040280,2025-09-12,Flatbed,1475.99,True,1483.63,1431.83,1429.9,1527.99
TR-040281,2025-09-12,Flatbed,1490.26,True,1489.95,1446.54,1435.16,1524.88
TR-040282,2025-09-12,Flatbed,3320.42,True,3380.24,3203.3,3254.1,3337.29
TR-040283,2025-09-12,Flatbed,3472.54,True,3386.88,3336.17,3260.54,3257.38
TR-040284,2025-09-12,Reefer,1137.73,True,1129.19,1111.74,1092.87,1154.31
TR-040285,2025-09-12,Reefer,3696.43,True,3756.03,3695.86,3619.68,3754.22
TR-040286,2025-09-12,Dry Van,577.85,True,579.84,563.1,558.07,565.14
TR-040287,2025-09-12,Flatbed,3239.2,True,3209.14,3099.2,3100.96,3227.99
TR-040288,2025-09-12,Dry Van,3561.78,True,3502.62,3422.18,3379.35,3525.21
TR-040289,2025-09-12,Dry Van,3320.48,True,3339.95,3314.5,3216.93,3434.18
TR-040290,2025-09-12,Reefer,4697.77,True,4652.01,4578.51,4455.0,4656.74
TR-040291,2025-09-12,Flatbed,1046.21,True,1032.13,1017.49,995.57,1011.24
TR-040292,2025-09-12,Flatbed,4717.95,True,4817.04,4684.88,4638.46,4812.65
TR-040293,2025-09-12,Reefer,2420.04,True,2413.88,2325.15,2328.09,2432.7
TR-040294,2025-09-12,Dry Van,763.18,True,787.55,779.93,759.7,756.08
TR-040295,2025-09-12,Dry Van,3908.63,True,3955.09,3901.72,3820.11,3932.88
TR-040296,2025-09-12,Flatbed,1672.54,True,1685.03,1634.77,1629.6,1655.35
TR-040297,2025-09-12,Dry Van,971.23,True,958.69,949.05,924.75,943.28
TR-040298,2025-09-12,Dry Van,4982.94,True,5047.19,4950.2,4857.59,4966.78
TR-040299,2025-09-12,Flatbed,2276.71,True,2283.99,2231.3,2210.37,2279.4
TR-040300,2025-09-12,Reefer,461.77,False,1594.36,1574.22,1535.27,1672.95
TR-040301,2025-09-12,Dry Van,1077.4,True,1108.93,1099.15,1068.01,1124.99
TR-040302,2025-09-12,Flatbed,739.46,True,738.56,716.76,712.94,719.23
TR-040303,2025-09-12,Flatbed,4373.27,True,4421.75,4398.59,4256.43,4353.43
TR-040304,2025-09-12,Reefer,1141.5,True,1133.91,1143.37,1095.8,1106.12
TR-040305,2025-09-12,Dry Van,1558.84,True,1589.62,1563.95,1536.1,1577.14
TR-040306,2025-09-12,Dry Van,2644.28,True,2655.97,2592.09,2554.13,2665.53
TR-040307,2025-09-12,Dry Van,3979.89,True,3977.14,3915.2,3835.91,3838.05
TR-040308,2025-09-12,Dry Van,4787.12,True,4843.13,4737.09,4655.4,4856.27
TR-040309,2025-09-12,Reefer,1811.81,True,1853.31,1760.5,1781.11,1843.89
TR-040310,2025-09-12,Dry Van,1369.82,True,1372.74,1340.35,1324.06,1391.16
TR-040311,2025-09-12,Flatbed,3467.94,True,3451.78,3389.25,3327.22,3469.17
TR-040312,2025-09-12,Dry Van,1037.14,True,1040.34,1041.34,1003.36,1015.92
TR-040313,2025-09-12,Reefer,1214.34,True,1239.65,1228.12,1191.89,1256.86
TR-040314,2025-09-12,Dry Van,2044.98,True,2047.06,2023.17,1973.21,2081.66
TR-040315,2025-09-12,Dry Van,1042.66,True,1067.4,1038.2,1032.67,1094.32
TR-040316,2025-09-12,Dry Van,794.57,True,780.59,778.12,756.9,771.89
TR-040317,2025-09-12,Dry Van,1026.46,True,1032.84,1032.82,995.88,1038.29
TR-040318,2025-09-12,Reefer,5451.58,True,5401.45,5311.47,5201.36,5428.79
TR-040319,2025-09-12,Flatbed,5482.58,True,5532.72,5358.65,5374.38,5532.18
TR-040320,2025-09-12,Dry Van,2956.1,True,2929.92,2890.68,2828.48,2988.24
TR-040321,2025-09-12,Dry Van,1364.46,True,1344.4,1310.48,1296.0,1371.38
TR-040322,2025-09-12,Reefer,247.85,True,253.77,272.07,246.79,245.62
TR-040323,2025-09-12,Dry Van,14949.25,False,3296.97,3215.16,3180.93,3314.37
TR-040324,2025-09-12,Reefer,447.8,True,450.83,435.66,436.34,435.98
TR-040325,2025-09-12,Flatbed,2262.85,True,2327.19,2249.96,2236.53,2298.93
TR-040326,2025-09-12,Dry Van,473.51,True,486.64,481.11,470.84,477.4
TR-040327,2025-09-12,Dry Van,2161.89,True,2171.24,2125.06,2104.21,2194.24
TR-040328,2025-09-12,Dry Van,3072.12,True,3114.43,3104.44,3010.91,3099.05
TR-040329,2025-09-12,Reefer,6656.87,True,6710.61,6392.07,6470.22,6535.74
TR-040330,2025-09-12,Dry Van,4522.94,True,4529.39,4464.2,4380.46,4497.34
TR-040331,2025-09-12,Dry Van,3198.8,True,3217.25,3159.89,3092.96,3265.03
TR-040332,2025-09-12,Reefer,2312.51,True,2242.27,2221.54,2156.54,2293.65
TR-040333,2025-09-12,Dry Van,2666.9,True,2612.51,2538.82,2518.15,2645.75
TR-040334,2025-09-12,Flatbed,905.78,True,892.71,896.66,861.51,899.35
TR-040335,2025-09-12,Reefer,406.25,True,404.21,401.22,391.54,397.77
TR-040336,2025-09-12,Flatbed,2386.95,True,2350.4,2260.31,2263.98,2344.73
TR-040337,2025-09-12,Reefer,2234.94,True,2254.13,2191.29,2175.51,2260.64
TR-040338,2025-09-12,Dry Van,4093.95,True,4007.91,4006.54,3871.75,3998.91
TR-040339,2025-09-12,Reefer,828.81,True,829.99,810.2,797.07,806.21
TR-040340,2025-09-12,Dry Van,2263.03,True,2271.04,2200.82,2184.27,2293.19
TR-040341,2025-09-12,Dry Van,598.68,True,598.67,580.94,577.32,584.53
TR-040342,2025-09-12,Flatbed,2710.46,True,2700.87,2637.16,2628.67,2779.79
TR-040343,2025-09-12,Dry Van,4232.89,True,4248.83,4258.5,4092.92,4208.51
TR-040344,2025-09-12,Dry Van,2243.11,True,2250.35,2233.92,2174.51,2267.05
TR-040345,2025-09-12,Reefer,5715.39,True,5771.34,5637.1,5572.84,5612.87
TR-040346,2025-09-12,Dry Van,866.51,True,861.61,847.86,830.17,860.66
TR-040347,2025-09-12,Reefer,853.76,True,873.1,840.11,842.46,872.48
TR-040348,2025-09-12,Dry Van,1085.75,True,1095.0,1089.48,1053.77,1132.14
TR-040349,2025-09-12,Dry Van,2089.87,True,2178.49,2157.56,2081.98,2201.63
TR-040350,2025-09-12,Dry Van,1467.17,True,1482.07,1432.96,1425.62,1477.71
TR-040351,2025-09-12,Dry Van,2314.16,True,2266.18,2217.41,2201.07,2280.29
TR-040352,2025-09-12,Dry Van,1235.15,True,1236.17,1207.46,1194.08,1261.66
TR-040353,2025-09-12,Reefer,2838.17,True,2781.68,2746.85,2685.53,2774.81
TR-040354,2025-09-12,Reefer,956.43,True,979.97,977.35,945.13,967.46
TR-040355,2025-09-12,Dry Van,1326.12,True,1302.13,1284.89,1252.11,1318.29
TR-040356,2025-09-12,Dry Van,2133.45,True,2121.35,2083.82,2038.28,2149.51
TR-040357,2025-09-12,Reefer,377.23,True,377.18,379.67,363.34,362.89
TR-040358,2025-09-12,Flatbed,5109.12,True,5057.55,4899.86,4864.35,5076.12
TR-040359,2025-09-12,Flatbed,1660.54,True,1706.83,1663.93,1645.55,1706.55
TR-040360,2025-09-12,Dry Van,2562.34,True,2531.57,2482.01,2439.08,2526.87
TR-040361,2025-09-12,Dry Van,4194.09,True,4224.3,4131.87,4081.81,4225.86
TR-040362,2025-09-12,Reefer,2122.65,True,2137.96,2066.83,2053.64,2174.95
TR-040363,2025-09-12,Dry Van,1989.84,True,1961.74,1910.63,1899.17,1961.64
TR-040364,2025-09-12,Dry Van,1352.36,True,1390.34,1361.06,1337.33,1390.32
TR-040365,2025-09-12,Reefer,3269.05,True,3356.7,3264.19,3231.25,3361.74
TR-040366,2025-09-12,Dry Van,1384.88,True,1352.78,1359.95,1302.08,1330.93
TR-040367,2025-09-12,Reefer,1760.79,True,1797.93,1727.53,1734.57,1851.36
TR-040368,2025-09-12,Dry Van,2275.58,True,2262.17,2208.98,2188.71,2281.06
TR-040369,2025-09-12,Dry Van,1365.44,True,1329.72,1296.84,1282.08,1350.58
TR-040370,2025-09-12,Reefer,870.24,True,884.88,867.16,857.92,894.65
TR-040371,2025-09-12,Dry Van,4070.73,True,4109.16,4020.16,3975.17,4108.28
TR-040372,2025-09-12,Reefer,2270.2,True,2243.36,2210.3,2159.68,2256.21
TR-040373,2025-09-12,Dry Van,2926.04,True,2973.5,2963.33,2859.5,2976.86
TR-040374,2025-09-12,Flatbed,2770.25,True,2755.73,2712.11,2645.99,2836.44
TR-040375,2025-09-12,Dry Van,1254.79,True,1278.59,1255.6,1230.23,1255.38
TR-040376,2025-09-12,Flatbed,2776.29,True,2743.68,2673.1,2645.13,2775.31
TR-040377,2025-09-12,Flatbed,2124.53,True,2134.36,2080.2,2059.56,2202.35
TR-040378,2025-09-12,Dry Van,1496.82,True,1468.94,1447.96,1415.03,1474.47
TR-040379,2025-09-12,Dry Van,1110.55,True,1086.47,1065.02,1052.03,1095.43
TR-040380,2025-09-13,Reefer,5032.44,True,4975.46,5044.6,4771.33,5023.79
TR-040381,2025-09-13,Flatbed,1156.27,True,1144.39,1131.07,1093.66,1149.98
TR-040382,2025-09-13,Flatbed,3594.44,True,3581.46,3438.67,3449.72,3446.93
TR-040383,2025-09-13,Dry Van,5024.42,True,5113.29,5000.9,4895.61,5018.33
TR-040384,2025-09-13,Dry Van,3518.99,True,3407.32,3376.96,3272.5,3400.18
TR-040385,2025-09-13,Dry Van,1308.11,True,1326.25,1305.69,1287.79,1329.96
TR-040386,2025-09-13,Reefer,2641.06,True,2662.03,2537.51,2549.95,2666.0
TR-040387,2025-09-13,Dry Van,2047.73,True,2056.86,2024.2,1986.96,2086.67
TR-040388,2025-09-13,Dry Van,1098.51,True,1106.51,1083.75,1061.31,1109.57
TR-040389,2025-09-13,Reefer,2165.4,True,2190.76,2157.38,2100.97,2212.79
TR-040390,2025-09-13,Dry Van,642.34,True,625.47,618.19,607.45,611.18
TR-040391,2025-09-13,Reefer,2312.59,True,2273.51,2254.36,2193.41,2272.5
TR-040392,2025-09-13,Dry Van,3300.38,True,3234.42,3148.54,3119.39,3256.56
TR-040393,2025-09-13,Dry Van,4012.45,True,4074.73,4065.28,3907.41,4057.49
TR-040394,2025-09-13,Dry Van,3842.18,True,3827.24,3812.02,3688.51,3843.33
TR-040395,2025-09-13,Reefer,4067.4,True,4058.92,3984.02,3903.64,4026.99
TR-040396,2025-09-13,Reefer,1871.23,True,1861.68,1830.83,1784.76,1859.68
TR-040397,2025-09-13,Dry Van,1345.09,True,1313.02,1289.12,1275.44,1302.85
TR-040398,2025-09-13,Dry Van,2379.95,True,2412.12,2381.74,2336.31,2473.08
TR-040399,2025-09-13,Dry Van,3234.86,True,3259.58,3313.71,3123.1,3194.05
TR-040400,2025-09-13,Dry Van,3888.05,True,3839.31,3812.77,3689.56,3726.59
TR-040401,2025-09-13,Dry Van,5546.62,True,5433.22,5053.35,5241.91,5153.61
TR-040402,2025-09-13,Reefer,1170.83,True,1149.61,1183.92,1112.31,1126.96
TR-040403,2025-09-13,Dry Van,827.34,True,807.2,797.99,779.81,773.31
TR-040404,2025-09-13,Dry Van,1401.93,True,1403.79,1363.23,1360.5,1425.43
TR-040405,2025-09-13,Dry Van,2614.48,True,2582.55,2559.39,2495.07,2667.23
TR-040406,2025-09-13,Reefer,1219.14,True,1221.45,1195.01,1171.61,1242.52
TR-040407,2025-09-13,Reefer,3280.39,True,3323.54,3212.02,3189.71,3306.35
TR-040408,2025-09-13,Dry Van,1654.89,True,1668.96,1646.48,1602.06,1673.51
TR-040409,2025-09-13,Dry Van,3701.25,True,3694.92,3610.24,3557.98,3731.97
TR-040410,2025-09-13,Reefer,4009.05,True,4000.81,3940.29,3834.57,3875.75
TR-040411,2025-09-13,Flatbed,3045.39,True,3065.87,2965.76,2940.67,3038.47
TR-040412,2025-09-13,Reefer,2354.32,True,2334.94,2279.99,2246.07,2341.23
TR-040413,2025-09-13,Flatbed,1044.62,True,1054.01,1019.39,1014.67,1052.17
TR-040414,2025-09-13,Reefer,4472.56,True,4454.87,4333.96,4311.39,4470.65
TR-040415,2025-09-13,Flatbed,3543.62,True,3533.21,3402.15,3402.33,3553.3
TR-040416,2025-09-13,Dry Van,1172.55,True,1204.49,1140.8,1170.77,1254.6
TR-040417,2025-09-13,Dry Van,522.39,True,532.78,523.71,510.59,520.74
TR-040418,2025-09-13,Flatbed,946.45,True,919.77,878.2,879.66,918.98
TR-040419,2025-09-13,Reefer,1287.81,True,1271.13,1262.85,1231.47,1296.98
TR-040420,2025-09-13,Reefer,2479.11,True,2489.48,2357.92,2394.06,2495.94
TR-040421,2025-09-13,Dry Van,1079.36,True,1102.2,1065.16,1057.99,1089.23
TR-040422,2025-09-13,Dry Van,2108.65,True,2046.46,2051.22,1970.85,2068.6
TR-040423,2025-09-13,Reefer,1228.34,True,1229.01,1225.1,1175.64,1228.75
TR-040424,2025-09-13,Flatbed,1651.44,True,1690.29,1652.7,1645.74,1710.31
TR-040425,2025-09-13,Reefer,2785.71,True,2772.24,2687.3,2660.74,2772.61
TR-040426,2025-09-13,Dry Van,1009.66,True,1019.69,991.85,981.66,1031.82
TR-040427,2025-09-13,Dry Van,2166.72,True,2195.17,2172.61,2102.17,2165.07
TR-040428,2025-09-13,Dry Van,2058.77,True,2061.64,2065.52,1977.88,2014.44
TR-040429,2025-09-13,Dry Van,3388.79,True,3380.85,3340.75,3248.58,3360.34
TR-040430,2025-09-13,Reefer,3731.04,True,3789.97,3698.16,3673.9,3760.95
TR-040431,2025-09-13,Dry Van,2474.14,True,2529.88,2513.93,2429.22,2498.77
TR-040432,2025-09-13,Dry Van,3947.05,True,3926.28,3908.94,3811.82,4029.79
TR-040433,2025-09-13,Dry Van,3475.62,True,3560.59,3474.02,3449.24,3591.35
TR-040434,2025-09-13,Dry Van,2662.84,True,2720.51,2673.11,2636.34,2746.75
TR-040435,2025-09-13,Dry Van,3904.05,True,3889.7,3851.34,3751.78,3894.01
TR-040436,2025-09-13,Dry Van,1296.1,True,1283.15,1267.86,1229.74,1260.1
TR-040437,2025-09-13,Dry Van,5031.51,True,5008.77,5040.57,4826.21,4900.62
TR-040438,2025-09-13,Dry Van,3090.11,True,3042.62,2955.02,2925.62,3004.07
TR-040439,2025-09-13,Dry Van,463.47,True,477.51,464.27,458.45,460.79
TR-040440,2025-09-13,Dry Van,2545.48,True,2493.43,2493.65,2399.09,2536.49
TR-040441,2025-09-13,Flatbed,1686.2,True,1666.69,1625.79,1615.24,1688.56
TR-040442,2025-09-13,Dry Van,1454.96,True,1478.17,1445.97,1421.46,1499.43
TR-040443,2025-09-13,Dry Van,4695.81,True,4634.85,4644.45,4445.14,4577.05
TR-040444,2025-09-13,Dry Van,2958.37,True,2971.91,2979.81,2869.96,2957.57
TR-040445,2025-09-13,Dry Van,1734.08,True,1748.87,1712.45,1686.64,1731.25
TR-040446,2025-09-13,Flatbed,1585.84,True,1611.97,1576.14,1556.52,1618.61
TR-040447,2025-09-13,Flatbed,2357.09,True,2325.93,2237.41,2250.79,2317.23
TR-040448,2025-09-13,Dry Van,1203.48,True,1204.24,1186.74,1162.95,1203.84
TR-040449,2025-09-13,Dry Van,4194.59,True,4317.42,4267.02,4164.94,4277.94
TR-040450,2025-09-13,Reefer,1836.72,True,1807.49,1801.16,1735.88,1824.3
TR-040451,2025-09-13,Dry Van,1044.71,True,1042.65,1006.77,1003.83,1080.78
TR-040452,2025-09-13,Reefer,1951.01,True,1945.85,1896.55,1874.64,1979.5
TR-040453,2025-09-13,Reefer,1304.13,True,1325.06,1294.57,1271.52,1332.72
TR-040454,2025-09-13,Flatbed,2187.52,True,2181.93,2155.27,2085.25,2197.24
TR-040455,2025-09-13,Reefer,615.98,True,606.88,635.06,587.27,595.88
TR-040456,2025-09-13,Dry Van,5455.82,True,5489.0,5264.62,5265.58,5421.93
TR-040457,2025-09-13,Flatbed,3089.77,True,3131.88,3009.28,3012.89,3083.04
TR-040458,2025-09-13,Dry Van,2391.71,True,2434.43,2446.86,2359.71,2438.85
TR-040459,2025-09-13,Flatbed,4738.84,True,4649.7,4556.16,4483.73,4548.97
TR-040460,2025-09-13,Dry Van,255.06,True,253.99,247.13,246.25,247.32
TR-040461,2025-09-13,Dry Van,1799.91,True,1792.43,1772.27,1729.82,1800.63
TR-040462,2025-09-13,Reefer,4376.14,True,4352.02,4252.48,4175.36,4330.32
TR-040463,2025-09-13,Reefer,1688.51,True,1681.27,1668.29,1616.65,1685.69
TR-040464,2025-09-13,Dry Van,2187.93,True,2203.12,2200.86,2121.54,2212.14
TR-040465,2025-09-13,Dry Van,3475.74,True,3546.77,3510.15,3419.52,3595.66
TR-040466,2025-09-13,Flatbed,1608.67,True,1620.51,1574.85,1566.88,1679.13
TR-040467,2025-09-13,Flatbed,552.07,True,531.42,549.5,508.39,511.05
TR-040468,2025-09-13,Dry Van,2883.87,True,2926.84,2879.84,2815.06,2949.14
TR-040469,2025-09-13,Flatbed,2079.12,True,2117.94,2049.59,2056.1,2121.9
TR-040470,2025-09-13,Dry Van,1328.98,True,1319.21,1306.15,1267.06,1299.6
TR-040471,2025-09-13,Flatbed,2066.4,True,2069.75,1992.95,1995.15,2036.37
TR-040472,2025-09-13,Reefer,2886.97,True,2862.8,2781.12,2753.12,2851.81
TR-040473,2025-09-13,Dry Van,1878.13,True,1866.92,1829.26,1804.14,1852.95
TR-040474,2025-09-13,Dry Van,1906.74,True,1940.48,1977.34,1860.55,1939.01
TR-040475,2025-09-13,Reefer,1632.62,True,1642.19,1626.85,1578.47,1643.23
TR-040476,2025-09-13,Dry Van,2622.33,True,2583.24,2516.11,2487.9,2568.55
TR-040477,2025-09-13,Dry Van,4250.53,True,4192.59,4213.66,4030.57,4169.03
TR-040478,2025-09-13,Dry Van,1417.05,True,1377.17,1362.47,1332.66,1363.85
TR-040479,2025-09-13,Dry Van,2092.12,True,2069.19,2019.3,1997.63,2078.32
TR-040480,2025-09-13,Dry Van,719.31,True,731.21,727.68,702.98,717.81
TR-040481,2025-09-13,Flatbed,863.27,True,881.55,861.64,845.49,875.5
TR-040482,2025-09-13,Dry Van,1933.73,True,1997.92,1975.59,1944.08,1957.2
TR-040483,2025-09-13,Dry Van,1571.83,True,1563.72,1532.88,1510.31,1612.37
TR-040484,2025-09-13,Dry Van,1271.19,True,1316.27,1291.23,1269.96,1305.91
TR-040485,2025-09-13,Dry Van,1900.04,True,1923.67,1894.06,1864.9,1939.65
TR-040486,2025-09-13,Reefer,3954.63,True,4017.85,3914.29,3846.59,3877.16
TR-040487,2025-09-13,Dry Van,2561.78,True,2650.83,2636.6,2557.09,2625.03
TR-040488,2025-09-13,Reefer,5851.44,True,5797.85,5704.56,5632.76,5610.34
TR-040489,2025-09-13,Dry Van,1960.67,True,1989.09,1937.17,1916.89,2006.72
TR-040490,2025-09-13,Dry Van,2971.31,True,2996.51,2892.36,2883.97,2968.45
TR-040491,2025-09-13,Dry Van,5391.91,True,5269.79,5215.12,5060.44,5171.44
TR-040492,2025-09-13,Flatbed,4266.21,True,4218.46,4109.6,4083.36,4199.14
TR-040493,2025-09-13,Reefer,2520.81,True,2575.49,2440.69,2470.13,2594.0
TR-040494,2025-09-13,Dry Van,3124.48,True,3133.41,3103.41,3036.21,3088.77
TR-040495,2025-09-13,Dry Van,1878.81,True,1901.44,1849.76,1836.17,1928.0
TR-040496,2025-09-13,Dry Van,585.46,True,595.47,585.66,579.17,594.61
TR-040497,2025-09-13,Dry Van,2333.85,True,2365.71,2377.74,2271.03,2360.54
TR-040498,2025-09-13,Dry Van,2162.01,True,2119.77,2090.22,2047.23,2082.67
TR-040499,2025-09-13,Reefer,780.38,True,782.61,789.37,752.94,786.82
TR-040500,2025-09-13,Flatbed,2027.02,True,2007.25,1964.32,1917.17,1980.68
TR-040501,2025-09-13,Dry Van,2341.29,True,2328.17,2258.21,2255.97,2331.48
TR-040502,2025-09-13,Dry Van,2582.43,True,2544.57,2479.62,2450.43,2544.14
TR-040503,2025-09-13,Dry Van,4209.28,True,4167.45,4172.38,4018.48,4105.89
TR-040504,2025-09-13,Dry Van,5482.81,True,5505.65,5510.11,5331.55,5342.87
TR-040505,2025-09-13,Reefer,1292.29,True,1296.39,1278.97,1239.37,1290.44
TR-040506,2025-09-13,Dry Van,2350.57,True,2350.75,2334.03,2268.77,2376.89
TR-040507,2025-09-13,Dry Van,1693.84,True,1745.53,1712.28,1682.21,1732.89
TR-040508,2025-09-13,Dry Van,2750.57,True,2785.78,2711.28,2697.97,2796.58
TR-040509,2025-09-13,Dry Van,2500.8,True,2454.58,2379.13,2363.65,2436.58
TR-040510,2025-09-13,Dry Van,679.62,True,679.99,670.77,661.21,668.11
TR-040511,2025-09-13,Dry Van,1405.66,True,1380.47,1376.24,1334.83,1379.96
TR-040512,2025-09-13,Flatbed,2735.13,True,2789.08,2648.57,2683.89,2810.76
TR-040513,2025-09-13,Reefer,4475.25,True,4615.18,4469.98,4467.11,4616.65
TR-040514,2025-09-13,Dry Van,900.01,True,906.66,883.56,870.35,891.78
TR-040515,2025-09-13,Reefer,1601.14,True,1615.45,1587.52,1554.73,1611.06
TR-040516,2025-09-13,Dry Van,2754.85,True,2760.71,2746.34,2672.61,2775.7
TR-040517,2025-09-13,Dry Van,698.07,True,700.33,692.56,675.26,663.06
TR-040518,2025-09-13,Dry Van,586.07,True,596.44,587.29,571.13,597.02
TR-040519,2025-09-13,Flatbed,804.41,True,795.82,777.64,761.17,767.8
TR-040520,2025-09-13,Dry Van,1061.76,True,1022.82,986.12,976.0,1016.78
TR-040521,2025-09-13,Dry Van,3432.15,True,3374.33,3416.34,3246.3,3437.69
TR-040522,2025-09-13,Flatbed,1152.91,True,1177.57,1165.08,1140.2,1203.03
TR-040523,2025-09-13,Flatbed,3445.34,True,3430.73,3343.13,3292.81,3421.98
TR-040524,2025-09-13,Dry Van,4873.57,True,4836.29,4778.86,4654.67,4883.27
TR-040525,2025-09-13,Reefer,3772.59,True,3826.92,3755.61,3682.07,3839.02
TR-040526,2025-09-13,Dry Van,2065.79,True,2044.14,2048.32,1972.24,2054.13
TR-040527,2025-09-13,Dry Van,608.99,True,597.08,608.29,578.87,587.76
TR-040528,2025-09-13,Dry Van,2507.83,True,2519.0,2445.96,2416.06,2506.36
TR-040529,2025-09-13,Dry Van,3101.53,True,3213.47,3224.58,3103.85,3215.37
TR-040530,2025-09-13,Reefer,1398.57,True,1398.67,1408.84,1352.66,1382.77
TR-040531,2025-09-13,Dry Van,2085.72,True,2077.11,2049.64,1997.2,2098.53
TR-040532,2025-09-13,Reefer,1932.61,True,1903.18,1878.6,1817.93,1945.36
TR-040533,2025-09-13,Dry Van,3847.17,True,3821.15,3792.17,3690.75,3764.39
TR-040534,2025-09-13,Dry Van,2083.05,True,2018.04,1944.08,1944.97,2021.46
TR-040535,2025-09-13,Dry Van,3883.47,True,3892.97,3748.55,3756.87,3737.82
TR-040536,2025-09-13,Dry Van,590.85,True,595.4,594.02,577.41,578.35
TR-040537,2025-09-13,Dry Van,1809.43,True,1815.08,1762.29,1751.42,1815.55
TR-040538,2025-09-13,Dry Van,1466.23,True,1457.6,1429.41,1405.78,1463.81
TR-040539,2025-09-13,Dry Van,4734.69,True,4720.22,4660.22,4537.37,4555.07
TR-040540,2025-09-13,Reefer,5571.21,True,5596.1,5487.49,5395.66,5647.05
TR-040541,2025-09-13,Dry Van,1483.49,True,1516.84,1475.59,1455.34,1558.19
TR-040542,2025-09-13,Dry Van,4169.76,True,4209.29,4136.74,4042.05,4192.28
TR-040543,2025-09-14,Reefer,4597.16,True,4556.0,4456.8,4387.43,4506.84
TR-040544,2025-09-14,Dry Van,834.73,True,848.13,837.94,815.61,858.24
TR-040545,2025-09-14,Reefer,3989.26,True,4119.85,4066.61,3943.51,4125.21
TR-040546,2025-09-14,Dry Van,4060.39,True,4079.44,4001.38,3903.46,4008.97
TR-040547,2025-09-14,Reefer,1175.58,True,1154.89,1185.01,1101.94,1123.9
TR-040548,2025-09-14,Dry Van,3964.42,True,3880.55,3782.27,3716.09,3666.9
TR-040549,2025-09-14,Dry Van,3539.25,True,3495.7,3439.05,3353.34,3411.78
TR-040550,2025-09-14,Dry Van,1590.9,True,1586.19,1569.73,1518.09,1594.59
TR-040551,2025-09-14,Reefer,2372.35,True,2360.12,2297.8,2266.36,2319.5
TR-040552,2025-09-14,Flatbed,4168.59,True,4192.75,4007.87,3999.22,4094.68
TR-040553,2025-09-14,Reefer,872.33,True,872.36,845.0,830.68,887.65
TR-040554,2025-09-14,Flatbed,1805.4,True,1803.93,1726.32,1742.02,1796.78
TR-040555,2025-09-14,Dry Van,3184.99,True,3208.53,3148.44,3076.91,3237.14
TR-040556,2025-09-14,Dry Van,2393.93,True,2469.8,2445.54,2375.47,2471.33
TR-040557,2025-09-14,Dry Van,3498.42,True,3537.45,3534.84,3380.05,3553.03
TR-040558,2025-09-14,Dry Van,1421.64,True,1392.27,1343.42,1342.37,1404.63
TR-040559,2025-09-14,Reefer,2119.94,True,2084.61,2027.16,2006.73,2062.43
TR-040560,2025-09-14,Dry Van,5663.09,True,5868.02,5664.76,5622.8,5635.55
TR-040561,2025-09-14,Dry Van,872.19,True,887.55,884.38,857.96,872.97
TR-040562,2025-09-14,Dry Van,2379.3,True,2332.76,2228.0,2237.51,2320.2
TR-040563,2025-09-14,Dry Van,1978.44,True,1947.43,1932.47,1867.38,1915.29
TR-040564,2025-09-14,Dry Van,1041.46,True,1028.27,1014.19,983.84,1009.92
TR-040565,2025-09-14,Dry Van,2637.86,True,2659.76,2599.16,2551.8,2631.03
TR-040566,2025-09-14,Reefer,1581.62,True,1599.17,1564.49,1526.11,1593.93
TR-040567,2025-09-14,Flatbed,2171.01,True,2125.23,2091.52,2038.0,2104.29
TR-040568,2025-09-14,Flatbed,3184.5,True,3241.83,3143.79,3100.07,3219.14
TR-040569,2025-09-14,Dry Van,4227.95,True,4162.68,4192.51,3996.77,4162.65
TR-040570,2025-09-14,Reefer,935.55,True,939.4,916.26,897.17,935.13
TR-040571,2025-09-14,Dry Van,1426.71,True,1389.73,1371.95,1343.95,1407.04
TR-040572,2025-09-14,Flatbed,1196.62,True,1181.14,1172.13,1132.5,1193.08
TR-040573,2025-09-14,Flatbed,947.92,True,946.92,927.48,909.31,912.51
TR-040574,2025-09-14,Dry Van,4848.77,True,4915.61,4866.78,4723.6,4825.42
TR-040575,2025-09-14,Reefer,3257.67,True,3252.23,3199.16,3119.2,3197.61
TR-040576,2025-09-14,Reefer,1827.95,True,1852.36,1821.64,1778.69,1848.29
TR-040577,2025-09-14,Flatbed,211.07,True,218.75,193.62,209.18,223.23
TR-040578,2025-09-14,Reefer,1751.84,True,1784.98,1778.87,1723.2,1783.49
TR-040579,2025-09-14,Flatbed,2328.71,True,2333.27,2275.36,2235.65,2342.31
TR-040580,2025-09-14,Reefer,2739.57,True,2708.76,2651.03,2607.72,2751.75
TR-040581,2025-09-14,Dry Van,1036.14,True,1037.49,1009.43,993.03,1043.29
TR-040582,2025-09-14,Dry Van,3452.05,True,3358.04,3364.41,3236.75,3339.25
TR-040583,2025-09-14,Flatbed,1072.22,True,1069.42,1023.79,1037.94,1105.74
TR-040584,2025-09-14,Flatbed,2411.77,True,2442.2,2357.37,2344.57,2422.71
TR-040585,2025-09-14,Flatbed,4941.5,True,4988.07,4847.4,4784.76,4974.77
TR-040586,2025-09-14,Reefer,701.85,True,691.86,686.99,669.57,675.87
TR-040587,2025-09-14,Dry Van,5079.33,True,5083.82,5082.04,4891.51,4971.41
TR-040588,2025-09-14,Flatbed,5218.28,True,5255.26,5116.64,5045.11,5140.81
TR-040589,2025-09-14,Dry Van,4267.23,True,4260.53,4251.46,4084.29,4291.62
TR-040590,2025-09-14,Flatbed,2904.58,True,2804.53,2709.3,2691.41,2778.08
TR-040591,2025-09-14,Dry Van,3822.07,True,3698.84,3678.81,3549.68,3690.32
TR-040592,2025-09-14,Reefer,2365.37,True,2370.42,2317.89,2264.09,2342.36
TR-040593,2025-09-14,Flatbed,2315.08,True,2279.44,2264.52,2196.7,2295.16
TR-040594,2025-09-14,Reefer,1752.86,True,1764.61,1752.54,1695.03,1751.47
TR-040595,2025-09-14,Dry Van,3289.09,True,3268.43,3194.74,3113.03,3192.31
TR-040596,2025-09-14,Reefer,733.39,False,1805.38,1749.41,1740.45,1849.46
TR-040597,2025-09-14,Dry Van,1354.26,True,1339.22,1299.34,1283.23,1335.82
TR-040598,2025-09-14,Dry Van,4223.18,True,4386.57,4294.2,4200.92,4364.14
TR-040599,2025-09-14,Reefer,4618.86,True,4574.46,4486.54,4411.62,4476.95
TR-040600,2025-09-14,Dry Van,4259.02,True,4201.76,4151.56,4057.8,4216.0
TR-040601,2025-09-14,Dry Van,808.74,False,3856.66,3754.38,3695.66,3905.52
TR-040602,2025-09-14,Dry Van,1700.06,True,1703.27,1688.41,1629.61,1719.88
TR-040603,2025-09-14,Flatbed,2338.34,True,2267.03,2213.16,2176.87,2236.73
TR-040604,2025-09-14,Dry Van,1653.93,True,1668.21,1660.89,1603.06,1698.9
TR-040605,2025-09-14,Dry Van,4115.96,True,4114.97,4126.77,3969.45,4105.74
TR-040606,2025-09-14,Dry Van,2525.35,True,2469.34,2453.91,2380.75,2429.83
TR-040607,2025-09-14,Reefer,1940.14,True,1946.95,1914.29,1853.77,1964.55
TR-040608,2025-09-14,Dry Van,3659.54,True,3688.95,3650.25,3545.05,3636.33
TR-040609,2025-09-14,Flatbed,4550.71,True,4584.34,4475.59,4405.87,4572.97
TR-040610,2025-09-14,Flatbed,3778.61,True,3827.67,3698.16,3679.4,3729.51
TR-040611,2025-09-14,Dry Van,952.32,True,932.15,910.23,893.32,914.27
TR-040612,2025-09-14,Flatbed,1914.44,True,1929.17,1831.79,1843.68,1887.54
TR-040613,2025-09-14,Reefer,1088.44,True,1113.54,1084.27,1072.48,1109.52
TR-040614,2025-09-14,Reefer,3916.1,True,3962.23,3874.69,3801.4,3909.19
TR-040615,2025-09-14,Reefer,1040.95,True,1019.75,1046.93,984.86,1046.04
TR-040616,2025-09-14,Dry Van,1990.67,True,2036.0,2045.43,1965.82,2044.47
TR-040617,2025-09-14,Reefer,3698.67,True,3721.01,3578.34,3586.13,3664.6
TR-040618,2025-09-14,Dry Van,2529.22,True,2523.26,2480.38,2419.32,2482.09
TR-040619,2025-09-14,Reefer,885.52,True,889.09,896.4,860.32,870.78
TR-040620,2025-09-14,Dry Van,3043.83,False,833.36,814.07,797.36,838.13
TR-040621,2025-09-14,Dry Van,439.89,True,430.46,409.25,415.42,415.06
TR-040622,2025-09-14,Flatbed,1153.83,True,1152.36,1125.38,1114.83,1154.84
TR-040623,2025-09-14,Reefer,3862.55,True,3817.3,3714.43,3661.72,3735.67
TR-040624,2025-09-14,Dry Van,1890.09,True,1832.74,1796.85,1768.49,1782.41
TR-040625,2025-09-14,Dry Van,3674.7,True,3743.96,3768.0,3607.22,3710.19
TR-040626,2025-09-14,Dry Van,3075.53,True,3108.78,3125.82,2984.84,3128.1
TR-040627,2025-09-14,Reefer,1911.52,True,1919.34,1918.54,1831.85,1914.16
TR-040628,2025-09-14,Dry Van,1647.07,True,1642.33,1609.62,1588.64,1675.11
TR-040629,2025-09-14,Dry Van,968.36,True,981.52,961.62,938.41,967.54
TR-040630,2025-09-14,Flatbed,2236.91,True,2200.69,2180.54,2100.18,2221.86
TR-040631,2025-09-14,Reefer,1041.14,True,1077.28,1067.45,1029.17,1061.98
TR-040632,2025-09-14,Reefer,2656.72,True,2587.37,2548.91,2470.51,2554.18
TR-040633,2025-09-14,Reefer,2750.6,True,2721.12,2654.87,2605.09,2653.64
TR-040634,2025-09-14,Reefer,3015.94,True,3047.93,3016.14,2920.52,3029.26
TR-040635,2025-09-14,Flatbed,897.94,True,882.84,885.87,849.6,887.47
TR-040636,2025-09-14,Dry Van,1535.46,True,1513.15,1470.17,1453.28,1537.45
TR-040637,2025-09-14,Flatbed,1274.27,True,1267.23,1297.92,1221.03,1251.21
TR-040638,2025-09-14,Dry Van,4485.86,True,4512.78,4484.27,4340.94,4394.03
TR-040639,2025-09-14,Flatbed,1930.91,True,2016.33,1976.19,1925.41,1997.86
TR-040640,2025-09-14,Reefer,2747.43,True,2729.15,2635.95,2611.7,2707.63
TR-040641,2025-09-14,Flatbed,2581.86,True,2621.26,2547.87,2532.74,2599.03
TR-040642,2025-09-14,Dry Van,1999.03,True,1951.33,1928.36,1882.64,1974.4
TR-040643,2025-09-14,Reefer,1856.98,True,1849.47,1828.43,1767.55,1826.8
TR-040644,2025-09-14,Reefer,2806.99,True,2779.37,2732.56,2655.5,2702.08
TR-040645,2025-09-14,Flatbed,1047.96,True,1035.97,1004.03,994.97,1033.66
TR-040646,2025-09-14,Reefer,5487.77,True,5489.17,5408.69,5251.68,5436.7
TR-040647,2025-09-14,Reefer,1626.23,True,1641.65,1611.6,1577.5,1653.27
TR-040648,2025-09-14,Dry Van,2468.53,True,2562.05,2542.27,2464.56,2554.14
TR-040649,2025-09-14,Reefer,1359.7,True,1403.95,1357.94,1349.1,1381.9
TR-040650,2025-09-14,Reefer,3944.15,True,3952.74,3855.63,3788.68,3904.98
TR-040651,2025-09-14,Reefer,3304.61,True,3385.4,3281.38,3242.83,3325.3
TR-040652,2025-09-14,Reefer,2541.31,True,2511.94,2459.81,2393.45,2445.14
TR-040653,2025-09-14,Dry Van,1843.13,True,1880.08,1861.36,1793.58,1898.37
TR-040654,2025-09-14,Dry Van,1357.03,True,1381.78,1369.12,1333.26,1361.03
TR-040655,2025-09-14,Dry Van,1492.26,True,1500.68,1464.84,1445.06,1497.03
TR-040656,2025-09-14,Dry Van,1151.06,True,1159.14,1165.17,1116.82,1160.89
TR-040657,2025-09-14,Dry Van,4344.6,True,4370.28,4380.59,4212.29,4360.61
TR-040658,2025-09-14,Reefer,1465.86,True,1513.38,1511.75,1444.26,1480.7
TR-040659,2025-09-14,Dry Van,1555.76,True,1534.1,1538.92,1480.54,1517.07
TR-040660,2025-09-14,Flatbed,1745.31,True,1757.77,1705.67,1685.19,1761.89
TR-040661,2025-09-14,Reefer,2401.12,True,2446.98,2343.25,2348.74,2381.99
TR-040662,2025-09-14,Flatbed,1536.67,True,1562.12,1536.89,1504.04,1572.47
TR-040663,2025-09-14,Flatbed,3211.14,True,3231.68,3070.39,3095.33,3201.94
TR-040664,2025-09-14,Dry Van,1394.94,True,1440.03,1416.35,1385.91,1452.3
TR-040665,2025-09-14,Dry Van,1245.58,True,1249.0,1224.08,1202.79,1220.12
TR-040666,2025-09-14,Dry Van,1114.52,True,1121.28,1110.47,1084.13,1101.16
TR-040667,2025-09-14,Dry Van,5308.01,True,5298.29,5322.26,5093.38,5156.36
TR-040668,2025-09-14,Flatbed,1833.03,True,1829.01,1798.88,1749.35,1794.97
TR-040669,2025-09-14,Reefer,758.17,True,755.71,743.08,723.86,747.93
TR-040670,2025-09-14,Dry Van,1393.75,True,1380.66,1360.46,1330.07,1361.41
TR-040671,2025-09-14,Dry Van,975.82,True,977.2,948.45,934.13,975.36
TR-040672,2025-09-14,Reefer,2122.92,True,2159.11,2122.04,2054.22,2152.3
TR-040673,2025-09-14,Dry Van,1493.78,True,1483.28,1496.85,1419.36,1490.26
TR-040674,2025-09-14,Dry Van,2587.46,True,2558.15,2625.25,2444.94,2488.08
TR-040675,2025-09-14,Dry Van,4724.87,True,4578.12,4535.12,4400.51,4333.9
TR-040676,2025-09-14,Reefer,1311.04,True,1319.15,1298.08,1266.17,1294.21
TR-040677,2025-09-14,Reefer,1367.4,True,1378.42,1349.64,1338.78,1371.63
TR-040678,2025-09-14,Reefer,803.0,True,807.04,819.94,778.31,812.55
TR-040679,2025-09-14,Dry Van,4277.4,False,1313.93,1296.36,1259.25,1295.05
TR-040680,2025-09-14,Dry Van,1544.08,True,1571.09,1537.8,1501.97,1589.68
TR-040681,2025-09-14,Dry Van,2356.8,True,2372.46,2346.67,2274.35,2399.81
TR-040682,2025-09-14,Flatbed,2282.38,True,2301.39,2213.22,2205.43,2279.16
TR-040683,2025-09-14,Flatbed,868.27,True,852.27,875.56,811.23,810.11
TR-040684,2025-09-14,Reefer,913.85,True,908.81,907.8,880.1,898.95
TR-040685,2025-09-14,Dry Van,2142.39,True,2101.87,2087.65,2013.34,2108.34
TR-040686,2025-09-14,Reefer,1683.98,True,1658.58,1668.08,1608.43,1646.08
TR-040687,2025-09-14,Reefer,1978.32,True,1955.41,1936.74,1894.26,1975.72
TR-040688,2025-09-14,Reefer,2480.99,True,2501.2,2418.15,2408.84,2474.17
TR-040689,2025-09-14,Dry Van,1663.98,True,1664.92,1633.8,1594.29,1707.59
TR-040690,2025-09-14,Dry Van,3141.7,True,3157.37,3206.35,3039.93,3144.17
TR-040691,2025-09-14,Flatbed,1228.47,True,1228.04,1200.5,1180.08,1206.31
TR-040692,2025-09-14,Dry Van,2088.95,True,2107.44,2071.07,2031.35,2116.39
TR-040693,2025-09-14,Dry Van,907.21,True,912.04,895.1,876.23,930.8
TR-040694,2025-09-14,Dry Van,3541.96,True,3579.53,3514.23,3451.38,3528.38
TR-040695,2025-09-14,Dry Van,2273.19,True,2302.12,2321.19,2214.07,2337.05
TR-040696,2025-09-14,Dry Van,2525.6,True,2577.67,2574.69,2461.31,2533.77
TR-040697,2025-09-14,Dry Van,3579.73,True,3553.19,3492.25,3426.84,3590.56
TR-040698,2025-09-14,Flatbed,5121.15,True,5154.02,4936.84,4917.27,4998.98
TR-040699,2025-09-14,Reefer,2075.54,True,2053.71,2014.98,1975.74,2039.62
TR-040700,2025-09-14,Dry Van,806.71,True,791.66,784.92,755.36,753.55
TR-040701,2025-09-14,Dry Van,3211.44,True,3222.31,3144.57,3090.01,3162.35
TR-040702,2025-09-14,Dry Van,1020.34,True,1065.3,1027.07,1020.42,1045.12
TR-040703,2025-09-14,Dry Van,3341.34,True,3256.07,3259.74,3118.68,3252.98
TR-040704,2025-09-14,Dry Van,737.54,True,742.19,724.39,708.95,730.41
TR-040705,2025-09-14,Reefer,1223.19,True,1210.98,1176.05,1165.66,1157.15
TR-040706,2025-09-14,Dry Van,1566.25,True,1527.57,1489.92,1469.83,1545.89
TR-040707,2025-09-15,Flatbed,3062.16,True,3095.55,3013.15,2959.31,3006.04
TR-040708,2025-09-15,Reefer,3074.81,True,3111.07,3034.84,3017.81,3129.39
TR-040709,2025-09-15,Reefer,1431.72,True,1458.07,1427.14,1399.38,1473.45
TR-040710,2025-09-15,Flatbed,4563.16,True,4616.72,4555.28,4414.21,4516.3
TR-040711,2025-09-15,Dry Van,1632.04,True,1607.62,1639.43,1553.03,1619.0
TR-040712,2025-09-15,Dry Van,4885.54,True,4931.26,4899.29,4777.87,4928.83
TR-040713,2025-09-15,Dry Van,948.95,True,945.19,927.64,906.82,942.28
TR-040714,2025-09-15,Flatbed,2133.96,True,2032.13,1996.71,1947.21,2028.47
TR-040715,2025-09-15,Dry Van,3110.59,True,3117.16,3107.33,2979.76,3078.45
TR-040716,2025-09-15,Dry Van,1424.34,True,1458.2,1439.47,1400.73,1457.58
TR-040717,2025-09-15,Reefer,2335.22,True,2345.29,2283.84,2276.08,2351.22
TR-040718,2025-09-15,Dry Van,1687.24,True,1701.61,1665.0,1618.77,1713.41
TR-040719,2025-09-15,Flatbed,1102.46,True,1105.03,1078.11,1057.98,1086.66
TR-040720,2025-09-15,Dry Van,1299.13,True,1289.14,1267.61,1230.8,1269.94
TR-040721,2025-09-15,Reefer,1324.29,True,1323.5,1308.89,1269.01,1347.1
TR-040722,2025-09-15,Dry Van,1738.51,True,1793.26,1792.39,1724.99,1833.5
TR-040723,2025-09-15,Reefer,4570.75,True,4630.84,4498.59,4428.81,4538.46
TR-040724,2025-09-15,Dry Van,3515.75,False,813.49,797.12,783.13,816.69
TR-040725,2025-09-15,Dry Van,905.06,True,924.38,915.27,890.98,928.39
TR-040726,2025-09-15,Dry Van,3307.65,True,3356.69,3297.96,3217.31,3230.67
TR-040727,2025-09-15,Flatbed,1573.36,True,1546.57,1513.78,1467.34,1559.72
TR-040728,2025-09-15,Reefer,1764.63,True,1819.96,1771.95,1747.5,1851.59
TR-040729,2025-09-15,Flatbed,5473.89,True,5495.05,5285.95,5241.37,5482.87
TR-040730,2025-09-15,Dry Van,4555.22,True,4443.57,4405.88,4260.42,4377.72
TR-040731,2025-09-15,Reefer,996.42,True,978.68,987.37,941.79,956.83
TR-040732,2025-09-15,Dry Van,2772.19,True,2775.16,2633.22,2679.82,2762.17
TR-040733,2025-09-15,Reefer,1627.76,True,1657.85,1643.5,1583.84,1662.29
TR-040734,2025-09-15,Dry Van,1814.27,True,1784.54,1770.28,1709.5,1770.22
TR-040735,2025-09-15,Flatbed,1211.23,True,1189.23,1194.25,1151.36,1185.91
TR-040736,2025-09-15,Reefer,4400.11,True,4346.92,4247.75,4175.49,4345.37
TR-040737,2025-09-15,Flatbed,2144.77,True,2123.7,2039.35,2027.22,2115.03
TR-040738,2025-09-15,Flatbed,3584.65,True,3628.47,3462.06,3474.89,3488.81
TR-040739,2025-09-15,Dry Van,4151.1,True,4151.34,4156.58,3972.04,4191.73
TR-040740,2025-09-15,Dry Van,2467.5,True,2455.64,2369.04,2341.87,2390.15
TR-040741,2025-09-15,Dry Van,1050.24,True,1046.36,1025.28,1006.05,1040.53
TR-040742,2025-09-15,Dry Van,3094.1,True,3001.41,3003.47,2890.84,3035.88
TR-040743,2025-09-15,Flatbed,3206.78,True,3213.85,3077.44,3073.71,3161.47
TR-040744,2025-09-15,Dry Van,3771.61,True,3803.29,3763.11,3678.82,3833.59
TR-040745,2025-09-15,Reefer,2081.42,True,2100.46,2089.07,2016.87,2117.6
TR-040746,2025-09-15,Dry Van,968.79,True,962.84,945.77,923.41,957.95
TR-040747,2025-09-15,Dry Van,2265.27,True,2321.78,2324.93,2216.19,2291.29
TR-040748,2025-09-15,Dry Van,588.75,True,590.93,574.62,568.6,577.3
TR-040749,2025-09-15,Flatbed,674.16,True,671.45,650.24,645.61,665.67
TR-040750,2025-09-15,Reefer,4757.28,True,4815.67,4763.46,4600.6,4736.98
TR-040751,2025-09-15,Reefer,3565.01,True,3582.42,3477.3,3461.82,3571.06
TR-040752,2025-09-15,Dry Van,1017.61,True,1009.0,991.66,971.7,1008.85
TR-040753,2025-09-15,Dry Van,1132.1,True,1145.81,1126.83,1100.36,1163.88
TR-040754,2025-09-15,Dry Van,3533.31,True,3591.69,3551.54,3447.76,3600.15
TR-040755,2025-09-15,Flatbed,4317.3,True,4181.37,4079.87,4021.04,4122.64
TR-040756,2025-09-15,Reefer,1839.49,True,1816.66,1823.4,1755.0,1808.66
TR-040757,2025-09-15,Reefer,1720.57,True,1734.22,1660.99,1682.77,1729.96
TR-040758,2025-09-15,Reefer,1619.11,True,1592.93,1601.66,1546.96,1594.06
TR-040759,2025-09-15,Dry Van,4006.97,True,3970.88,3959.02,3824.16,4010.8
TR-040760,2025-09-15,Reefer,3216.59,True,3271.39,3177.81,3149.31,3216.34
TR-040761,2025-09-15,Reefer,3617.9,True,3720.68,3594.67,3561.16,3645.81
TR-040762,2025-09-15,Reefer,453.28,True,446.41,459.67,427.47,429.35
TR-040763,2025-09-15,Flatbed,1604.51,True,1599.48,1547.65,1533.28,1620.06
TR-040764,2025-09-15,Reefer,2148.4,True,2154.08,2103.94,2065.63,2169.78
TR-040765,2025-09-15,Reefer,4688.14,True,4641.29,4477.21,4461.07,4611.64
TR-040766,2025-09-15,Dry Van,778.24,True,784.68,781.7,751.91,774.18
TR-040767,2025-09-15,Dry Van,3409.93,True,3419.91,3368.1,3305.73,3369.99
TR-040768,2025-09-15,Dry Van,1767.56,True,1772.06,1730.84,1709.62,1777.1
TR-040769,2025-09-15,Dry Van,1947.44,True,1904.27,1856.96,1824.17,1925.55
TR-040770,2025-09-15,Dry Van,4955.66,True,4786.65,4831.73,4583.55,4683.43
TR-040771,2025-09-15,Dry Van,1174.63,True,1156.79,1138.73,1114.3,1172.16
TR-040772,2025-09-15,Reefer,1172.91,True,1181.09,1186.64,1133.59,1182.22
TR-040773,2025-09-15,Dry Van,466.35,True,461.42,460.08,442.71,444.19
TR-040774,2025-09-15,Reefer,5059.98,True,4921.49,4830.11,4703.12,4888.74
TR-040775,2025-09-15,Reefer,575.21,False,2320.55,2258.26,2233.51,2309.14
TR-040776,2025-09-15,Reefer,2707.48,True,2696.49,2656.06,2572.94,2697.02
TR-040777,2025-09-15,Dry Van,4476.59,True,4296.99,4283.7,4115.35,4290.67
TR-040778,2025-09-15,Reefer,1701.5,True,1741.17,1701.15,1684.99,1720.87
TR-040779,2025-09-15,Dry Van,3500.96,True,3418.85,3392.48,3272.05,3371.35
TR-040780,2025-09-15,Reefer,1080.4,True,1111.6,1099.01,1065.93,1097.27
TR-040781,2025-09-15,Reefer,1575.85,True,1565.84,1551.19,1505.01,1566.44
TR-040782,2025-09-15,Flatbed,1644.06,True,1639.79,1572.56,1568.83,1648.88
TR-040783,2025-09-15,Dry Van,2184.53,True,2214.93,2201.73,2122.44,2207.4
TR-040784,2025-09-15,Flatbed,3274.66,True,3244.63,3138.43,3097.87,3149.87
TR-040785,2025-09-15,Reefer,5052.62,True,4928.11,4764.88,4706.79,4867.66
TR-040786,2025-09-15,Flatbed,729.28,True,738.01,740.0,710.53,703.48
TR-040787,2025-09-15,Flatbed,1347.06,True,1356.7,1291.05,1308.01,1315.92
TR-040788,2025-09-15,Dry Van,3080.46,True,3093.79,3058.61,2965.31,3089.3
TR-040789,2025-09-15,Flatbed,4583.82,True,4444.57,4373.66,4264.45,4438.08
TR-040790,2025-09-15,Flatbed,3336.87,True,3391.84,3306.63,3249.24,3414.62
TR-040791,2025-09-15,Reefer,2863.65,True,2913.76,2788.46,2798.3,2896.12
TR-040792,2025-09-15,Dry Van,1594.5,True,1631.38,1629.15,1565.47,1611.85
TR-040793,2025-09-15,Dry Van,1965.05,True,2003.69,1956.04,1914.45,2006.29
TR-040794,2025-09-15,Dry Van,1069.2,True,1060.08,1040.97,1016.47,1064.02
TR-040795,2025-09-15,Dry Van,1050.81,True,1055.67,1048.67,1013.52,1050.29
TR-040796,2025-09-15,Flatbed,4330.39,True,4314.55,4168.53,4130.91,4272.02
TR-040797,2025-09-15,Dry Van,1106.96,True,1089.19,1054.57,1055.59,1080.18
TR-040798,2025-09-15,Dry Van,3386.05,True,3504.98,3461.78,3370.19,3521.67
TR-040799,2025-09-15,Flatbed,426.34,True,435.87,442.42,420.2,420.69
TR-040800,2025-09-15,Dry Van,2665.44,True,2676.1,2748.6,2555.52,2680.61
TR-040801,2025-09-15,Flatbed,5290.27,True,5340.64,5202.71,5109.57,5299.96
TR-040802,2025-09-15,Dry Van,2763.04,True,2797.71,2802.94,2694.78,2817.76
TR-040803,2025-09-15,Dry Van,1498.19,True,1546.62,1499.36,1492.0,1596.48
TR-040804,2025-09-15,Dry Van,823.54,True,813.67,777.38,781.32,782.73
TR-040805,2025-09-15,Dry Van,730.98,True,724.01,699.69,691.89,717.05
TR-040806,2025-09-15,Dry Van,1937.55,True,1913.74,1888.35,1848.11,1860.42
TR-040807,2025-09-15,Dry Van,3218.12,True,3264.47,3205.32,3123.32,3180.54
TR-040808,2025-09-15,Dry Van,4622.68,True,4690.74,4668.93,4489.89,4672.77
TR-040809,2025-09-15,Dry Van,1354.82,True,1365.57,1347.14,1302.97,1370.7
TR-040810,2025-09-15,Dry Van,2478.05,True,2513.03,2458.9,2399.83,2477.94
TR-040811,2025-09-15,Dry Van,2165.51,True,2179.23,2203.4,2090.3,2188.31
TR-040812,2025-09-15,Dry Van,1196.67,True,1197.83,1142.15,1152.86,1202.79
TR-040813,2025-09-15,Flatbed,2261.1,True,2254.37,2184.26,2176.44,2207.79
TR-040814,2025-09-15,Dry Van,2689.4,True,2687.07,2625.8,2559.22,2675.56
TR-040815,2025-09-15,Reefer,1502.22,True,1518.36,1484.26,1453.24,1511.09
TR-040816,2025-09-15,Reefer,1496.45,True,1514.51,1512.06,1451.65,1513.01
TR-040817,2025-09-15,Reefer,2041.42,True,2084.53,2026.31,2002.11,2085.47
TR-040818,2025-09-15,Dry Van,4089.63,True,4093.59,4107.28,3927.08,4106.63
TR-040819,2025-09-15,Dry Van,2015.11,True,2076.54,2045.24,1986.39,2062.39
TR-040820,2025-09-15,Reefer,1168.59,True,1159.15,1187.87,1105.87,1124.82
TR-040821,2025-09-15,Dry Van,1672.92,True,1673.24,1646.82,1601.22,1688.23
TR-040822,2025-09-15,Flatbed,2808.09,True,2762.9,2697.3,2665.74,2785.17
TR-040823,2025-09-15,Reefer,2228.44,True,2264.84,2231.77,2169.67,2284.68
TR-040824,2025-09-15,Flatbed,3175.28,True,3246.15,3100.69,3101.71,3208.47
TR-040825,2025-09-15,Dry Van,1787.88,True,1804.2,1794.4,1731.52,1802.7
TR-040826,2025-09-15,Dry Van,5510.91,True,5479.65,5450.35,5274.61,5281.04
TR-040827,2025-09-15,Reefer,2671.07,True,2684.4,2569.0,2563.27,2641.26
TR-040828,2025-09-15,Dry Van,5392.76,True,5352.13,5294.09,5146.3,5240.1
TR-040829,2025-09-15,Dry Van,4220.44,True,4259.25,4242.82,4065.02,4265.4
TR-040830,2025-09-15,Dry Van,1807.31,True,1803.37,1790.65,1739.94,1819.44
TR-040831,2025-09-15,Reefer,5682.27,True,5646.81,5608.48,5458.81,5505.96
TR-040832,2025-09-15,Dry Van,3185.85,True,3156.12,3078.24,3024.04,3107.03
TR-040833,2025-09-15,Dry Van,4442.45,True,4471.58,4411.19,4307.11,4243.72
TR-040834,2025-09-15,Dry Van,1233.62,True,1218.33,1191.41,1180.78,1187.77
TR-040835,2025-09-15,Dry Van,3073.89,True,2979.22,2983.35,2854.56,2911.08
TR-040836,2025-09-15,Reefer,1438.67,True,1437.69,1413.67,1372.92,1453.75
TR-040837,2025-09-15,Reefer,3210.74,True,3272.26,3192.29,3139.61,3279.36
TR-040838,2025-09-15,Dry Van,1049.12,True,1043.26,1031.78,999.25,1032.11
TR-040839,2025-09-15,Dry Van,4018.01,True,3979.24,4033.49,3832.12,3978.1
TR-040840,2025-09-15,Reefer,2835.01,True,2828.43,2739.54,2743.67,2807.51
TR-040841,2025-09-15,Reefer,1053.79,True,1051.73,1074.71,1012.54,1020.44
TR-040842,2025-09-15,Dry Van,1821.43,True,1818.46,1782.93,1740.14,1797.63
TR-040843,2025-09-15,Reefer,3852.73,True,3751.64,3716.13,3586.3,3737.09
TR-040844,2025-09-15,Flatbed,6307.27,True,6394.81,6213.47,6101.97,6099.63
TR-040845,2025-09-15,Dry Van,1980.81,True,2007.11,1951.57,1929.23,2002.28
TR-040846,2025-09-15,Dry Van,4645.13,True,4686.51,4579.77,4481.63,4653.31
TR-040847,2025-09-15,Reefer,2554.83,True,2631.8,2566.81,2530.8,2656.68
TR-040848,2025-09-15,Flatbed,1737.3,True,1715.92,1668.42,1658.33,1756.52
TR-040849,2025-09-15,Dry Van,1166.74,True,1201.24,1163.76,1160.19,1224.58
TR-040850,2025-09-15,Reefer,1267.79,True,1265.24,1256.99,1213.63,1242.13
TR-040851,2025-09-16,Reefer,1378.26,True,1406.31,1388.5,1356.52,1396.1
TR-040852,2025-09-16,Dry Van,1223.22,True,1216.09,1181.21,1165.47,1211.83
TR-040853,2025-09-16,Dry Van,2233.85,True,2197.09,2181.55,2109.68,2203.46
TR-040854,2025-09-16,Reefer,1088.38,True,1087.85,1062.07,1044.06,1104.62
TR-040855,2025-09-16,Dry Van,2085.37,True,2062.9,2025.12,1994.73,2009.26
TR-040856,2025-09-16,Dry Van,2338.37,True,2387.95,2330.55,2313.75,2395.42
TR-040857,2025-09-16,Reefer,1185.12,True,1163.17,1177.79,1132.24,1143.72
TR-040858,2025-09-16,Flatbed,660.71,True,656.5,651.92,632.38,617.08
TR-040859,2025-09-16,Dry Van,1603.87,True,1589.39,1566.37,1522.34,1573.15
TR-040860,2025-09-16,Dry Van,2493.76,True,2455.79,2428.5,2371.14,2455.34
TR-040861,2025-09-16,Dry Van,2083.09,True,2123.52,2117.42,2051.86,2138.04
TR-040862,2025-09-16,Dry Van,1877.96,True,1847.76,1789.66,1787.44,1826.69
TR-040863,2025-09-16,Dry Van,852.03,True,842.56,843.69,811.98,836.21
TR-040864,2025-09-16,Dry Van,4391.11,True,4362.56,4332.62,4202.55,4442.96
TR-040865,2025-09-16,Dry Van,3037.88,True,3059.87,2993.22,2953.79,3071.99
TR-040866,2025-09-16,Flatbed,3337.89,True,3392.1,3197.72,3253.21,3324.67
TR-040867,2025-09-16,Reefer,960.44,True,952.39,902.57,923.05,939.92
TR-040868,2025-09-16,Dry Van,5332.73,True,5409.29,5298.52,5197.18,5219.96
TR-040869,2025-09-16,Reefer,3955.24,True,3980.71,3821.47,3844.18,3961.43
TR-040870,2025-09-16,Dry Van,1870.61,True,1880.28,1856.44,1821.07,1848.43
TR-040871,2025-09-16,Flatbed,2627.08,True,2641.08,2541.95,2534.08,2602.56
TR-040872,2025-09-16,Reefer,2616.44,True,2621.04,2514.22,2529.73,2627.6
TR-040873,2025-09-16,Dry Van,988.5,True,990.86,969.85,956.35,991.3
TR-040874,2025-09-16,Reefer,1843.92,False,5814.98,5635.59,5596.99,5729.41
TR-040875,2025-09-16,Dry Van,4985.71,True,4917.57,4884.57,4743.43,4774.12
TR-040876,2025-09-16,Dry Van,2443.51,True,2447.03,2364.25,2366.93,2467.2
TR-040877,2025-09-16,Reefer,2458.21,True,2474.22,2397.4,2373.49,2451.61
TR-040878,2025-09-16,Dry Van,3813.18,True,3791.87,3716.66,3674.23,3779.74
TR-040879,2025-09-16,Dry Van,587.21,True,579.27,569.53,556.94,569.67
TR-040880,2025-09-16,Reefer,6980.2,True,6919.83,6459.41,6664.45,6571.04
TR-040881,2025-09-16,Dry Van,3176.7,True,3161.19,3212.31,3025.74,3168.59
TR-040882,2025-09-16,Flatbed,1086.13,True,1086.8,1065.41,1048.59,1103.68
TR-040883,2025-09-16,Flatbed,2035.38,True,2071.35,1971.47,1998.77,2013.52
TR-040884,2025-09-16,Dry Van,2026.62,True,2056.47,1993.66,1987.21,2025.51
TR-040885,2025-09-16,Dry Van,1430.78,True,1457.95,1460.32,1403.36,1469.55
TR-040886,2025-09-16,Dry Van,1601.26,True,1625.2,1603.07,1558.31,1627.31
TR-040887,2025-09-16,Dry Van,2597.83,True,2618.13,2555.89,2515.12,2642.27
TR-040888,2025-09-16,Dry Van,1386.56,True,1380.44,1355.93,1329.59,1362.44
TR-040889,2025-09-16,Dry Van,809.74,True,811.45,779.33,785.56,810.55
TR-040890,2025-09-16,Flatbed,2818.13,True,2841.9,2731.91,2753.5,2812.1
TR-040891,2025-09-16,Dry Van,3081.78,True,3047.33,2997.97,2938.82,3080.21
TR-040892,2025-09-16,Dry Van,1810.5,True,1813.76,1791.45,1746.24,1848.21
TR-040893,2025-09-16,Flatbed,2019.08,True,1983.37,1872.85,1911.29,2004.1
TR-040894,2025-09-16,Reefer,2736.15,True,2802.62,2704.75,2701.96,2840.7
TR-040895,2025-09-16,Reefer,1601.91,True,1651.61,1564.39,1594.92,1710.36
TR-040896,2025-09-16,Dry Van,2369.62,True,2376.97,2396.31,2291.06,2353.06
TR-040897,2025-09-16,Reefer,4319.43,True,4324.12,4184.28,4168.51,4321.79
TR-040898,2025-09-16,Reefer,3554.88,True,3655.36,3539.37,3517.56,3640.47
TR-040899,2025-09-16,Dry Van,4623.71,True,4714.63,4589.62,4531.15,4674.4
TR-040900,2025-09-16,Reefer,5703.47,True,5771.31,5526.24,5546.64,5619.25
TR-040901,2025-09-16,Reefer,2206.18,True,2252.21,2147.54,2168.3,2214.05
TR-040902,2025-09-16,Dry Van,664.52,True,666.52,662.76,642.38,649.63
TR-040903,2025-09-16,Dry Van,3668.0,True,3631.73,3592.29,3497.72,3578.7
TR-040904,2025-09-16,Dry Van,4560.56,True,4682.44,4501.07,4525.89,4655.77
TR-040905,2025-09-16,Dry Van,5067.55,True,5088.79,4987.8,4903.1,5090.41
TR-040906,2025-09-16,Reefer,6054.32,True,6107.73,5962.32,5891.85,5967.64
TR-040907,2025-09-16,Reefer,916.15,True,934.69,908.21,898.83,932.98
TR-040908,2025-09-16,Reefer,623.54,True,630.01,621.16,606.48,606.18
TR-040909,2025-09-16,Reefer,1477.06,True,1490.22,1455.64,1441.38,1497.81
TR-040910,2025-09-16,Flatbed,1290.12,True,1314.83,1284.05,1258.03,1340.43
TR-040911,2025-09-16,Dry Van,817.03,True,839.95,825.38,811.96,824.08
TR-040912,2025-09-16,Dry Van,1886.02,True,1936.12,1884.23,1867.74,1914.76
TR-040913,2025-09-16,Dry Van,1249.27,True,1267.09,1231.22,1225.45,1290.71
TR-040914,2025-09-16,Dry Van,3605.83,True,3709.52,3626.25,3580.12,3700.17
TR-040915,2025-09-16,Dry Van,1469.88,True,1466.76,1476.26,1408.66,1458.5
TR-040916,2025-09-16,Dry Van,4956.68,True,4970.44,4973.43,4774.65,4880.56
TR-040917,2025-09-16,Reefer,1015.05,True,996.92,960.15,964.71,1004.93
TR-040918,2025-09-16,Dry Van,4170.13,True,4133.54,4069.28,3998.49,4131.04
TR-040919,2025-09-16,Flatbed,3698.14,True,3729.69,3546.1,3592.51,3736.88
TR-040920,2025-09-16,Reefer,5841.12,True,5952.43,5752.46,5739.65,5922.83
TR-040921,2025-09-16,Dry Van,4325.09,True,4371.91,4368.05,4215.26,4372.78
TR-040922,2025-09-16,Dry Van,1147.98,True,1169.19,1169.6,1126.59,1160.47
TR-040923,2025-09-16,Reefer,4251.9,True,4197.24,4065.93,4066.64,4243.85
TR-040924,2025-09-16,Reefer,2628.86,True,2585.71,2496.5,2505.17,2593.07
TR-040925,2025-09-16,Dry Van,4051.53,True,4052.08,4038.07,3921.57,4043.04
TR-040926,2025-09-16,Reefer,3250.67,True,3192.1,3109.1,3090.58,3200.95
TR-040927,2025-09-16,Flatbed,1253.08,True,1224.71,1251.82,1183.33,1246.42
TR-040928,2025-09-16,Reefer,2238.41,True,2220.97,2148.02,2155.72,2211.78
TR-040929,2025-09-16,Dry Van,812.56,True,840.65,830.36,815.0,833.22
TR-040930,2025-09-16,Dry Van,1026.3,True,1042.76,1023.0,1004.68,999.4
TR-040931,2025-09-16,Reefer,4680.29,True,4739.21,4657.67,4567.26,4672.19
TR-040932,2025-09-16,Dry Van,1793.86,True,1782.67,1738.75,1710.64,1800.3
TR-040933,2025-09-16,Dry Van,3078.74,True,3142.73,3109.17,3043.1,3098.68
TR-040934,2025-09-16,Dry Van,2014.48,True,1993.65,1954.19,1929.7,1987.52
TR-040935,2025-09-16,Dry Van,1484.69,True,1537.2,1493.35,1489.69,1613.68
TR-040936,2025-09-16,Reefer,1499.84,True,1498.85,1463.24,1440.99,1480.01
TR-040937,2025-09-16,Dry Van,2054.88,True,2021.73,1953.71,1953.42,2061.88
TR-040938,2025-09-16,Reefer,1219.92,True,1228.77,1211.58,1182.6,1256.53
TR-040939,2025-09-16,Flatbed,1242.48,True,1245.82,1200.25,1186.65,1292.11
TR-040940,2025-09-16,Dry Van,1807.11,True,1826.24,1779.1,1762.7,1853.78
TR-040941,2025-09-16,Dry Van,1979.33,True,1990.43,1933.27,1917.87,1999.44
TR-040942,2025-09-16,Reefer,667.93,True,665.32,641.37,641.98,664.03
TR-040943,2025-09-16,Flatbed,4503.51,True,4587.32,4454.88,4430.4,4640.28
TR-040944,2025-09-16,Dry Van,3945.11,True,3933.68,3908.97,3785.96,3822.78
TR-040945,2025-09-16,Dry Van,1970.18,True,1972.22,1949.24,1911.35,1992.85
TR-040946,2025-09-16,Dry Van,1087.27,True,1102.11,1054.78,1059.15,1102.75
TR-040947,2025-09-16,Flatbed,1766.67,True,1729.61,1668.73,1665.59,1765.91
TR-040948,2025-09-16,Dry Van,1131.77,True,1144.91,1112.27,1101.03,1162.18
TR-040949,2025-09-16,Dry Van,1521.6,True,1531.79,1491.07,1474.59,1582.16
TR-040950,2025-09-16,Flatbed,3868.91,True,3743.07,3563.88,3607.41,3767.14
TR-040951,2025-09-16,Flatbed,3185.68,True,3154.46,3030.41,3045.46,3121.39
TR-040952,2025-09-16,Dry Van,2638.03,True,2741.63,2691.74,2632.9,2728.27
TR-040953,2025-09-16,Reefer,839.67,True,851.18,868.23,819.63,820.5
TR-040954,2025-09-16,Dry Van,2704.71,True,2742.36,2666.85,2650.25,2772.47
TR-040955,2025-09-16,Flatbed,1545.62,True,1555.44,1481.97,1490.88,1585.07
TR-040956,2025-09-16,Dry Van,1558.53,True,1573.81,1556.02,1516.46,1584.76
TR-040957,2025-09-16,Reefer,3918.17,True,3959.43,3836.16,3815.36,3902.5
TR-040958,2025-09-16,Dry Van,2442.86,True,2453.89,2423.25,2348.64,2380.68
TR-040959,2025-09-16,Reefer,1982.16,True,1933.45,1878.39,1872.91,1932.33
TR-040960,2025-09-16,Dry Van,581.45,True,600.85,601.53,577.06,589.16
TR-040961,2025-09-16,Dry Van,2852.03,True,2870.04,2830.2,2766.46,2938.17
TR-040962,2025-09-16,Flatbed,1279.53,True,1297.58,1231.7,1253.21,1339.65
TR-040963,2025-09-16,Dry Van,1367.88,True,1378.1,1352.56,1317.14,1399.26
TR-040964,2025-09-16,Dry Van,4170.61,True,4143.7,4213.62,3978.0,4141.64
TR-040965,2025-09-16,Dry Van,3944.47,True,4019.2,3988.45,3870.82,4038.1
TR-040966,2025-09-16,Dry Van,1081.8,True,1103.32,1069.89,1068.34,1128.59
TR-040967,2025-09-16,Reefer,2057.08,True,2028.25,2030.83,1957.52,2046.52
TR-040968,2025-09-16,Reefer,3174.22,True,3209.34,3064.71,3102.34,3223.9
TR-040969,2025-09-16,Dry Van,4067.99,True,4002.08,3861.89,3865.35,3864.33
TR-040970,2025-09-16,Dry Van,2224.4,True,2235.54,2236.47,2154.88,2257.12
TR-040971,2025-09-16,Reefer,3577.0,True,3515.07,3432.19,3397.11,3564.24
TR-040972,2025-09-16,Dry Van,2154.7,True,2187.58,2198.21,2118.31,2202.67
TR-040973,2025-09-16,Flatbed,2756.57,True,2821.98,2689.61,2726.16,2773.91
TR-040974,2025-09-16,Dry Van,4126.92,True,4163.49,4030.53,3995.36,4026.75
TR-040975,2025-09-16,Reefer,1659.73,True,1669.2,1642.19,1602.57,1706.88
TR-040976,2025-09-16,Flatbed,4080.93,True,4087.62,4001.73,3957.34,4158.81
TR-040977,2025-09-16,Reefer,2506.42,True,2483.53,2422.54,2369.87,2495.47
TR-040978,2025-09-16,Flatbed,4029.83,True,3950.56,3823.91,3813.21,3987.36
TR-040979,2025-09-16,Dry Van,4091.43,True,3975.73,3901.2,3832.61,4064.02
TR-040980,2025-09-16,Dry Van,4078.58,True,4220.27,4156.57,4061.99,4144.05
TR-040981,2025-09-16,Flatbed,934.49,True,907.42,873.49,875.13,906.46
TR-040982,2025-09-16,Dry Van,1789.68,True,1829.76,1753.87,1758.46,1841.72
TR-040983,2025-09-16,Dry Van,1687.91,True,1677.37,1629.28,1623.4,1691.5
TR-040984,2025-09-16,Dry Van,2134.44,True,2152.57,2073.12,2077.01,2153.11
TR-040985,2025-09-16,Dry Van,1132.66,True,1143.83,1133.75,1099.92,1122.58
TR-040986,2025-09-16,Dry Van,1710.51,True,1688.97,1653.08,1631.67,1651.83
TR-040987,2025-09-16,Flatbed,3380.14,True,3383.47,3207.75,3231.47,3388.33
TR-040988,2025-09-17,Dry Van,1617.6,True,1644.76,1603.94,1580.04,1686.34
TR-040989,2025-09-17,Dry Van,1015.28,True,1002.6,989.43,965.38,992.35
TR-040990,2025-09-17,Dry Van,4091.01,True,4062.19,4039.73,3908.88,4121.86
TR-040991,2025-09-17,Dry Van,4336.7,True,4358.89,4365.53,4195.3,4331.58
TR-040992,2025-09-17,Reefer,3262.82,True,3267.29,3167.05,3121.79,3286.58
TR-040993,2025-09-17,Dry Van,4567.4,True,4603.63,4504.3,4401.39,4649.68
TR-040994,2025-09-17,Reefer,1851.07,True,1851.42,1803.75,1777.4,1910.31
TR-040995,2025-09-17,Dry Van,2103.06,True,2081.05,2084.98,1996.77,2073.3
TR-040996,2025-09-17,Dry Van,1839.0,True,1831.76,1803.25,1756.69,1877.47
TR-040997,2025-09-17,Flatbed,1397.52,True,1402.8,1387.06,1346.48,1401.55
TR-040998,2025-09-17,Dry Van,1369.61,True,1373.89,1340.57,1319.68,1380.47
TR-040999,2025-09-17,Dry Van,1714.65,True,1755.47,1722.26,1686.71,1778.08
TR-041000,2025-09-17,Dry Van,1536.66,True,1532.52,1500.64,1464.37,1570.93
TR-041001,2025-09-17,Dry Van,2021.45,True,2063.88,1998.02,1978.11,2115.32
TR-041002,2025-09-17,Dry Van,1509.8,True,1486.23,1462.29,1427.54,1533.49
TR-041003,2025-09-17,Dry Van,2165.33,True,2163.65,2131.69,2080.89,2190.31
TR-041004,2025-09-17,Dry Van,4566.56,True,4703.84,4584.2,4490.77,4619.62
TR-041005,2025-09-17,Reefer,5892.61,True,5892.97,5578.1,5662.05,5770.22
TR-041006,2025-09-17,Dry Van,4118.9,True,4013.75,3952.3,3850.63,4109.01
TR-041007,2025-09-17,Dry Van,700.67,True,720.92,713.21,695.65,709.36
TR-041008,2025-09-17,Dry Van,4223.34,True,4260.43,4209.75,4097.88,4273.68
TR-041009,2025-09-17,Flatbed,4943.1,True,4917.45,4670.14,4704.95,4918.69
TR-041010,2025-09-17,Dry Van,899.51,True,886.62,866.36,853.04,881.58
TR-041011,2025-09-17,Dry Van,1973.28,True,1924.8,1876.28,1846.08,1928.14
TR-041012,2025-09-17,Reefer,1165.59,True,1140.8,1177.85,1095.41,1127.5
TR-041013,2025-09-17,Reefer,1631.56,True,1622.91,1584.41,1557.71,1679.96
TR-041014,2025-09-17,Dry Van,2502.95,True,2474.21,2441.71,2387.96,2474.4
TR-041015,2025-09-17,Dry Van,1476.1,True,1484.19,1449.75,1428.21,1514.3
TR-041016,2025-09-17,Dry Van,2313.33,True,2299.66,2247.59,2206.32,2318.43
TR-041017,2025-09-17,Flatbed,3052.05,True,3109.11,2974.67,2994.06,3117.44
TR-041018,2025-09-17,Dry Van,2829.57,True,2803.84,2711.01,2704.63,2790.91
TR-041019,2025-09-17,Flatbed,3938.37,True,3943.71,3745.61,3797.38,3892.37
TR-041020,2025-09-17,Flatbed,3648.58,True,3687.22,3540.43,3539.29,3691.24
TR-041021,2025-09-17,Dry Van,1466.6,True,1452.42,1426.2,1389.96,1470.91
TR-041022,2025-09-17,Dry Van,273.37,True,271.58,279.79,262.3,260.58
TR-041023,2025-09-17,Flatbed,3112.83,True,3128.14,2994.1,3004.47,3064.71
TR-041024,2025-09-17,Dry Van,2276.42,True,2286.17,2215.57,2191.76,2330.94
TR-041025,2025-09-17,Dry Van,729.36,True,750.41,751.08,723.05,736.8
TR-041026,2025-09-17,Flatbed,2104.11,True,2144.67,2059.97,2055.03,2123.72
TR-041027,2025-09-17,Flatbed,990.67,True,972.68,915.9,937.22,993.11
TR-041028,2025-09-17,Dry Van,1197.94,True,1192.0,1142.31,1141.39,1233.75
TR-041029,2025-09-17,Dry Van,1389.62,True,1368.64,1319.24,1316.23,1385.08
TR-041030,2025-09-17,Reefer,1335.13,True,1372.32,1337.05,1310.44,1378.32
TR-041031,2025-09-17,Dry Van,2728.59,True,2694.52,2633.31,2585.42,2696.72
TR-041032,2025-09-17,Dry Van,573.51,True,574.72,570.88,553.85,572.05
TR-041033,2025-09-17,Reefer,4659.3,True,4598.4,4409.2,4428.93,4584.48
TR-041034,2025-09-17,Dry Van,988.26,True,986.98,968.84,947.5,982.17
TR-041035,2025-09-17,Dry Van,2937.59,True,2954.67,2880.65,2834.35,2928.88
TR-041036,2025-09-17,Flatbed,714.33,True,735.04,714.69,704.56,733.04
TR-041037,2025-09-17,Dry Van,4631.81,True,4609.99,4465.01,4437.91,4658.25
TR-041038,2025-09-17,Reefer,1360.34,True,1382.86,1392.28,1326.02,1395.01
TR-041039,2025-09-17,Dry Van,1229.15,True,1233.33,1211.71,1182.17,1220.96
TR-041040,2025-09-17,Dry Van,2138.99,True,2114.54,2055.72,2027.15,2151.99
TR-041041,2025-09-17,Flatbed,3600.79,True,3774.94,3694.67,3629.7,3813.28
TR-041042,2025-09-17,Dry Van,1162.72,True,1173.03,1137.94,1126.27,1164.07
TR-041043,2025-09-17,Reefer,3135.32,True,3126.67,3052.99,3008.82,3166.2
TR-041044,2025-09-17,Dry Van,2066.78,True,2098.61,2120.63,2005.58,2111.3
TR-041045,2025-09-17,Dry Van,3598.79,True,3525.21,3392.46,3379.13,3428.62
TR-041046,2025-09-17,Flatbed,3908.44,True,3839.18,3710.8,3676.21,3837.71
TR-041047,2025-09-17,Dry Van,1846.47,True,1860.61,1793.15,1790.3,1886.85
TR-041048,2025-09-17,Reefer,4706.92,True,4761.54,4525.5,4562.55,4718.11
TR-041049,2025-09-17,Dry Van,814.08,True,813.16,800.87,780.2,816.58
TR-041050,2025-09-17,Dry Van,880.59,True,888.43,871.16,854.14,895.07
TR-041051,2025-09-17,Dry Van,5846.36,True,5826.46,5704.2,5588.89,5665.35
TR-041052,2025-09-17,Flatbed,1720.64,True,1709.31,1652.12,1636.4,1758.44
TR-041053,2025-09-17,Reefer,3312.66,True,3346.92,3229.14,3219.65,3326.66
TR-041054,2025-09-17,Flatbed,3690.6,True,3771.1,3616.23,3623.73,3732.9
TR-041055,2025-09-17,Dry Van,1488.08,True,1515.69,1481.3,1454.39,1497.84
TR-041056,2025-09-17,Flatbed,3655.47,True,3646.96,3476.6,3514.24,3668.49
TR-041057,2025-09-17,Reefer,4523.32,True,4462.49,4311.0,4280.33,4423.87
TR-041058,2025-09-17,Dry Van,3177.01,True,3205.61,3144.95,3078.55,3233.35
TR-041059,2025-09-17,Reefer,5112.3,True,5044.45,4828.3,4857.43,4931.89
TR-041060,2025-09-17,Flatbed,1371.31,True,1378.12,1318.31,1329.03,1395.17
TR-041061,2025-09-17,Reefer,6357.66,True,6384.42,6132.88,6131.97,6152.85
TR-041062,2025-09-17,Dry Van,4269.7,True,4329.7,4256.27,4161.81,4323.96
TR-041063,2025-09-17,Dry Van,3970.47,True,3894.24,3891.93,3727.94,3981.04
TR-041064,2025-09-17,Dry Van,452.28,True,454.64,460.75,435.93,441.49
TR-041065,2025-09-17,Dry Van,959.77,True,955.76,925.23,915.88,960.09
TR-041066,2025-09-17,Dry Van,2751.84,True,2721.76,2668.02,2613.3,2704.68
TR-041067,2025-09-17,Flatbed,911.83,True,944.23,927.92,906.11,946.69
TR-041068,2025-09-17,Dry Van,1119.2,True,1123.74,1072.09,1082.24,1165.49
TR-041069,2025-09-17,Dry Van,1404.58,True,1418.64,1400.89,1360.03,1452.31
TR-041070,2025-09-17,Dry Van,1388.78,True,1400.6,1371.57,1342.91,1426.63
TR-041071,2025-09-17,Reefer,1679.9,True,1743.21,1702.19,1677.36,1801.39
TR-041072,2025-09-17,Reefer,2806.83,True,2801.76,2709.56,2680.73,2811.56
TR-041073,2025-09-17,Reefer,960.78,True,974.59,920.72,932.67,974.83
TR-041074,2025-09-17,Flatbed,1470.55,True,1454.57,1410.04,1399.58,1481.1
TR-041075,2025-09-17,Flatbed,4412.66,True,4425.23,4199.69,4253.14,4465.45
TR-041076,2025-09-17,Flatbed,1701.66,True,1769.24,1679.2,1706.88,1754.76
TR-041077,2025-09-17,Dry Van,3611.76,True,3640.4,3581.72,3499.16,3605.93
TR-041078,2025-09-17,Dry Van,1248.13,True,1245.37,1238.28,1197.08,1246.51
TR-041079,2025-09-17,Flatbed,2579.63,True,2586.42,2490.45,2474.25,2589.04
TR-041080,2025-09-17,Dry Van,2995.71,True,2958.97,2895.48,2835.72,2960.58
TR-041081,2025-09-17,Reefer,5378.9,True,5367.54,5148.34,5145.18,5395.73
TR-041082,2025-09-17,Reefer,1445.94,True,1414.4,1417.8,1358.58,1423.26
TR-041083,2025-09-17,Reefer,2932.57,True,2943.6,2844.51,2813.57,2978.38
TR-041084,2025-09-17,Reefer,2622.63,True,2645.4,2610.36,2541.02,2648.77
TR-041085,2025-09-17,Dry Van,1931.11,True,1891.13,1818.91,1825.69,1915.97
TR-041086,2025-09-17,Flatbed,1278.61,True,1312.27,1259.79,1254.96,1342.6
TR-041087,2025-09-17,Flatbed,2749.07,True,2792.59,2669.18,2690.93,2789.33
TR-041088,2025-09-17,Reefer,3878.08,True,3849.14,3691.31,3693.64,3839.57
TR-041089,2025-09-17,Dry Van,3848.82,False,824.47,820.01,793.63,823.58
TR-041090,2025-09-17,Reefer,1368.56,True,1402.7,1390.56,1350.64,1424.69
TR-041091,2025-09-17,Dry Van,1073.49,True,1060.61,1033.09,1018.13,1059.08
TR-041092,2025-09-17,Dry Van,814.99,True,796.33,786.59,768.5,794.65
TR-041093,2025-09-17,Reefer,3588.73,True,3671.07,3621.86,3527.68,3734.78
TR-041094,2025-09-17,Flatbed,2577.91,True,2597.87,2481.35,2502.45,2510.94
TR-041095,2025-09-17,Reefer,4132.31,True,4305.77,4163.84,4137.62,4366.55
TR-041096,2025-09-17,Dry Van,2885.53,True,2869.95,2813.5,2766.56,2845.08
TR-041097,2025-09-17,Dry Van,5317.19,True,5262.65,5289.55,5033.12,5133.8
TR-041098,2025-09-17,Dry Van,791.36,True,782.65,771.07,751.23,792.32
TR-041099,2025-09-17,Dry Van,2796.78,True,2795.17,2790.08,2701.61,2855.16
TR-041100,2025-09-17,Dry Van,1162.66,True,1140.91,1117.52,1092.33,1171.67
TR-041101,2025-09-17,Dry Van,2826.87,True,2774.6,2679.85,2681.82,2758.47
TR-041102,2025-09-17,Dry Van,2943.01,True,2896.97,2817.39,2783.16,2894.0
TR-041103,2025-09-17,Flatbed,1914.6,True,1890.1,1836.15,1814.97,1897.96
TR-041104,2025-09-17,Dry Van,2533.96,True,2483.02,2410.55,2377.92,2512.53
TR-041105,2025-09-17,Reefer,5358.59,True,5392.51,5134.52,5193.59,5313.75
TR-041106,2025-09-17,Dry Van,1338.09,True,1328.02,1310.31,1270.87,1344.32
TR-041107,2025-09-17,Dry Van,414.0,True,420.35,397.53,402.63,405.81
TR-041108,2025-09-17,Dry Van,3889.04,True,3712.86,3604.33,3556.45,3755.2
TR-041109,2025-09-17,Dry Van,316.38,True,320.07,332.3,308.27,312.16
TR-041110,2025-09-17,Reefer,1317.55,True,1313.97,1260.46,1259.9,1333.49
TR-041111,2025-09-17,Dry Van,999.43,True,1006.0,967.15,967.69,1027.03
TR-041112,2025-09-17,Dry Van,2000.33,True,1989.27,1934.04,1912.53,1949.65
TR-041113,2025-09-17,Reefer,1650.1,True,1649.23,1602.34,1583.98,1681.21
TR-041114,2025-09-17,Reefer,5395.2,True,5487.7,5388.84,5272.77,5407.06
TR-041115,2025-09-17,Dry Van,2252.16,True,2228.68,2185.47,2142.62,2223.73
TR-041116,2025-09-17,Dry Van,624.09,True,626.19,626.61,601.79,632.6
TR-041117,2025-09-17,Reefer,2935.57,True,2946.29,2856.23,2831.46,2932.6
TR-041118,2025-09-17,Flatbed,3551.15,True,3510.37,3332.71,3369.52,3552.92
TR-041119,2025-09-17,Reefer,918.41,True,920.29,931.02,882.89,901.95
TR-041120,2025-09-17,Flatbed,5576.86,True,5527.39,5338.18,5318.81,5366.69
TR-041121,2025-09-17,Dry Van,3261.98,True,3267.81,3177.99,3144.43,3156.94
TR-041122,2025-09-17,Dry Van,992.4,True,985.62,961.68,949.62,978.91
TR-041123,2025-09-17,Reefer,2275.66,True,2296.18,2237.77,2203.56,2259.98
TR-041124,2025-09-17,Reefer,1031.93,True,1012.25,1032.31,972.99,1016.02
TR-041125,2025-09-17,Reefer,2383.15,True,2363.61,2324.08,2270.01,2330.51
TR-041126,2025-09-17,Dry Van,3999.28,True,4007.33,3953.56,3858.13,4084.73
TR-041127,2025-09-17,Dry Van,796.55,True,797.53,803.64,768.74,765.48
TR-041128,2025-09-17,Flatbed,5227.72,True,5162.26,4948.71,4979.82,5132.87
TR-041129,2025-09-17,Reefer,3322.27,True,3449.34,3325.11,3331.89,3442.81
TR-041130,2025-09-17,Reefer,1805.75,True,1799.96,1751.04,1734.24,1827.43
TR-041131,2025-09-17,Dry Van,897.02,True,911.54,874.93,871.94,915.87
TR-041132,2025-09-17,Flatbed,5307.92,True,5248.75,5009.05,5044.91,5319.24
TR-041133,2025-09-17,Reefer,1599.52,True,1629.27,1548.11,1572.76,1650.58
TR-041134,2025-09-17,Dry Van,1503.91,True,1538.64,1491.09,1472.75,1574.06
TR-041135,2025-09-17,Dry Van,2470.32,True,2398.43,2373.25,2301.61,2440.3
TR-041136,2025-09-17,Dry Van,837.75,True,847.18,828.57,814.49,875.36
TR-041137,2025-09-17,Dry Van,1786.6,True,1765.89,1708.76,1703.35,1795.08
TR-041138,2025-09-17,Reefer,4381.32,True,4401.55,4266.49,4224.48,4444.89
TR-041139,2025-09-18,Reefer,1182.12,True,1178.74,1191.99,1136.11,1196.66
TR-041140,2025-09-18,Dry Van,1790.79,True,1823.53,1758.46,1747.9,1861.49
TR-041141,2025-09-18,Dry Van,2372.58,True,2357.38,2278.75,2262.54,2366.5
TR-041142,2025-09-18,Dry Van,1245.98,True,1239.77,1212.84,1191.4,1236.41
TR-041143,2025-09-18,Reefer,2246.24,True,2269.13,2200.71,2188.02,2317.54
TR-041144,2025-09-18,Reefer,980.22,True,1005.93,978.93,969.67,1039.81
TR-041145,2025-09-18,Flatbed,859.17,True,887.23,853.68,854.13,918.48
TR-041146,2025-09-18,Dry Van,3153.62,True,3203.99,3102.97,3093.26,3232.14
TR-041147,2025-09-18,Dry Van,1933.02,True,1985.9,1903.97,1903.49,2017.19
TR-041148,2025-09-18,Flatbed,5495.7,True,5416.78,5180.79,5239.49,5534.51
TR-041149,2025-09-18,Dry Van,436.95,True,438.12,415.85,420.95,440.01
TR-041150,2025-09-18,Dry Van,2059.06,True,2036.94,1959.8,1970.18,2068.89
TR-041151,2025-09-18,Dry Van,3435.44,True,3498.11,3362.77,3359.35,3455.57
TR-041152,2025-09-18,Dry Van,2781.29,True,2855.91,2792.52,2755.47,2847.2
TR-041153,2025-09-18,Dry Van,1843.05,True,1900.34,1882.59,1828.15,1925.08
TR-041154,2025-09-18,Dry Van,1946.98,True,1913.86,1845.45,1845.76,1925.51
TR-041155,2025-09-18,Dry Van,2332.46,True,2367.92,2293.76,2278.51,2367.4
TR-041156,2025-09-18,Reefer,5695.78,True,5643.8,5399.97,5441.46,5725.86
TR-041157,2025-09-18,Flatbed,2032.48,True,2002.92,1914.86,1923.3,2053.85
TR-041158,2025-09-18,Reefer,3604.9,True,3516.65,3356.09,3368.4,3419.48
TR-041159,2025-09-18,Flatbed,5154.0,True,5171.36,4923.71,4967.24,5129.27
TR-041160,2025-09-18,Dry Van,1341.43,True,1375.09,1349.94,1327.98,1415.4
TR-041161,2025-09-18,Reefer,836.33,True,838.92,838.96,812.94,817.23
TR-041162,2025-09-18,Dry Van,3815.87,True,3751.84,3665.63,3629.5,3675.27
TR-041163,2025-09-18,Reefer,885.17,False,2200.12,2182.41,2126.87,2170.67
TR-041164,2025-09-18,Flatbed,4030.69,True,3981.67,3812.5,3828.23,4039.23
TR-041165,2025-09-18,Reefer,2164.8,True,2209.81,2151.81,2132.23,2257.04
TR-041166,2025-09-18,Dry Van,1115.02,True,1126.0,1088.93,1082.49,1135.68
TR-041167,2025-09-18,Dry Van,3388.51,True,3370.52,3284.68,3238.22,3327.11
TR-041168,2025-09-18,Dry Van,3529.08,True,3637.92,3550.15,3489.68,3604.4
TR-041169,2025-09-18,Dry Van,3266.65,True,3370.3,3277.7,3231.61,3268.81
TR-041170,2025-09-18,Dry Van,2045.91,True,2014.64,1953.81,1935.06,2016.25
TR-041171,2025-09-18,Reefer,1042.37,True,1032.94,1024.13,996.65,1038.33
TR-041172,2025-09-18,Flatbed,1264.25,True,1266.86,1219.08,1212.06,1297.44
TR-041173,2025-09-18,Reefer,3029.19,True,3034.52,2929.16,2917.49,3070.14
TR-041174,2025-09-18,Dry Van,1065.43,True,1052.52,1038.8,1017.78,1051.34
TR-041175,2025-09-18,Dry Van,1037.51,True,1066.61,1046.39,1028.23,1076.8
TR-041176,2025-09-18,Reefer,2417.3,True,2398.64,2318.03,2298.76,2411.47
TR-041177,2025-09-18,Reefer,4019.3,True,4050.43,3918.04,3872.22,4016.58
TR-041178,2025-09-18,Dry Van,2703.52,True,2743.3,2689.72,2650.6,2767.92
TR-041179,2025-09-18,Dry Van,1567.93,True,1550.12,1521.51,1492.15,1561.59
TR-041180,2025-09-18,Dry Van,1649.02,True,1641.94,1618.48,1573.9,1613.24
TR-041181,2025-09-18,Reefer,5797.14,True,5760.22,5545.46,5546.85,5692.97
TR-041182,2025-09-18,Flatbed,2220.74,True,2259.76,2157.49,2174.31,2262.31
TR-041183,2025-09-18,Flatbed,1321.15,True,1364.72,1350.72,1315.67,1386.19
TR-041184,2025-09-18,Dry Van,1567.88,True,1585.26,1560.65,1522.44,1600.96
TR-041185,2025-09-18,Dry Van,5298.62,True,5220.04,5069.28,5029.55,5213.36
TR-041186,2025-09-18,Flatbed,4547.86,True,4582.44,4364.21,4409.62,4562.69
TR-041187,2025-09-18,Dry Van,885.3,True,897.47,881.78,866.57,902.94
TR-041188,2025-09-18,Dry Van,5223.67,True,5237.84,5217.08,5073.07,5104.06
TR-041189,2025-09-18,Reefer,1986.74,True,1984.67,1913.38,1905.21,2033.98
TR-041190,2025-09-18,Dry Van,1416.04,True,1449.54,1403.5,1396.72,1506.63
TR-041191,2025-09-18,Flatbed,2259.09,True,2233.33,2204.22,2146.99,2268.95
TR-041192,2025-09-18,Dry Van,3119.9,True,3096.72,2980.28,2986.27,3078.19
TR-041193,2025-09-18,Dry Van,2612.11,True,2577.4,2505.71,2474.93,2585.18
TR-041194,2025-09-18,Flatbed,1167.77,True,1121.74,1100.13,1078.14,1107.16
TR-041195,2025-09-18,Dry Van,2337.65,True,2270.92,2172.29,2182.02,2296.96
TR-041196,2025-09-18,Dry Van,4868.18,True,4855.7,4836.44,4650.52,4940.19
TR-041197,2025-09-18,Dry Van,3972.67,True,3949.91,3865.29,3801.87,3998.41
TR-041198,2025-09-18,Dry Van,4109.95,True,4087.35,4006.4,3937.82,4116.37
TR-041199,2025-09-18,Dry Van,1958.31,True,1986.96,1949.46,1908.95,1985.36
TR-041200,2025-09-18,Dry Van,2130.39,True,2171.85,2149.5,2090.57,2203.41
TR-041201,2025-09-18,Reefer,1788.14,True,1827.65,1785.86,1746.46,1863.04
TR-041202,2025-09-18,Reefer,2137.06,True,2151.65,2083.72,2065.27,2157.98
TR-041203,2025-09-18,Dry Van,3595.28,True,3588.87,3529.52,3447.66,3646.32
TR-041204,2025-09-18,Reefer,2314.91,True,2298.68,2230.87,2205.87,2291.94
TR-041205,2025-09-18,Dry Van,3538.35,True,3603.23,3498.38,3460.03,3666.87
TR-041206,2025-09-18,Dry Van,3771.62,True,3793.41,3677.66,3658.1,3759.05
TR-041207,2025-09-18,Dry Van,564.55,True,575.29,561.99,551.76,583.65
TR-041208,2025-09-18,Dry Van,3055.45,True,3073.8,3030.39,2962.91,3124.14
TR-041209,2025-09-18,Reefer,6586.76,True,6520.38,6094.95,6257.59,6333.68
TR-041210,2025-09-18,Reefer,1752.61,True,1722.66,1686.52,1654.32,1719.61
TR-041211,2025-09-18,Reefer,2056.74,True,2077.56,2044.02,2007.54,2069.75
TR-041212,2025-09-18,Dry Van,1099.58,True,1081.24,1059.99,1040.52,1107.03
TR-041213,2025-09-18,Flatbed,2031.94,True,2032.51,1979.77,1952.56,2027.68
TR-041214,2025-09-18,Dry Van,4129.46,True,4170.55,4080.35,4000.62,4250.7
TR-041215,2025-09-18,Flatbed,4083.22,True,4132.6,3916.07,3956.21,4054.36
TR-041216,2025-09-18,Reefer,1344.15,True,1333.32,1295.15,1280.81,1348.33
TR-041217,2025-09-18,Dry Van,1770.17,True,1830.66,1791.56,1766.09,1866.66
TR-041218,2025-09-18,Dry Van,1027.87,True,1031.08,985.85,990.12,1059.61
TR-041219,2025-09-18,Reefer,1771.04,True,1790.98,1742.23,1721.85,1777.65
TR-041220,2025-09-18,Reefer,478.02,True,482.77,442.69,464.74,458.93
TR-041221,2025-09-18,Reefer,2240.88,True,2223.91,2186.64,2138.54,2259.61
TR-041222,2025-09-18,Dry Van,4419.92,True,4535.32,4412.39,4357.25,4530.59
TR-041223,2025-09-18,Dry Van,929.25,True,925.12,907.07,890.22,946.42
TR-041224,2025-09-18,Flatbed,3628.7,True,3620.27,3434.98,3488.74,3702.8
TR-041225,2025-09-18,Reefer,2265.66,True,2269.7,2173.1,2197.16,2235.95
TR-041226,2025-09-18,Dry Van,1740.58,True,1754.9,1709.57,1688.03,1782.9
TR-041227,2025-09-18,Dry Van,1650.49,True,1652.83,1655.28,1591.88,1673.75
TR-041228,2025-09-18,Reefer,4786.14,True,4854.32,4725.14,4672.91,4935.76
TR-041229,2025-09-18,Dry Van,1915.64,True,1941.59,1906.07,1872.26,1958.1
TR-041230,2025-09-18,Reefer,2864.86,True,2989.37,2899.11,2884.5,3042.93
TR-041231,2025-09-18,Flatbed,2342.44,True,2366.53,2232.59,2289.01,2341.83
TR-041232,2025-09-18,Reefer,987.48,True,974.35,977.49,940.79,992.43
TR-041233,2025-09-18,Dry Van,2390.47,True,2341.03,2279.49,2259.71,2373.76
TR-041234,2025-09-18,Reefer,5812.57,True,5812.74,5601.47,5580.66,5852.18
TR-041235,2025-09-18,Dry Van,1047.42,True,1024.63,1007.08,987.59,1019.17
TR-041236,2025-09-18,Dry Van,5446.12,True,5441.95,5322.86,5242.8,5305.37
TR-041237,2025-09-18,Dry Van,800.45,True,792.64,780.01,760.6,785.34
TR-041238,2025-09-18,Dry Van,995.21,True,1017.49,996.34,982.32,1017.7
TR-041239,2025-09-18,Dry Van,2915.4,True,2897.12,2841.38,2791.4,2873.16
TR-041240,2025-09-18,Dry Van,2328.57,True,2387.34,2345.15,2308.42,2381.12
TR-041241,2025-09-18,Reefer,2995.54,True,3023.85,2963.11,2918.0,3031.48
TR-041242,2025-09-18,Dry Van,4914.73,True,5021.41,4905.45,4837.5,4881.72
TR-041243,2025-09-18,Dry Van,3696.63,True,3781.88,3672.39,3619.49,3819.11
TR-041244,2025-09-18,Flatbed,4894.62,True,4837.06,4616.81,4639.92,4967.92
TR-041245,2025-09-18,Dry Van,2822.47,True,2789.29,2786.84,2685.58,2814.8
TR-041246,2025-09-18,Dry Van,966.91,True,966.25,929.36,928.8,984.16
TR-041247,2025-09-18,Reefer,2294.9,True,2264.4,2200.61,2180.19,2289.7
TR-041248,2025-09-18,Reefer,1917.68,True,1900.52,1913.4,1829.91,1937.02
TR-041249,2025-09-18,Reefer,1337.6,True,1341.77,1337.03,1285.74,1316.07
TR-041250,2025-09-18,Dry Van,3669.73,True,3745.23,3678.07,3614.08,3698.96
TR-041251,2025-09-18,Dry Van,2518.18,True,2486.95,2387.24,2391.08,2483.54
TR-041252,2025-09-18,Reefer,1315.02,True,1284.93,1310.55,1235.27,1301.92
TR-041253,2025-09-18,Dry Van,1542.34,True,1571.6,1538.43,1507.72,1576.82
TR-041254,2025-09-18,Dry Van,1246.18,True,1252.93,1205.44,1203.37,1289.9
TR-041255,2025-09-18,Reefer,599.39,True,587.35,592.66,564.34,574.16
TR-041256,2025-09-18,Flatbed,4103.83,True,4095.69,3840.21,3929.06,3947.99
TR-041257,2025-09-18,Dry Van,2050.57,True,2082.86,2011.83,2001.15,2084.96
TR-041258,2025-09-18,Flatbed,2133.38,True,2168.06,2070.94,2086.4,2191.55
TR-041259,2025-09-18,Dry Van,4187.8,True,4115.45,4110.02,3954.51,4154.86
TR-041260,2025-09-18,Flatbed,3405.96,True,3358.32,3190.95,3242.05,3417.06
TR-041261,2025-09-18,Reefer,966.93,True,985.18,958.28,941.44,983.59
TR-041262,2025-09-18,Dry Van,683.55,True,672.46,665.89,647.9,671.8
TR-041263,2025-09-18,Dry Van,3083.47,True,3048.89,3001.28,2928.55,3042.65
TR-041264,2025-09-18,Flatbed,2349.97,True,2381.37,2272.94,2299.93,2425.36
TR-041265,2025-09-18,Dry Van,1089.72,True,1111.78,1083.51,1072.34,1135.44
TR-041266,2025-09-18,Dry Van,1388.56,True,1422.63,1385.26,1366.61,1412.96
TR-041267,2025-09-18,Dry Van,1096.12,True,1104.12,1055.79,1059.49,1126.28
TR-041268,2025-09-18,Flatbed,386.27,True,388.85,383.61,377.16,374.5
TR-041269,2025-09-18,Flatbed,1155.18,True,1156.65,1110.71,1111.22,1161.42
TR-041270,2025-09-18,Dry Van,535.96,True,525.64,516.85,503.87,518.07
TR-041271,2025-09-18,Flatbed,2817.62,True,2754.69,2641.64,2643.21,2755.85
TR-041272,2025-09-18,Dry Van,1850.05,True,1880.34,1834.58,1811.5,1902.27
TR-041273,2025-09-18,Dry Van,4899.37,True,4996.46,4861.52,4787.61,4915.62
TR-041274,2025-09-18,Reefer,2715.31,True,2579.61,2503.64,2481.48,2606.74
TR-041275,2025-09-18,Dry Van,757.99,True,760.07,736.85,730.14,770.73
TR-041276,2025-09-18,Flatbed,1657.2,True,1657.27,1634.77,1595.88,1678.76
TR-041277,2025-09-18,Dry Van,1187.35,True,1199.22,1152.22,1159.08,1240.53
TR-041278,2025-09-18,Flatbed,657.12,True,644.41,628.56,620.77,614.99
TR-041279,2025-09-18,Dry Van,1626.15,True,1612.14,1584.92,1555.2,1604.44
TR-041280,2025-09-18,Dry Van,1558.19,True,1531.94,1502.36,1478.91,1531.72
TR-041281,2025-09-18,Dry Van,1344.39,True,1314.47,1279.95,1269.16,1349.09
TR-041282,2025-09-18,Reefer,897.6,True,897.49,870.29,869.7,883.37
TR-041283,2025-09-18,Reefer,1636.88,True,1660.81,1613.58,1596.22,1669.61
TR-041284,2025-09-18,Dry Van,1756.73,True,1675.63,1638.55,1607.55,1687.36
TR-041285,2025-09-18,Dry Van,3063.44,True,2993.38,2925.13,2886.01,2997.0
TR-041286,2025-09-18,Reefer,816.57,True,819.45,838.29,786.08,822.17
TR-041287,2025-09-18,Dry Van,1765.83,True,1776.97,1733.78,1710.88,1801.03
TR-041288,2025-09-18,Dry Van,5166.2,True,5037.7,4991.91,4869.67,4981.51
TR-041289,2025-09-18,Dry Van,2083.43,True,2113.34,2092.06,2043.49,2142.82
TR-041290,2025-09-18,Reefer,4607.16,True,4642.58,4548.42,4458.95,4549.42
TR-041291,2025-09-18,Dry Van,779.84,True,767.51,738.66,737.49,780.36
TR-041292,2025-09-18,Dry Van,836.28,True,829.22,818.5,802.63,819.21
TR-041293,2025-09-18,Dry Van,3176.84,True,3231.18,3193.9,3107.9,3293.27
TR-041294,2025-09-18,Dry Van,495.46,True,489.37,466.22,470.6,480.99
TR-041295,2025-09-18,Reefer,4347.36,True,4323.67,4155.74,4134.44,4377.19
TR-041296,2025-09-18,Dry Van,4178.51,True,4216.43,4079.98,4059.66,4208.3
TR-041297,2025-09-18,Dry Van,3006.37,True,3026.59,2975.0,2920.22,3017.88
TR-041298,2025-09-18,Dry Van,4053.08,True,4112.27,3987.7,3956.81,4132.63
TR-041299,2025-09-18,Reefer,1607.34,True,1612.34,1580.92,1550.56,1637.39
TR-041300,2025-09-18,Dry Van,1949.7,True,1972.14,1912.13,1894.39,1961.55
TR-041301,2025-09-18,Reefer,3802.99,True,3835.45,3819.4,3704.64,3863.44
TR-041302,2025-09-18,Dry Van,1483.86,True,1552.82,1520.84,1493.25,1576.29
TR-041303,2025-09-18,Flatbed,2759.78,True,2727.63,2621.48,2640.48,2751.3
TR-041304,2025-09-18,Dry Van,1445.84,True,1466.63,1443.22,1417.76,1527.27
TR-041305,2025-09-18,Dry Van,1615.1,True,1605.28,1553.42,1555.15,1592.85
TR-041306,2025-09-18,Reefer,2584.15,True,2613.07,2525.18,2520.46,2632.35
TR-041307,2025-09-18,Dry Van,405.1,False,1882.38,1842.8,1818.74,1872.48
TR-041308,2025-09-18,Dry Van,3412.56,True,3406.42,3308.83,3279.19,3327.8
TR-041309,2025-09-18,Flatbed,4087.21,True,4195.69,3981.68,4033.73,4151.26
TR-041310,2025-09-18,Dry Van,3359.31,True,3304.58,3235.7,3185.42,3177.12
TR-041311,2025-09-18,Dry Van,2325.78,True,2364.54,2270.74,2271.76,2423.19
TR-041312,2025-09-18,Dry Van,2730.21,True,2680.5,2662.93,2576.73,2666.63
TR-041313,2025-09-19,Dry Van,826.67,True,839.54,839.39,809.82,814.61
TR-041314,2025-09-19,Reefer,1962.07,True,2014.81,1944.82,1952.03,1995.57
TR-041315,2025-09-19,Flatbed,1166.63,True,1159.99,1143.98,1122.9,1138.22
TR-041316,2025-09-19,Dry Van,2564.42,True,2553.71,2514.64,2461.37,2590.36
TR-041317,2025-09-19,Flatbed,600.81,True,599.29,581.81,578.11,596.53
TR-041318,2025-09-19,Reefer,4014.66,True,4030.46,3903.95,3928.14,4028.08
TR-041319,2025-09-19,Flatbed,4738.37,True,4702.66,4427.67,4535.11,4641.45
TR-041320,2025-09-19,Dry Van,2092.82,True,2098.59,2042.85,2027.13,2099.42
TR-041321,2025-09-19,Dry Van,3163.26,True,3163.8,3082.53,3063.24,3197.34
TR-041322,2025-09-19,Dry Van,2019.13,True,2040.15,2053.16,1978.36,2022.74
TR-041323,2025-09-19,Dry Van,2802.25,True,2800.54,2740.72,2704.32,2728.38
TR-041324,2025-09-19,Reefer,2066.97,True,2086.61,2047.36,2020.91,2084.19
TR-041325,2025-09-19,Dry Van,4590.43,True,4675.55,4531.6,4533.64,4644.53
TR-041326,2025-09-19,Dry Van,3670.77,True,3533.92,3417.98,3423.04,3483.4
TR-041327,2025-09-19,Dry Van,4250.42,True,4284.56,4264.89,4141.93,4331.19
TR-041328,2025-09-19,Dry Van,572.29,True,570.77,569.9,553.91,561.82
TR-041329,2025-09-19,Reefer,3894.84,True,3879.41,3723.26,3775.88,3937.39
TR-041330,2025-09-19,Dry Van,1665.41,True,1643.55,1613.29,1588.75,1667.22
TR-041331,2025-09-19,Dry Van,1549.99,True,1566.53,1516.87,1511.83,1589.29
TR-041332,2025-09-19,Reefer,373.8,True,384.77,393.79,370.58,372.28
TR-041333,2025-09-19,Dry Van,249.46,True,253.42,248.74,246.92,247.08
TR-041334,2025-09-19,Dry Van,1841.98,True,1873.87,1829.74,1818.14,1896.2
TR-041335,2025-09-19,Flatbed,2160.19,True,2120.34,2042.43,2047.96,2126.58
TR-041336,2025-09-19,Dry Van,4847.31,True,5036.8,4767.37,4896.98,4907.84
TR-041337,2025-09-19,Reefer,5106.42,True,5229.15,5004.87,5079.1,5064.13
TR-041338,2025-09-19,Reefer,2911.96,True,2871.34,2753.14,2785.35,2846.04
TR-041339,2025-09-19,Dry Van,1809.62,True,1797.78,1755.57,1738.48,1814.48
TR-041340,2025-09-19,Dry Van,2273.21,True,2292.59,2241.77,2200.89,2332.26
TR-041341,2025-09-19,Flatbed,2039.79,True,2031.85,1972.78,1948.5,2031.55
TR-041342,2025-09-19,Reefer,4417.79,True,4438.34,4263.59,4307.87,4452.46
TR-041343,2025-09-19,Dry Van,2867.1,True,2849.73,2756.39,2768.19,2780.47
TR-041344,2025-09-19,Reefer,3683.21,True,3678.86,3612.26,3566.73,3681.95
TR-041345,2025-09-19,Flatbed,3549.61,True,3613.02,3357.26,3486.09,3512.19
TR-041346,2025-09-19,Reefer,469.54,True,467.96,438.14,452.85,469.92
TR-041347,2025-09-19,Dry Van,1551.3,True,1590.63,1556.0,1542.45,1596.75
TR-041348,2025-09-19,Dry Van,2382.54,True,2379.87,2331.73,2308.35,2433.86
TR-041349,2025-09-19,Dry Van,4489.53,True,4437.53,4381.25,4286.64,4381.85
TR-041350,2025-09-19,Dry Van,3701.37,True,3730.88,3648.34,3621.11,3819.7
TR-041351,2025-09-19,Dry Van,717.35,True,731.46,711.23,711.8,721.69
TR-041352,2025-09-19,Flatbed,918.88,True,924.7,880.67,894.69,920.9
TR-041353,2025-09-19,Flatbed,2313.34,True,2362.17,2229.7,2282.21,2371.89
TR-041354,2025-09-19,Reefer,3012.74,True,3008.68,2872.41,2918.46,2989.12
TR-041355,2025-09-19,Flatbed,5178.86,True,5293.41,4917.05,5127.28,5191.98
TR-041356,2025-09-19,Dry Van,1862.86,True,1888.37,1828.62,1823.46,1905.98
TR-041357,2025-09-19,Dry Van,3962.57,True,4015.44,3944.9,3881.67,3928.95
TR-041358,2025-09-19,Dry Van,348.25,True,348.79,351.05,335.3,347.4
TR-041359,2025-09-19,Dry Van,2798.54,True,2742.22,2653.5,2649.45,2693.84
TR-041360,2025-09-19,Dry Van,2912.78,True,2868.54,2826.92,2785.48,2820.18
TR-041361,2025-09-19,Dry Van,4193.39,True,4159.3,4133.42,4027.61,4119.29
TR-041362,2025-09-19,Dry Van,2333.95,True,2307.46,2237.94,2231.07,2328.71
TR-041363,2025-09-19,Flatbed,545.4,True,535.21,520.56,514.37,508.43
TR-041364,2025-09-19,Dry Van,1823.61,True,1847.69,1779.26,1790.41,1881.89
TR-041365,2025-09-19,Flatbed,1131.31,True,1096.35,1101.66,1064.5,1108.53
TR-041366,2025-09-19,Dry Van,880.09,True,875.22,825.53,838.9,873.49
TR-041367,2025-09-19,Reefer,2446.13,True,2534.62,2424.53,2432.97,2567.91
TR-041368,2025-09-19,Dry Van,432.04,False,2132.49,2087.34,2060.19,2138.09
TR-041369,2025-09-19,Reefer,2825.22,True,2922.05,2794.0,2815.74,2921.13
TR-041370,2025-09-19,Flatbed,1526.78,True,1549.59,1496.83,1507.6,1560.62
TR-041371,2025-09-19,Dry Van,1058.42,True,1058.4,1036.35,1026.77,1063.44
TR-041372,2025-09-19,Reefer,1601.24,True,1560.03,1525.81,1512.03,1569.94
TR-041373,2025-09-19,Reefer,3788.58,True,3662.69,3561.82,3573.01,3732.23
TR-041374,2025-09-19,Reefer,1235.15,True,1207.08,1232.0,1169.64,1207.57
TR-041375,2025-09-19,Dry Van,2413.33,True,2417.7,2380.4,2327.84,2468.91
TR-041376,2025-09-19,Dry Van,2272.44,True,2278.87,2228.87,2205.33,2289.57
TR-041377,2025-09-19,Reefer,1969.29,True,2014.18,2001.0,1934.09,2005.64
TR-041378,2025-09-19,Dry Van,3317.48,True,3389.81,3298.28,3294.66,3414.34
TR-041379,2025-09-19,Reefer,1566.34,True,1582.09,1565.43,1524.11,1624.02
TR-041380,2025-09-19,Dry Van,1111.1,True,1119.21,1100.24,1070.69,1127.69
TR-041381,2025-09-19,Dry Van,2600.02,True,2670.42,2566.01,2579.02,2630.35
TR-041382,2025-09-19,Reefer,1354.98,True,1319.14,1349.78,1265.06,1351.13
TR-041383,2025-09-19,Flatbed,897.45,True,877.94,857.93,838.86,858.99
TR-041384,2025-09-19,Dry Van,3963.16,True,3939.78,3964.35,3817.71,4018.71
TR-041385,2025-09-19,Dry Van,2136.16,True,2145.82,2078.41,2077.59,2188.35
TR-041386,2025-09-19,Dry Van,4859.45,True,4967.98,4848.01,4833.94,4999.28
TR-041387,2025-09-19,Dry Van,4167.22,True,4202.96,4175.79,4070.91,4214.21
TR-041388,2025-09-19,Reefer,4020.92,True,4061.92,3865.69,3947.59,4062.76
TR-041389,2025-09-19,Reefer,3264.88,True,3292.52,3208.07,3198.13,3304.23
TR-041390,2025-09-19,Dry Van,3581.05,True,3511.76,3414.01,3401.97,3467.64
TR-041391,2025-09-19,Reefer,2090.09,True,2072.13,2046.95,2004.77,2097.57
TR-041392,2025-09-19,Dry Van,1915.77,True,1913.47,1860.68,1846.59,1907.35
TR-041393,2025-09-19,Dry Van,1493.8,True,1501.98,1474.66,1449.75,1552.17
TR-041394,2025-09-19,Flatbed,5809.72,True,5813.51,5512.88,5623.22,5711.77
TR-041395,2025-09-19,Reefer,1860.36,True,1906.37,1814.28,1847.0,1897.45
TR-041396,2025-09-19,Dry Van,718.21,True,711.0,700.58,690.87,693.7
TR-041397,2025-09-19,Dry Van,3752.22,True,3752.11,3697.96,3626.76,3792.94
TR-041398,2025-09-19,Dry Van,1009.11,True,1007.29,981.83,973.13,987.45
TR-041399,2025-09-19,Flatbed,1688.02,True,1710.73,1595.43,1656.0,1710.42
TR-041400,2025-09-19,Dry Van,675.49,True,670.83,669.49,650.9,652.36
TR-041401,2025-09-19,Dry Van,1092.65,True,1064.25,1029.39,1029.57,1065.32
TR-041402,2025-09-19,Dry Van,2445.31,True,2459.58,2365.64,2360.99,2450.73
TR-041403,2025-09-19,Flatbed,1575.86,True,1556.98,1514.01,1509.27,1559.12
TR-041404,2025-09-19,Dry Van,1942.8,True,1923.64,1881.42,1863.34,1961.06
TR-041405,2025-09-19,Dry Van,1490.24,True,1491.41,1450.16,1446.99,1508.96
TR-041406,2025-09-19,Reefer,1823.67,True,1869.18,1793.9,1818.8,1912.88
TR-041407,2025-09-19,Dry Van,3149.95,True,3155.64,3071.11,3080.51,3137.84
TR-041408,2025-09-19,Reefer,3684.7,True,3565.95,3450.8,3457.27,3584.41
TR-041409,2025-09-19,Flatbed,1149.42,True,1137.29,1136.07,1095.67,1133.12
TR-041410,2025-09-19,Flatbed,1057.51,True,1055.26,1021.47,1021.14,1048.54
TR-041411,2025-09-19,Dry Van,1108.17,True,1144.61,1098.29,1100.49,1185.21
TR-041412,2025-09-19,Reefer,4413.86,True,4468.79,4275.39,4320.81,4524.79
TR-041413,2025-09-19,Reefer,7000.31,True,7125.92,6529.76,6868.36,6820.4
TR-041414,2025-09-19,Reefer,729.0,True,727.19,705.14,699.07,732.87
TR-041415,2025-09-19,Dry Van,697.25,True,692.51,676.04,670.67,680.49
TR-041416,2025-09-19,Dry Van,1732.79,True,1704.12,1660.73,1637.59,1716.36
TR-041417,2025-09-19,Flatbed,699.16,True,692.74,669.41,663.18,695.99
TR-041418,2025-09-19,Dry Van,1024.61,True,1018.74,1004.95,984.15,1055.34
TR-041419,2025-09-19,Dry Van,984.87,True,961.75,978.07,930.84,931.68
TR-041420,2025-09-19,Dry Van,1120.14,True,1138.38,1102.29,1094.68,1119.88
TR-041421,2025-09-19,Flatbed,5513.01,True,5348.74,5193.67,5188.79,5363.52
TR-041422,2025-09-19,Dry Van,1698.83,True,1718.44,1687.33,1656.01,1689.31
TR-041423,2025-09-19,Dry Van,2098.69,True,2110.82,2059.02,2037.79,2111.74
TR-041424,2025-09-19,Dry Van,511.87,True,521.58,506.05,503.92,510.81
TR-041425,2025-09-19,Reefer,5677.76,True,5747.51,5568.75,5530.27,5714.52
TR-041426,2025-09-19,Dry Van,3838.77,True,3852.16,3749.92,3725.96,3821.4
TR-041427,2025-09-19,Reefer,1919.67,True,1920.23,1856.63,1861.87,1969.91
TR-041428,2025-09-19,Dry Van,1724.82,True,1722.41,1674.59,1677.24,1753.99
TR-041429,2025-09-19,Dry Van,1478.5,True,1441.45,1417.1,1395.39,1444.52
TR-041430,2025-09-19,Flatbed,1751.33,True,1774.81,1707.23,1714.77,1777.68
TR-041431,2025-09-19,Dry Van,1599.26,True,1640.74,1616.9,1584.69,1617.65
TR-041432,2025-09-19,Dry Van,2598.59,True,2544.79,2484.24,2480.1,2581.04
TR-041433,2025-09-19,Reefer,4609.65,True,4610.0,4381.73,4445.42,4688.04
TR-041434,2025-09-19,Dry Van,2637.5,True,2669.69,2587.6,2589.35,2672.5
TR-041435,2025-09-19,Dry Van,1583.02,True,1543.63,1503.5,1488.91,1542.52
TR-041436,2025-09-19,Dry Van,1166.33,True,1171.77,1134.04,1130.47,1197.94
TR-041437,2025-09-19,Reefer,2423.32,True,2434.53,2355.45,2347.69,2468.93
TR-041438,2025-09-19,Dry Van,1411.33,True,1422.8,1427.31,1373.36,1411.81
TR-041439,2025-09-19,Dry Van,1983.08,True,1993.78,1913.29,1936.97,1995.72
TR-041440,2025-09-19,Dry Van,829.31,True,835.98,816.66,804.18,822.26
TR-041441,2025-09-19,Dry Van,2031.65,True,2054.22,2026.46,1981.61,2070.99
TR-041442,2025-09-19,Dry Van,2710.77,True,2701.32,2609.71,2606.9,2726.33
TR-041443,2025-09-19,Dry Van,3526.7,True,3547.09,3468.64,3455.81,3483.49
TR-041444,2025-09-19,Reefer,5785.57,True,5781.48,5666.7,5575.44,5788.68
TR-041445,2025-09-19,Dry Van,3976.16,True,4024.56,3931.4,3899.69,3941.53
TR-041446,2025-09-19,Dry Van,3382.24,True,3383.94,3264.8,3289.14,3364.22
TR-041447,2025-09-19,Reefer,1870.14,True,1894.95,1825.33,1841.49,1892.98
TR-041448,2025-09-19,Reefer,3800.07,True,3859.17,3728.44,3746.32,3871.34
TR-041449,2025-09-19,Flatbed,3178.92,True,3177.41,2997.42,3083.98,3195.24
TR-041450,2025-09-19,Dry Van,1772.42,True,1750.14,1726.82,1701.0,1784.18
TR-041451,2025-09-19,Dry Van,4268.29,True,4317.67,4244.5,4200.04,4295.26
TR-041452,2025-09-19,Reefer,1085.89,True,1085.83,1068.78,1047.8,1085.85
TR-041453,2025-09-19,Reefer,1067.12,True,1082.4,1049.96,1038.0,1082.56
TR-041454,2025-09-19,Dry Van,5532.01,True,5436.06,5403.63,5288.85,5338.58
TR-041455,2025-09-19,Reefer,1267.47,True,1264.83,1242.12,1225.19,1287.38
TR-041456,2025-09-19,Dry Van,1977.83,True,1964.43,1924.72,1896.88,2010.65
TR-041457,2025-09-19,Dry Van,1514.56,True,1530.51,1527.95,1471.03,1577.15
TR-041458,2025-09-19,Dry Van,2563.44,True,2584.88,2527.12,2508.73,2572.51
TR-041459,2025-09-19,Dry Van,2244.2,True,2327.99,2248.69,2253.52,2366.09
TR-041460,2025-09-19,Dry Van,2281.98,True,2268.2,2225.84,2202.29,2251.33
TR-041461,2025-09-19,Dry Van,2464.37,True,2460.61,2405.64,2388.62,2498.28
TR-041462,2025-09-19,Reefer,1251.18,True,1276.67,1237.72,1238.22,1322.47
TR-041463,2025-09-19,Flatbed,701.83,True,689.14,656.49,665.58,706.1
TR-041464,2025-09-19,Dry Van,3911.62,True,3914.33,3853.67,3796.65,3966.7
TR-041465,2025-09-19,Dry Van,4489.47,True,4563.46,4495.81,4434.11,4576.68
TR-041466,2025-09-19,Dry Van,1779.73,True,1806.11,1788.19,1742.41,1843.05
TR-041467,2025-09-19,Dry Van,1137.37,True,1163.42,1117.05,1123.64,1178.06
TR-041468,2025-09-19,Flatbed,2618.81,True,2595.81,2449.32,2515.62,2623.0
TR-041469,2025-09-20,Dry Van,2777.97,True,2871.97,2898.22,2756.74,2841.69
TR-041470,2025-09-20,Dry Van,2051.76,True,2109.12,2063.1,2021.61,2054.89
TR-041471,2025-09-20,Reefer,1148.22,True,1145.43,1153.76,1100.83,1135.32
TR-041472,2025-09-20,Dry Van,681.23,True,681.42,672.23,656.28,661.9
TR-041473,2025-09-20,Reefer,817.29,True,812.17,808.16,778.0,818.45
TR-041474,2025-09-20,Flatbed,858.27,True,849.28,802.95,813.41,827.27
TR-041475,2025-09-20,Flatbed,4472.14,True,4427.48,4178.2,4271.78,4402.83
TR-041476,2025-09-20,Dry Van,4102.92,True,4073.97,4036.45,3906.67,4086.08
TR-041477,2025-09-20,Flatbed,4114.55,True,4082.49,3868.32,3963.41,4155.23
TR-041478,2025-09-20,Dry Van,1498.39,True,1483.29,1461.28,1416.18,1490.0
TR-041479,2025-09-20,Reefer,3486.22,True,3524.75,3432.67,3384.96,3447.61
TR-041480,2025-09-20,Dry Van,1031.05,True,1032.2,1016.75,984.07,1059.27
TR-041481,2025-09-20,Reefer,1002.51,True,973.64,954.58,936.19,984.13
TR-041482,2025-09-20,Flatbed,1263.21,True,1266.64,1260.42,1218.37,1239.76
TR-041483,2025-09-20,Reefer,4619.3,True,4666.16,4522.15,4486.74,4620.17
TR-041484,2025-09-20,Flatbed,2077.27,True,2110.41,2009.36,2037.71,2151.15
TR-041485,2025-09-20,Dry Van,372.53,True,367.75,352.9,354.61,365.59
TR-041486,2025-09-20,Reefer,1368.72,True,1390.25,1355.32,1329.74,1428.38
TR-041487,2025-09-20,Dry Van,679.95,True,668.03,649.55,644.7,658.79
TR-041488,2025-09-20,Dry Van,3736.98,True,3732.07,3615.7,3585.42,3733.69
TR-041489,2025-09-20,Dry Van,2482.7,True,2508.82,2420.79,2416.46,2493.17
TR-041490,2025-09-20,Dry Van,4011.6,True,3929.83,3829.34,3779.82,3911.33
TR-041491,2025-09-20,Dry Van,4622.88,True,4659.56,4507.32,4463.93,4569.32
TR-041492,2025-09-20,Dry Van,2288.84,True,2323.25,2262.64,2239.42,2309.76
TR-041493,2025-09-20,Dry Van,3411.6,True,3460.31,3395.77,3355.14,3402.13
TR-041494,2025-09-20,Flatbed,2104.46,True,2111.63,1982.31,2024.87,2147.18
TR-041495,2025-09-20,Dry Van,2144.77,True,2144.04,2086.26,2067.43,2144.95
TR-041496,2025-09-20,Dry Van,2243.52,True,2298.93,2197.28,2197.96,2309.4
TR-041497,2025-09-20,Reefer,1998.89,True,1974.57,1950.8,1899.55,2036.54
TR-041498,2025-09-20,Dry Van,2219.93,True,2175.4,2116.39,2116.65,2176.5
TR-041499,2025-09-20,Reefer,335.52,True,338.5,319.46,325.87,324.4
TR-041500,2025-09-20,Dry Van,901.1,True,889.75,875.82,857.48,907.52
TR-041501,2025-09-20,Reefer,3012.21,True,3050.78,2930.38,2921.54,3025.88
TR-041502,2025-09-20,Reefer,1533.17,True,1532.78,1498.79,1476.4,1570.42
TR-041503,2025-09-20,Dry Van,2146.22,True,2118.35,2055.37,2027.43,2148.0
TR-041504,2025-09-20,Dry Van,1102.28,True,1126.71,1089.48,1080.55,1129.64
TR-041505,2025-09-20,Flatbed,3257.94,True,3301.48,3117.07,3177.1,3333.33
TR-041506,2025-09-20,Flatbed,1699.99,True,1726.69,1696.76,1665.39,1754.61
TR-041507,2025-09-20,Dry Van,5653.85,True,5593.99,5473.47,5376.3,5393.32
TR-041508,2025-09-20,Dry Van,1920.07,True,1953.51,1890.39,1869.56,1963.09
TR-041509,2025-09-20,Dry Van,881.72,True,882.02,861.97,848.58,899.87
TR-041510,2025-09-20,Dry Van,2604.3,True,2642.32,2571.88,2527.64,2615.79
TR-041511,2025-09-20,Reefer,2758.91,True,2789.7,2640.03,2680.66,2758.67
TR-041512,2025-09-20,Reefer,3721.12,True,3777.58,3650.34,3627.91,3711.12
TR-041513,2025-09-20,Reefer,2035.36,True,2085.94,2012.33,2006.78,2144.1
TR-041514,2025-09-20,Dry Van,2146.79,True,2220.79,2200.83,2137.85,2243.15
TR-041515,2025-09-20,Reefer,2458.05,True,2415.58,2298.91,2326.62,2434.32
TR-041516,2025-09-20,Dry Van,4252.72,True,3965.22,4077.57,3827.54,3880.76
TR-041517,2025-09-20,Dry Van,3005.24,True,2926.75,2848.81,2793.26,2829.84
TR-041518,2025-09-20,Dry Van,2602.63,True,2587.16,2536.62,2489.01,2596.7
TR-041519,2025-09-20,Reefer,4747.91,True,4674.33,4511.45,4505.06,4605.02
TR-041520,2025-09-20,Dry Van,3161.48,True,3179.84,3124.81,3052.54,3193.64
TR-041521,2025-09-20,Dry Van,5262.91,True,5182.06,5236.93,4995.27,5144.33
TR-041522,2025-09-20,Reefer,1980.51,True,1990.97,1975.74,1907.74,1999.86
TR-041523,2025-09-20,Dry Van,2463.93,True,2442.14,2362.69,2349.21,2481.65
TR-041524,2025-09-20,Dry Van,663.18,True,663.92,660.74,634.21,671.63
TR-041525,2025-09-20,Dry Van,4674.14,True,4583.44,4549.76,4375.3,4542.82
TR-041526,2025-09-20,Flatbed,1870.42,True,1827.28,1748.82,1764.87,1875.82
TR-041527,2025-09-20,Flatbed,1270.66,True,1301.97,1255.67,1246.35,1286.92
TR-041528,2025-09-20,Dry Van,1553.72,True,1586.45,1559.66,1531.71,1626.67
TR-041529,2025-09-20,Flatbed,2021.6,True,2007.76,1969.85,1929.39,1986.0
TR-041530,2025-09-20,Reefer,953.96,True,959.19,957.0,921.45,954.07
TR-041531,2025-09-20,Reefer,2195.35,True,2152.36,2071.07,2067.27,2181.71
TR-041532,2025-09-20,Dry Van,272.91,True,273.98,297.13,264.18,265.34
TR-041533,2025-09-20,Dry Van,685.08,True,681.11,657.5,657.69,696.86
TR-041534,2025-09-20,Dry Van,3415.45,True,3413.41,3348.97,3287.48,3424.74
TR-041535,2025-09-20,Flatbed,1154.58,True,1158.76,1103.82,1111.19,1159.26
TR-041536,2025-09-20,Dry Van,665.35,True,678.53,666.52,652.89,664.74
TR-041537,2025-09-20,Reefer,1411.62,True,1422.56,1367.72,1365.5,1430.52
TR-041538,2025-09-20,Flatbed,1934.67,True,1976.92,1898.67,1905.7,2004.61
TR-041539,2025-09-20,Flatbed,1361.74,True,1364.78,1266.89,1309.62,1338.36
TR-041540,2025-09-20,Dry Van,2654.53,True,2688.73,2654.42,2586.28,2661.65
TR-041541,2025-09-20,Reefer,1578.66,True,1581.21,1587.78,1509.34,1522.39
TR-041542,2025-09-20,Dry Van,3639.45,True,3635.86,3549.61,3505.62,3616.8
TR-041543,2025-09-20,Dry Van,2152.21,True,2177.37,2125.69,2086.23,2163.62
TR-041544,2025-09-20,Dry Van,660.37,True,671.43,658.04,641.1,668.34
TR-041545,2025-09-20,Flatbed,3689.68,True,3727.99,3528.2,3598.17,3662.92
TR-041546,2025-09-20,Dry Van,647.45,True,647.06,657.06,624.37,633.31
TR-041547,2025-09-20,Flatbed,2708.57,True,2641.73,2454.6,2531.55,2683.93
TR-041548,2025-09-20,Reefer,1321.9,True,1307.74,1320.22,1250.94,1288.58
TR-041549,2025-09-20,Flatbed,1267.57,True,1255.38,1254.17,1206.28,1240.66
TR-041550,2025-09-20,Dry Van,1007.21,True,1013.51,970.38,974.19,1008.66
TR-041551,2025-09-20,Dry Van,1218.31,True,1229.34,1184.18,1184.93,1211.34
TR-041552,2025-09-20,Reefer,4250.94,True,4273.68,4119.81,4095.26,4329.13
TR-041553,2025-09-20,Dry Van,766.56,True,766.23,742.74,739.95,754.07
TR-041554,2025-09-20,Dry Van,1085.7,True,1092.97,1071.88,1047.65,1131.39
TR-041555,2025-09-20,Flatbed,4321.42,True,4284.4,4087.11,4121.88,4301.08
TR-041556,2025-09-20,Reefer,2205.52,True,2169.77,2131.49,2110.28,2165.89
TR-041557,2025-09-20,Dry Van,594.54,True,585.4,582.11,563.2,557.46
TR-041558,2025-09-20,Reefer,2343.87,True,2426.58,2340.59,2343.88,2421.61
TR-041559,2025-09-20,Dry Van,3066.44,True,3088.11,3091.29,2946.41,3015.52
TR-041560,2025-09-20,Reefer,755.87,True,757.04,746.85,725.27,748.47
TR-041561,2025-09-20,Dry Van,2005.63,True,2026.87,1985.79,1942.37,2040.25
TR-041562,2025-09-20,Dry Van,4423.86,True,4383.29,4324.71,4215.56,4382.35
TR-041563,2025-09-20,Flatbed,2458.95,True,2414.1,2284.51,2340.41,2394.73
TR-041564,2025-09-20,Dry Van,2676.11,True,2704.19,2640.54,2617.77,2698.92
TR-041565,2025-09-20,Dry Van,553.31,True,563.59,545.67,543.33,534.98
TR-041566,2025-09-20,Reefer,1702.75,True,1742.85,1652.93,1667.69,1736.12
TR-041567,2025-09-20,Dry Van,5494.02,True,5388.29,5248.04,5183.88,5164.23
TR-041568,2025-09-20,Dry Van,2135.93,True,2127.75,2059.07,2044.74,2090.55
TR-041569,2025-09-20,Dry Van,1893.4,True,1889.12,1839.34,1813.59,1853.23
TR-041570,2025-09-20,Dry Van,1672.18,True,1640.72,1606.04,1586.76,1649.87
TR-041571,2025-09-20,Dry Van,1326.94,True,1339.96,1290.47,1286.67,1367.84
TR-041572,2025-09-20,Reefer,1097.05,True,1114.7,1106.79,1070.09,1108.71
TR-041573,2025-09-20,Dry Van,256.31,True,259.15,275.38,248.88,251.2
TR-041574,2025-09-20,Reefer,2697.63,True,2723.41,2607.6,2607.26,2708.27
TR-041575,2025-09-20,Reefer,6062.73,True,6087.38,5840.58,5878.87,5844.48
TR-041576,2025-09-20,Flatbed,4426.29,True,4412.79,4239.86,4226.66,4282.25
TR-041577,2025-09-20,Dry Van,4436.16,True,4550.48,4358.06,4378.07,4538.78
TR-041578,2025-09-20,Dry Van,752.64,True,761.53,751.56,734.24,726.1
TR-041579,2025-09-20,Dry Van,5132.62,True,5122.69,5052.37,4939.99,5036.28
TR-041580,2025-09-20,Dry Van,1788.23,True,1769.64,1697.57,1706.24,1802.22
TR-041581,2025-09-20,Dry Van,1207.23,True,1217.85,1186.57,1167.94,1243.08
TR-041582,2025-09-20,Dry Van,1156.91,True,1158.11,1138.82,1114.93,1150.4
TR-041583,2025-09-20,Reefer,1875.17,True,1867.6,1836.51,1790.4,1877.43
TR-041584,2025-09-20,Dry Van,2800.54,True,2828.19,2769.7,2707.24,2885.34
TR-041585,2025-09-20,Dry Van,548.54,True,554.47,557.83,533.01,543.66
TR-041586,2025-09-20,Reefer,895.46,True,876.24,877.64,843.19,873.0
TR-041587,2025-09-20,Dry Van,584.9,True,585.93,581.98,562.13,571.54
TR-041588,2025-09-20,Dry Van,718.43,True,710.95,711.5,682.38,702.93
TR-041589,2025-09-20,Dry Van,2934.3,True,3009.36,2892.99,2883.47,3020.74
TR-041590,2025-09-20,Reefer,2442.85,True,2449.34,2347.91,2369.0,2459.38
TR-041591,2025-09-20,Flatbed,4279.35,True,4272.0,4059.94,4120.37,4345.57
TR-041592,2025-09-20,Dry Van,852.06,True,851.77,849.78,818.29,812.78
TR-041593,2025-09-20,Reefer,736.28,True,725.59,730.5,700.59,713.52
TR-041594,2025-09-20,Dry Van,1514.72,True,1567.33,1551.39,1503.22,1564.21
TR-041595,2025-09-20,Reefer,1942.49,True,1936.42,1923.58,1854.59,1925.37
TR-041596,2025-09-20,Dry Van,2369.5,True,2356.03,2271.22,2271.84,2340.44
TR-041597,2025-09-20,Reefer,4329.3,True,4264.16,4078.87,4122.75,4212.04
TR-041598,2025-09-20,Reefer,1129.4,True,1110.97,1079.92,1069.88,1085.58
TR-041599,2025-09-20,Flatbed,1146.01,True,1120.77,1080.0,1079.03,1120.85
TR-041600,2025-09-20,Dry Van,1556.84,True,1577.2,1496.82,1516.64,1545.75
TR-041601,2025-09-20,Dry Van,2807.0,True,2794.85,2725.84,2677.3,2730.74
TR-041602,2025-09-20,Dry Van,586.23,True,594.42,575.86,573.04,579.96
TR-041603,2025-09-20,Flatbed,1376.63,True,1395.51,1307.85,1339.42,1399.54
TR-041604,2025-09-20,Reefer,2990.48,True,2990.47,2889.1,2864.52,2944.32
TR-041605,2025-09-20,Flatbed,728.24,True,708.72,708.24,682.18,677.91
TR-041606,2025-09-20,Reefer,4417.98,True,4451.56,4237.75,4306.18,4285.24
TR-041607,2025-09-20,Dry Van,1112.43,True,1092.73,1037.95,1047.74,1097.05
TR-041608,2025-09-20,Dry Van,4553.03,True,4512.95,4433.17,4328.45,4464.64
TR-041609,2025-09-20,Dry Van,3737.08,True,3721.71,3688.25,3598.68,3772.31
TR-041610,2025-09-20,Reefer,2595.85,True,2586.89,2491.66,2487.69,2588.64
TR-041611,2025-09-20,Flatbed,2428.37,True,2412.07,2323.02,2319.6,2413.06
TR-041612,2025-09-20,Dry Van,2160.55,True,2148.7,2077.04,2063.64,2142.59
TR-041613,2025-09-20,Reefer,4399.61,True,4445.71,4335.41,4280.6,4428.48
TR-041614,2025-09-20,Dry Van,1804.25,True,1872.91,1832.74,1792.87,1854.75
TR-041615,2025-09-20,Flatbed,1108.08,True,1128.18,1101.16,1085.38,1097.66
TR-041616,2025-09-20,Dry Van,4005.68,True,3929.18,3918.26,3763.46,3807.55
TR-041617,2025-09-20,Dry Van,4511.67,True,4504.93,4514.85,4331.34,4445.59
TR-041618,2025-09-20,Flatbed,1005.81,True,972.77,911.88,931.58,961.05
TR-041619,2025-09-20,Reefer,4513.5,True,4510.18,4361.07,4322.95,4509.84
TR-041620,2025-09-20,Reefer,2683.56,True,2646.54,2561.4,2546.29,2558.04
TR-041621,2025-09-20,Dry Van,2324.01,True,2262.41,2293.91,2171.17,2262.42
TR-041622,2025-09-20,Dry Van,3985.25,True,4008.53,3899.77,3869.89,3904.7
TR-041623,2025-09-20,Reefer,1504.04,True,1511.6,1468.26,1462.38,1542.25
TR-041624,2025-09-20,Flatbed,921.31,True,909.43,894.75,870.63,897.84
TR-041625,2025-09-20,Dry Van,1366.91,True,1375.08,1345.95,1325.69,1421.36
TR-041626,2025-09-20,Reefer,262.05,True,262.28,257.94,251.67,252.47
TR-041627,2025-09-20,Dry Van,661.66,True,663.57,647.45,633.5,652.64
TR-041628,2025-09-20,Dry Van,1324.49,True,1322.16,1307.28,1271.79,1301.0
TR-041629,2025-09-20,Flatbed,1087.21,True,1093.85,1058.23,1054.19,1103.54
TR-041630,2025-09-20,Dry Van,1725.11,True,1745.15,1723.39,1694.28,1736.06
TR-041631,2025-09-20,Dry Van,1676.07,True,1697.79,1656.69,1627.3,1696.06
TR-041632,2025-09-20,Reefer,5941.62,True,6020.54,5771.94,5778.51,5823.73
TR-041633,2025-09-20,Flatbed,3017.66,True,3056.26,2926.11,2940.24,3076.4
TR-041634,2025-09-21,Reefer,3611.88,True,3616.85,3471.28,3453.09,3595.21
TR-041635,2025-09-21,Flatbed,2498.49,True,2499.24,2373.54,2380.07,2501.24
TR-041636,2025-09-21,Flatbed,2310.62,True,2310.95,2209.32,2211.82,2301.44
TR-041637,2025-09-21,Dry Van,3946.83,True,3867.42,3809.89,3695.05,3745.49
TR-041638,2025-09-21,Dry Van,3480.52,True,3518.16,3422.89,3382.49,3553.84
TR-041639,2025-09-21,Flatbed,656.64,True,672.38,674.13,648.64,644.63
TR-041640,2025-09-21,Flatbed,1150.42,True,1167.97,1157.71,1113.41,1143.41
TR-041641,2025-09-21,Flatbed,2309.66,True,2279.32,2171.56,2186.53,2253.87
TR-041642,2025-09-21,Dry Van,1091.36,True,1085.25,1066.96,1036.59,1037.94
TR-041643,2025-09-21,Dry Van,3456.18,True,3544.19,3457.26,3416.47,3605.67
TR-041644,2025-09-21,Dry Van,1183.78,True,1169.41,1142.01,1117.32,1139.43
TR-041645,2025-09-21,Reefer,4502.92,True,4512.22,4376.51,4319.05,4436.68
TR-041646,2025-09-21,Dry Van,937.58,True,931.52,901.89,889.47,905.65
TR-041647,2025-09-21,Flatbed,3646.07,True,3657.08,3505.62,3504.28,3601.96
TR-041648,2025-09-21,Reefer,581.09,True,584.06,591.47,562.85,555.24
TR-041649,2025-09-21,Dry Van,2297.22,True,2279.97,2227.18,2181.19,2278.29
TR-041650,2025-09-21,Reefer,1193.08,True,1200.63,1205.08,1144.79,1168.71
TR-041651,2025-09-21,Flatbed,1740.18,True,1749.87,1687.72,1672.74,1708.17
TR-041652,2025-09-21,Reefer,3074.08,True,3108.18,3009.56,2969.57,3040.02
TR-041653,2025-09-21,Reefer,1143.9,True,1140.35,1103.15,1097.12,1138.41
TR-041654,2025-09-21,Dry Van,1957.77,True,2019.41,1966.05,1923.36,1975.61
TR-041655,2025-09-21,Dry Van,365.4,True,359.12,349.63,344.03,344.36
TR-041656,2025-09-21,Flatbed,2169.77,True,2248.91,2123.7,2144.49,2226.54
TR-041657,2025-09-21,Flatbed,1898.38,True,1910.23,1816.79,1825.81,1905.55
TR-041658,2025-09-21,Dry Van,1971.85,True,1948.51,1878.32,1864.3,1922.34
TR-041659,2025-09-21,Flatbed,800.84,True,801.29,767.05,768.2,797.54
TR-041660,2025-09-21,Flatbed,807.9,True,807.28,769.21,771.67,782.6
TR-041661,2025-09-21,Reefer,554.99,True,562.77,554.54,538.23,530.3
TR-041662,2025-09-21,Dry Van,2382.06,True,2442.33,2360.5,2344.95,2416.24
TR-041663,2025-09-21,Dry Van,1220.3,True,1218.21,1204.55,1166.22,1210.78
TR-041664,2025-09-21,Dry Van,1360.17,True,1356.07,1306.76,1291.22,1347.13
TR-041665,2025-09-21,Dry Van,2162.8,True,2161.36,2106.11,2078.12,2110.94
TR-041666,2025-09-21,Dry Van,2239.01,True,2259.2,2235.5,2157.0,2232.23
TR-041667,2025-09-21,Reefer,4080.25,True,4063.98,3955.39,3886.2,3945.26
TR-041668,2025-09-21,Dry Van,1752.55,True,1754.44,1694.75,1685.95,1754.25
TR-041669,2025-09-21,Dry Van,584.89,True,585.89,572.95,554.33,577.89
TR-041670,2025-09-21,Reefer,3304.89,True,3277.04,3145.44,3138.36,3262.69
TR-041671,2025-09-21,Dry Van,4233.74,True,4138.8,4177.31,3963.86,4035.33
TR-041672,2025-09-21,Reefer,1661.42,True,1676.95,1621.71,1605.22,1682.09
TR-041673,2025-09-21,Flatbed,828.15,True,840.16,796.04,800.56,846.03
TR-041674,2025-09-21,Dry Van,1868.09,True,1843.91,1803.42,1765.22,1844.01
TR-041675,2025-09-21,Flatbed,1767.74,True,1730.87,1651.97,1645.81,1701.85
TR-041676,2025-09-21,Reefer,1491.52,True,1465.43,1450.02,1405.18,1467.37
TR-041677,2025-09-21,Dry Van,2551.97,True,2559.97,2503.45,2452.13,2518.48
TR-041678,2025-09-21,Dry Van,3696.45,True,3643.32,3645.01,3475.23,3553.62
TR-041679,2025-09-21,Dry Van,3427.37,True,3434.25,3346.76,3288.12,3353.05
TR-041680,2025-09-21,Reefer,2493.86,True,2444.76,2341.32,2335.14,2403.06
TR-041681,2025-09-21,Dry Van,3252.12,True,3220.93,3174.34,3081.92,3172.55
TR-041682,2025-09-21,Flatbed,4953.89,True,4982.62,4649.39,4777.67,4736.73
TR-041683,2025-09-21,Flatbed,1398.23,True,1404.28,1329.22,1337.18,1439.22
TR-041684,2025-09-21,Reefer,5882.21,True,5908.19,5771.77,5641.79,5830.67
TR-041685,2025-09-21,Flatbed,3113.17,True,3184.92,3097.54,3053.29,3159.11
TR-041686,2025-09-21,Dry Van,216.43,True,217.28,220.14,209.2,210.13
TR-041687,2025-09-21,Flatbed,2108.16,True,2171.89,2067.12,2087.1,2144.38
TR-041688,2025-09-21,Flatbed,4976.59,True,5004.02,4773.34,4797.77,4926.06
TR-041689,2025-09-21,Flatbed,924.23,True,902.71,843.25,858.64,896.24
TR-041690,2025-09-21,Dry Van,4553.9,True,4545.89,4438.81,4373.84,4328.11
TR-041691,2025-09-21,Dry Van,3217.01,True,3152.82,3109.67,3029.38,3159.31
TR-041692,2025-09-21,Dry Van,3269.56,True,3247.52,3230.45,3114.61,3234.44
TR-041693,2025-09-21,Reefer,4026.29,True,4135.61,3968.02,3956.02,4114.69
TR-041694,2025-09-21,Dry Van,2725.13,True,2674.36,2623.93,2559.13,2632.64
TR-041695,2025-09-21,Reefer,4748.45,True,4696.55,4576.85,4510.76,4707.41
TR-041696,2025-09-21,Dry Van,2479.52,True,2462.98,2467.68,2371.62,2431.15
TR-041697,2025-09-21,Flatbed,1515.47,True,1489.17,1452.47,1427.34,1474.69
TR-041698,2025-09-21,Dry Van,1345.26,True,1344.09,1299.48,1300.83,1354.15
TR-041699,2025-09-21,Dry Van,2784.94,True,2765.0,2751.85,2642.91,2785.83
TR-041700,2025-09-21,Dry Van,3667.95,True,3733.4,3632.41,3594.52,3695.97
TR-041701,2025-09-21,Dry Van,2487.79,True,2446.81,2452.22,2334.07,2475.51
TR-041702,2025-09-21,Dry Van,911.59,True,896.83,871.25,856.86,883.85
TR-041703,2025-09-21,Dry Van,936.36,True,920.03,897.1,874.44,910.57
TR-041704,2025-09-21,Reefer,1881.04,True,1895.39,1865.38,1804.93,1878.94
TR-041705,2025-09-21,Dry Van,5700.34,True,5687.76,5576.77,5434.46,5496.78
TR-041706,2025-09-21,Dry Van,1022.08,True,1063.34,1024.66,1021.5,1068.95
TR-041707,2025-09-21,Flatbed,683.1,True,678.83,672.49,649.92,657.66
TR-041708,2025-09-21,Dry Van,1709.29,True,1701.92,1688.46,1621.27,1710.45
TR-041709,2025-09-21,Dry Van,2231.98,True,2199.9,2164.94,2098.33,2209.87
TR-041710,2025-09-21,Flatbed,1377.14,True,1388.29,1345.1,1329.87,1398.65
TR-041711,2025-09-21,Reefer,4268.96,True,4303.64,4180.36,4113.67,4323.57
TR-041712,2025-09-21,Flatbed,5070.8,True,5030.08,4890.21,4801.85,5018.53
TR-041713,2025-09-21,Reefer,2103.34,True,2141.29,2108.17,2053.0,2208.51
TR-041714,2025-09-21,Dry Van,4051.87,True,4065.66,3959.29,3873.3,4156.65
TR-041715,2025-09-21,Dry Van,1161.23,True,1161.21,1180.17,1106.8,1179.8
TR-041716,2025-09-21,Dry Van,1373.05,True,1344.76,1321.77,1284.34,1325.95
TR-041717,2025-09-21,Flatbed,2122.07,True,2126.4,2012.13,2041.61,2131.46
TR-041718,2025-09-21,Flatbed,1254.13,True,1267.39,1210.99,1219.01,1235.95
TR-041719,2025-09-21,Reefer,2906.25,True,2892.3,2793.98,2767.93,2823.0
TR-041720,2025-09-21,Flatbed,5931.87,True,6012.79,5630.17,5772.6,5836.55
TR-041721,2025-09-21,Dry Van,244.71,False,803.93,811.37,768.96,781.92
TR-041722,2025-09-21,Dry Van,5709.8,True,5760.69,5734.28,5550.44,5655.37
TR-041723,2025-09-21,Reefer,2386.8,True,2378.57,2298.26,2267.85,2353.13
TR-041724,2025-09-21,Dry Van,4134.62,True,4058.11,4048.14,3897.19,3994.99
TR-041725,2025-09-21,Dry Van,1916.49,True,1930.33,1887.39,1839.86,1919.12
TR-041726,2025-09-21,Flatbed,3923.46,True,3877.83,3634.73,3718.32,3778.6
TR-041727,2025-09-21,Dry Van,3419.89,True,3407.83,3319.35,3258.82,3450.15
TR-041728,2025-09-21,Dry Van,2421.49,True,2432.26,2374.63,2337.11,2418.41
TR-041729,2025-09-21,Dry Van,762.33,True,760.3,737.56,724.93,763.67
TR-041730,2025-09-21,Dry Van,1108.34,True,1092.63,1059.71,1042.06,1086.33
TR-041731,2025-09-21,Reefer,2406.81,True,2425.78,2344.99,2315.04,2425.78
TR-041732,2025-09-21,Flatbed,5554.59,True,5418.64,5160.36,5192.97,5288.39
TR-041733,2025-09-21,Dry Van,1091.14,True,1101.01,1069.86,1052.87,1106.32
TR-041734,2025-09-21,Reefer,1422.21,True,1414.87,1406.1,1351.25,1393.39
TR-041735,2025-09-21,Flatbed,2632.12,True,2677.03,2550.89,2573.22,2642.12
TR-041736,2025-09-21,Dry Van,3352.84,True,3398.47,3312.92,3275.99,3432.42
TR-041737,2025-09-21,Reefer,4540.34,True,4369.78,4246.05,4177.88,4277.45
TR-041738,2025-09-21,Reefer,3564.41,True,3593.17,3460.18,3438.05,3539.25
TR-041739,2025-09-21,Dry Van,1698.54,True,1772.08,1710.28,1690.34,1786.87
TR-041740,2025-09-21,Dry Van,2008.12,True,2051.82,1985.15,1960.84,2064.32
TR-041741,2025-09-21,Dry Van,4920.08,True,5008.48,4791.78,4793.66,4873.81
TR-041742,2025-09-21,Reefer,2146.69,True,2155.64,2103.98,2063.71,2157.32
TR-041743,2025-09-21,Dry Van,3160.7,True,3116.89,3132.7,2977.79,3038.62
TR-041744,2025-09-21,Dry Van,4976.74,True,5048.24,4951.05,4823.85,4935.44
TR-041745,2025-09-21,Dry Van,1719.66,True,1772.02,1737.74,1683.98,1744.73
TR-041746,2025-09-21,Dry Van,1466.84,True,1466.94,1416.23,1402.2,1463.52
TR-041747,2025-09-21,Reefer,597.35,True,598.73,599.01,576.1,575.07
TR-041748,2025-09-21,Flatbed,435.75,True,435.22,428.25,419.13,413.78
TR-041749,2025-09-21,Flatbed,1883.43,True,1861.15,1795.66,1789.52,1857.67
TR-041750,2025-09-21,Reefer,3765.88,True,3801.64,3709.32,3630.81,3772.27
TR-041751,2025-09-21,Dry Van,1181.13,True,1149.88,1104.59,1091.13,1156.21
TR-041752,2025-09-21,Dry Van,2585.03,True,2558.17,2526.33,2449.47,2514.43
TR-041753,2025-09-21,Flatbed,5593.05,True,5671.82,5334.42,5445.27,5598.4
TR-041754,2025-09-21,Reefer,2872.83,True,2959.23,2925.06,2815.58,2899.61
TR-041755,2025-09-21,Dry Van,1243.64,True,1263.09,1240.69,1207.03,1271.83
TR-041756,2025-09-21,Dry Van,1191.99,True,1189.33,1162.7,1137.36,1159.77
TR-041757,2025-09-21,Dry Van,3622.66,True,3605.24,3481.91,3467.88,3533.51
TR-041758,2025-09-21,Dry Van,4224.72,True,4266.48,4266.41,4070.45,4145.18
TR-041759,2025-09-21,Dry Van,3774.79,True,3818.44,3737.6,3645.41,3842.87
TR-041760,2025-09-21,Dry Van,983.11,True,1003.93,979.96,960.15,963.34
TR-041761,2025-09-21,Dry Van,4238.58,True,4249.73,4203.16,4079.72,4236.31
TR-041762,2025-09-21,Reefer,6531.29,True,6458.95,6145.03,6200.36,6232.02
TR-041763,2025-09-21,Reefer,1214.44,True,1217.33,1225.45,1163.84,1189.59
TR-041764,2025-09-21,Flatbed,1597.77,True,1632.63,1537.4,1554.83,1645.01
TR-041765,2025-09-21,Dry Van,2476.39,True,2481.09,2461.43,2384.28,2491.62
TR-041766,2025-09-21,Dry Van,2612.5,True,2589.07,2577.26,2484.9,2568.58
TR-041767,2025-09-21,Flatbed,664.97,True,672.76,644.03,642.05,653.88
TR-041768,2025-09-21,Dry Van,4338.34,True,4432.42,4355.25,4223.07,4426.47
TR-041769,2025-09-21,Flatbed,3287.49,True,3336.11,3158.67,3209.1,3294.22
TR-041770,2025-09-21,Reefer,2040.68,True,2055.07,1967.01,1962.69,2080.16
TR-041771,2025-09-21,Dry Van,2381.44,True,2396.82,2329.7,2298.7,2433.2
TR-041772,2025-09-21,Reefer,2836.21,True,2885.12,2774.19,2757.13,2833.1
TR-041773,2025-09-21,Reefer,3438.75,True,3439.37,3285.01,3272.74,3362.99
TR-041774,2025-09-21,Flatbed,2846.57,True,2836.61,2712.92,2731.8,2798.96
TR-041775,2025-09-21,Dry Van,1924.08,True,1930.44,1901.86,1850.56,1913.39
TR-041776,2025-09-21,Dry Van,3085.65,True,3111.64,3028.59,2973.14,3061.15
TR-041777,2025-09-21,Dry Van,4135.69,True,4229.01,4125.03,4043.62,4069.02
TR-041778,2025-09-21,Reefer,4199.58,True,4204.96,4085.22,4041.06,4060.63
TR-041779,2025-09-21,Dry Van,460.98,True,471.98,448.49,452.02,446.1
TR-041780,2025-09-21,Reefer,998.75,True,1007.47,1024.21,967.31,1009.45
TR-041781,2025-09-21,Dry Van,2684.0,True,2720.27,2724.57,2589.89,2701.63
TR-041782,2025-09-21,Dry Van,3891.27,True,3878.45,3775.67,3710.7,3831.33
TR-041783,2025-09-21,Reefer,1745.97,True,1748.28,1724.81,1662.66,1739.36
TR-041784,2025-09-21,Reefer,5583.52,True,5691.92,5511.91,5449.84,5617.98
TR-041785,2025-09-21,Dry Van,806.69,True,804.35,786.67,769.32,795.86
TR-041786,2025-09-21,Reefer,2945.77,True,2953.12,2921.04,2806.94,2952.81
TR-041787,2025-09-21,Dry Van,847.94,True,848.13,833.34,811.75,808.64
TR-041788,2025-09-21,Dry Van,3704.41,True,3685.21,3615.84,3540.6,3637.86
TR-041789,2025-09-21,Dry Van,1772.5,True,1750.86,1682.69,1664.03,1742.83
TR-041790,2025-09-21,Dry Van,3563.18,True,3606.53,3529.68,3453.45,3500.4
TR-041791,2025-09-21,Flatbed,3667.32,True,3644.33,3534.36,3497.07,3632.31
TR-041792,2025-09-21,Dry Van,2291.91,True,2214.01,2162.24,2121.84,2177.71
TR-041793,2025-09-21,Dry Van,2359.67,True,2374.36,2289.65,2265.75,2326.74
TR-041794,2025-09-21,Dry Van,2850.44,True,2845.66,2788.85,2718.49,2864.78
TR-041795,2025-09-21,Dry Van,2392.66,True,2386.26,2366.58,2286.83,2353.98
TR-041796,2025-09-21,Reefer,512.08,True,505.4,471.11,483.11,496.48
TR-041797,2025-09-21,Reefer,4363.74,True,4399.78,4303.66,4224.99,4428.22
TR-041798,2025-09-21,Dry Van,748.37,True,757.92,762.86,725.36,728.78
TR-041799,2025-09-21,Dry Van,2177.89,True,2221.88,2171.92,2124.51,2227.97
TR-041800,2025-09-21,Dry Van,2376.16,True,2408.01,2362.33,2299.92,2413.77
TR-041801,2025-09-21,Dry Van,1699.23,True,1738.34,1695.7,1670.57,1696.93
TR-041802,2025-09-21,Dry Van,1215.54,True,1243.8,1216.86,1192.28,1226.53
TR-041803,2025-09-21,Dry Van,3766.9,True,3814.07,3723.33,3669.42,3859.0
TR-041804,2025-09-22,Flatbed,2128.56,True,2119.11,2036.52,2029.3,2120.77
TR-041805,2025-09-22,Dry Van,1392.33,True,1405.05,1373.11,1352.81,1393.35
TR-041806,2025-09-22,Dry Van,3440.26,True,3438.02,3424.23,3306.64,3288.91
TR-041807,2025-09-22,Dry Van,4046.17,True,4121.27,4048.19,3953.39,4090.87
TR-041808,2025-09-22,Dry Van,1540.67,True,1566.06,1505.1,1503.34,1569.52
TR-041809,2025-09-22,Dry Van,3878.45,True,3971.35,3893.48,3819.97,3987.72
TR-041810,2025-09-22,Dry Van,1538.05,True,1569.01,1533.27,1502.17,1528.33
TR-041811,2025-09-22,Dry Van,1544.91,True,1517.23,1522.51,1456.93,1506.47
TR-041812,2025-09-22,Reefer,4597.18,True,4498.5,4321.66,4297.55,4444.3
TR-041813,2025-09-22,Reefer,2531.03,True,2546.81,2439.3,2451.83,2488.1
TR-041814,2025-09-22,Dry Van,976.23,True,975.2,939.87,929.96,986.77
TR-041815,2025-09-22,Reefer,2554.85,True,2553.12,2444.06,2451.71,2531.59
TR-041816,2025-09-22,Dry Van,2158.7,True,2153.8,2082.77,2078.47,2155.52
TR-041817,2025-09-22,Dry Van,2347.09,True,2360.01,2306.46,2255.55,2328.64
TR-041818,2025-09-22,Flatbed,375.07,True,371.89,356.21,357.68,349.72
TR-041819,2025-09-22,Dry Van,923.27,True,909.03,892.28,870.7,904.45
TR-041820,2025-09-22,Dry Van,555.39,True,555.99,559.52,533.16,537.21
TR-041821,2025-09-22,Reefer,2538.88,True,2580.54,2481.88,2478.63,2542.1
TR-041822,2025-09-22,Reefer,1378.44,True,1409.06,1365.34,1348.58,1411.06
TR-041823,2025-09-22,Dry Van,501.37,True,496.74,493.07,473.01,494.78
TR-041824,2025-09-22,Dry Van,2992.86,True,2981.99,2932.25,2857.79,2932.5
TR-041825,2025-09-22,Reefer,1204.25,True,1222.23,1177.92,1166.09,1199.75
TR-041826,2025-09-22,Reefer,5426.58,True,5409.22,5137.8,5166.72,5334.22
TR-041827,2025-09-22,Dry Van,1048.6,True,1048.44,1035.12,1006.27,1010.27
TR-041828,2025-09-22,Dry Van,2931.57,True,2889.37,2802.83,2780.14,2883.74
TR-041829,2025-09-22,Dry Van,1099.07,True,1091.89,1082.33,1041.25,1062.68
TR-041830,2025-09-22,Reefer,2775.61,True,2869.52,2750.48,2749.47,2775.35
TR-041831,2025-09-22,Dry Van,633.76,True,647.21,637.79,625.02,634.23
TR-041832,2025-09-22,Dry Van,2098.04,True,2143.9,2085.85,2048.33,2154.71
TR-041833,2025-09-22,Reefer,1851.74,True,1866.38,1767.09,1783.85,1868.97
TR-041834,2025-09-22,Reefer,1355.55,True,1344.01,1341.92,1283.54,1363.08
TR-041835,2025-09-22,Dry Van,1625.53,True,1633.66,1578.07,1567.52,1656.25
TR-041836,2025-09-22,Dry Van,1125.97,True,1140.92,1114.48,1099.56,1132.4
TR-041837,2025-09-22,Dry Van,2152.81,True,2139.38,2080.39,2036.51,2098.48
TR-041838,2025-09-22,Reefer,983.53,True,989.25,987.93,946.45,990.42
TR-041839,2025-09-22,Dry Van,1939.61,True,1981.29,1954.08,1897.6,1981.86
TR-041840,2025-09-22,Dry Van,2691.8,True,2775.46,2714.03,2662.59,2790.9
TR-041841,2025-09-22,Reefer,1628.59,True,1629.33,1580.85,1553.7,1641.12
TR-041842,2025-09-22,Dry Van,1699.49,True,1729.33,1704.68,1663.93,1719.07
TR-041843,2025-09-22,Reefer,959.92,True,957.23,933.67,916.51,947.19
TR-041844,2025-09-22,Dry Van,1496.18,True,1544.95,1523.21,1489.35,1561.11
TR-041845,2025-09-22,Reefer,4098.74,True,4049.81,3946.07,3882.09,4062.94
TR-041846,2025-09-22,Dry Van,2928.12,True,2920.12,2843.57,2807.62,2895.8
TR-041847,2025-09-22,Flatbed,5214.68,True,5187.59,5005.17,4972.22,5193.2
TR-041848,2025-09-22,Dry Van,1920.81,True,1953.48,1909.55,1873.98,1966.57
TR-041849,2025-09-22,Dry Van,1342.0,True,1359.69,1346.13,1303.16,1371.28
TR-041850,2025-09-22,Dry Van,373.78,True,360.43,358.6,346.4,357.02
TR-041851,2025-09-22,Reefer,1977.64,True,1952.88,1877.97,1877.61,1958.31
TR-041852,2025-09-22,Dry Van,898.29,True,891.37,863.09,853.74,858.13
TR-041853,2025-09-22,Reefer,2004.53,True,1977.08,1968.13,1899.6,1960.11
TR-041854,2025-09-22,Dry Van,748.0,True,752.84,760.6,722.95,714.4
TR-041855,2025-09-22,Flatbed,4486.44,True,4443.72,4274.44,4268.71,4500.8
TR-041856,2025-09-22,Dry Van,1113.48,True,1122.33,1087.95,1076.73,1139.66
TR-041857,2025-09-22,Dry Van,3244.08,True,3299.24,3282.28,3151.09,3262.84
TR-041858,2025-09-22,Dry Van,1349.6,True,1368.5,1349.62,1319.46,1358.45
TR-041859,2025-09-22,Reefer,1733.25,True,1738.44,1706.61,1680.76,1727.6
TR-041860,2025-09-22,Dry Van,4679.78,True,4640.38,4602.24,4463.31,4530.26
TR-041861,2025-09-22,Reefer,1549.59,True,1553.3,1548.84,1490.77,1506.77
TR-041862,2025-09-22,Reefer,1817.52,True,1817.74,1769.68,1734.72,1778.48
TR-041863,2025-09-22,Dry Van,2398.51,True,2409.19,2372.01,2317.74,2396.11
TR-041864,2025-09-22,Reefer,2497.67,True,2526.15,2455.55,2427.27,2493.31
TR-041865,2025-09-22,Dry Van,1227.05,True,1227.2,1238.51,1174.25,1208.37
TR-041866,2025-09-22,Flatbed,2259.47,True,2237.3,2141.73,2143.26,2164.33
TR-041867,2025-09-22,Dry Van,782.19,True,770.49,762.48,738.17,732.67
TR-041868,2025-09-22,Dry Van,3823.47,True,3823.29,3724.2,3696.59,3713.04
TR-041869,2025-09-22,Flatbed,2778.74,True,2754.29,2623.33,2646.05,2740.91
TR-041870,2025-09-22,Dry Van,2064.85,True,2019.38,1989.76,1937.78,1988.31
TR-041871,2025-09-22,Dry Van,1051.24,True,1082.39,1048.23,1039.76,1063.43
TR-041872,2025-09-22,Reefer,3988.91,True,3966.3,3870.53,3810.01,4012.86
TR-041873,2025-09-22,Reefer,1385.82,True,1390.17,1381.99,1330.99,1394.15
TR-041874,2025-09-22,Flatbed,1175.72,True,1186.4,1171.67,1131.42,1131.5
TR-041875,2025-09-22,Dry Van,569.67,True,575.06,570.55,555.87,548.76
TR-041876,2025-09-22,Reefer,3963.94,True,3961.41,3865.82,3812.68,3885.59
TR-041877,2025-09-22,Reefer,2063.23,True,2106.55,2028.3,2010.28,2106.48
TR-041878,2025-09-22,Reefer,383.49,True,388.21,392.15,373.11,378.29
TR-041879,2025-09-22,Dry Van,1608.15,True,1584.57,1565.94,1515.86,1598.33
TR-041880,2025-09-22,Flatbed,1667.17,True,1641.49,1581.67,1571.14,1659.28
TR-041881,2025-09-22,Reefer,1193.46,True,1180.13,1159.63,1125.48,1191.55
TR-041882,2025-09-22,Dry Van,3775.66,True,3735.87,3627.59,3578.58,3724.86
TR-041883,2025-09-22,Reefer,2429.57,True,2408.3,2297.4,2311.89,2359.78
TR-041884,2025-09-22,Flatbed,3902.72,True,3885.09,3634.21,3745.65,3776.03
TR-041885,2025-09-22,Reefer,884.94,True,881.58,868.25,843.14,873.95
TR-041886,2025-09-22,Dry Van,3667.82,True,3663.57,3589.34,3519.57,3543.21
TR-041887,2025-09-22,Dry Van,4192.73,True,4192.2,4163.51,4011.54,4164.4
TR-041888,2025-09-22,Dry Van,1161.6,True,1123.9,1099.1,1069.95,1117.47
TR-041889,2025-09-22,Dry Van,509.11,True,521.91,502.75,499.21,501.29
TR-041890,2025-09-22,Dry Van,4197.87,True,4131.07,4061.06,3968.17,3987.01
TR-041891,2025-09-22,Flatbed,5728.27,True,5633.36,5432.41,5443.93,5540.97
TR-041892,2025-09-22,Dry Van,344.39,True,350.5,342.17,335.54,346.93
TR-041893,2025-09-22,Dry Van,2216.98,True,2225.65,2224.15,2121.83,2190.63
TR-041894,2025-09-22,Reefer,3656.53,True,3668.34,3573.55,3523.29,3596.77
TR-041895,2025-09-22,Reefer,2289.62,True,2308.37,2223.6,2209.09,2232.48
TR-041896,2025-09-22,Reefer,1834.15,True,1734.85,1704.37,1666.55,1717.42
TR-041897,2025-09-22,Flatbed,1259.22,True,1290.57,1230.55,1234.22,1285.75
TR-041898,2025-09-22,Dry Van,901.25,True,903.73,887.3,867.31,868.33
TR-041899,2025-09-22,Dry Van,2075.25,True,2144.01,2177.03,2045.01,2139.07
TR-041900,2025-09-22,Dry Van,1961.33,True,1958.36,1885.07,1879.62,1929.0
TR-041901,2025-09-22,Dry Van,2668.74,True,2670.8,2599.93,2580.68,2662.93
TR-041902,2025-09-22,Reefer,863.66,True,866.35,853.81,831.9,845.71
TR-041903,2025-09-22,Dry Van,1502.5,True,1562.17,1496.87,1505.25,1561.13
TR-041904,2025-09-22,Dry Van,4047.61,True,4219.51,4156.55,4035.76,4157.97
TR-041905,2025-09-22,Flatbed,2745.03,True,2726.03,2605.2,2601.15,2678.53
TR-041906,2025-09-22,Flatbed,1915.26,True,1994.23,1853.71,1909.45,2028.56
TR-041907,2025-09-22,Reefer,4609.13,True,4652.02,4571.73,4427.47,4504.17
TR-041908,2025-09-22,Dry Van,4898.32,True,4854.15,4781.69,4658.1,4811.49
TR-041909,2025-09-22,Dry Van,3122.02,True,3093.18,2968.84,2970.97,3059.92
TR-041910,2025-09-22,Dry Van,2249.86,True,2168.38,2176.2,2082.36,2133.35
TR-041911,2025-09-22,Flatbed,2716.18,True,2670.36,2510.63,2560.15,2671.7
TR-041912,2025-09-22,Dry Van,1151.79,True,1146.71,1125.2,1100.48,1122.54
TR-041913,2025-09-22,Reefer,1040.12,True,1023.43,1049.27,987.12,1001.17
TR-041914,2025-09-22,Flatbed,1637.66,True,1644.4,1577.7,1571.45,1667.65
TR-041915,2025-09-22,Dry Van,455.17,True,455.23,456.21,437.91,439.26
TR-041916,2025-09-22,Dry Van,755.4,True,761.97,737.99,728.03,756.22
TR-041917,2025-09-22,Dry Van,1382.93,True,1402.58,1392.66,1344.45,1382.22
TR-041918,2025-09-22,Reefer,791.95,True,806.84,797.85,767.45,810.34
TR-041919,2025-09-22,Reefer,1264.86,True,1280.15,1224.87,1222.71,1263.07
TR-041920,2025-09-22,Dry Van,349.2,True,350.79,326.95,335.2,340.98
TR-041921,2025-09-22,Reefer,620.41,True,627.41,613.73,603.58,613.29
TR-041922,2025-09-22,Dry Van,1972.72,True,1989.22,1921.57,1921.61,1942.86
TR-041923,2025-09-22,Dry Van,938.4,True,942.79,910.38,899.66,950.55
TR-041924,2025-09-22,Flatbed,1052.71,True,1055.02,1023.75,1016.82,1015.93
TR-041925,2025-09-22,Flatbed,2333.1,True,2350.66,2246.53,2252.41,2334.26
TR-041926,2025-09-22,Dry Van,1094.42,True,1071.52,1055.91,1022.38,1063.01
TR-041927,2025-09-22,Reefer,1486.23,True,1529.3,1456.34,1468.39,1542.49
TR-041928,2025-09-22,Dry Van,2095.39,True,2097.81,2124.67,2010.79,2073.1
TR-041929,2025-09-22,Reefer,883.79,True,904.76,912.16,870.89,872.45
TR-041930,2025-09-22,Dry Van,3727.53,True,3676.39,3638.03,3535.76,3721.39
TR-041931,2025-09-22,Dry Van,3367.15,True,3333.83,3268.21,3197.39,3325.37
TR-041932,2025-09-22,Reefer,580.22,True,581.6,583.88,559.43,573.19
TR-041933,2025-09-22,Dry Van,2751.44,True,2748.58,2705.34,2636.45,2677.48
TR-041934,2025-09-22,Dry Van,1753.47,True,1775.34,1720.52,1693.43,1767.47
TR-041935,2025-09-22,Dry Van,2831.17,True,2839.94,2811.06,2731.71,2821.61
TR-041936,2025-09-22,Reefer,4986.16,True,4944.5,4732.9,4736.12,4872.24
TR-041937,2025-09-22,Dry Van,3237.63,True,3167.07,3234.96,3044.77,3092.04
TR-041938,2025-09-22,Dry Van,1167.44,True,1161.48,1126.29,1112.47,1129.58
TR-041939,2025-09-22,Dry Van,3721.9,True,3704.84,3688.14,3554.53,3674.02
TR-041940,2025-09-22,Reefer,1565.74,True,1593.32,1560.4,1527.1,1608.91
TR-041941,2025-09-22,Dry Van,1636.8,True,1627.79,1601.24,1553.62,1654.9
TR-041942,2025-09-22,Dry Van,2014.62,True,2001.71,1971.75,1934.85,1959.62
TR-041943,2025-09-22,Reefer,2826.25,True,2771.0,2648.65,2657.86,2718.19
TR-041944,2025-09-22,Dry Van,1946.28,True,1967.47,1953.32,1890.13,1944.52
TR-041945,2025-09-22,Dry Van,3824.6,True,3801.14,3720.06,3633.6,3799.42
TR-041946,2025-09-22,Reefer,1822.63,True,1821.93,1733.79,1748.45,1856.74
TR-041947,2025-09-22,Dry Van,5226.16,True,5255.72,5120.2,5039.96,5109.89
TR-041948,2025-09-22,Dry Van,3518.72,True,3614.12,3550.47,3469.66,3593.37
TR-041949,2025-09-22,Dry Van,727.52,True,731.06,708.86,699.06,700.54
TR-041950,2025-09-22,Dry Van,5484.51,True,5498.13,5465.92,5308.83,5362.24
TR-041951,2025-09-22,Dry Van,4080.13,True,4084.99,4018.6,3924.23,4047.92
TR-041952,2025-09-22,Dry Van,2566.19,True,2626.88,2613.08,2526.37,2586.39
TR-041953,2025-09-22,Dry Van,3686.09,True,3783.37,3848.12,3633.79,3763.51
TR-041954,2025-09-22,Reefer,2079.7,True,2099.3,2053.79,2023.18,2101.38
TR-041955,2025-09-22,Reefer,4598.86,True,4697.58,4482.75,4499.95,4694.72
TR-041956,2025-09-22,Dry Van,1533.36,True,1542.09,1522.64,1479.08,1523.26
TR-041957,2025-09-23,Dry Van,790.81,True,810.73,785.43,783.55,802.55
TR-041958,2025-09-23,Dry Van,5667.22,True,5702.9,5570.77,5554.31,5536.25
TR-041959,2025-09-23,Dry Van,2482.03,True,2585.63,2495.7,2505.88,2566.37
TR-041960,2025-09-23,Flatbed,2799.55,True,2789.02,2654.9,2697.31,2812.19
TR-041961,2025-09-23,Flatbed,1557.88,True,1543.17,1515.59,1501.11,1572.68
TR-041962,2025-09-23,Dry Van,1190.7,True,1166.15,1142.99,1128.57,1177.09
TR-041963,2025-09-23,Reefer,3022.15,True,2962.7,2854.18,2878.67,2981.32
TR-041964,2025-09-23,Dry Van,3231.74,True,3249.86,3141.36,3155.0,3271.73
TR-041965,2025-09-23,Dry Van,1124.33,True,1119.71,1076.0,1084.81,1120.5
TR-041966,2025-09-23,Dry Van,724.44,True,733.44,733.54,711.4,713.07
TR-041967,2025-09-23,Dry Van,1739.85,True,1709.96,1686.81,1659.2,1713.63
TR-041968,2025-09-23,Dry Van,592.8,True,590.46,578.69,573.71,571.43
TR-041969,2025-09-23,Flatbed,2522.33,True,2536.91,2446.8,2463.19,2526.37
TR-041970,2025-09-23,Dry Van,1509.49,True,1513.57,1485.32,1461.76,1554.12
TR-041971,2025-09-23,Dry Van,4756.46,True,4804.43,4732.62,4662.64,4826.78
TR-041972,2025-09-23,Flatbed,4177.12,True,4096.4,3901.9,3979.01,4088.26
TR-041973,2025-09-23,Dry Van,1885.76,True,1871.22,1829.51,1817.91,1914.91
TR-041974,2025-09-23,Reefer,4776.1,True,4839.22,4635.82,4681.07,4750.3
TR-041975,2025-09-23,Dry Van,2635.86,True,2620.72,2512.93,2541.52,2640.13
TR-041976,2025-09-23,Dry Van,1653.44,True,1640.72,1620.02,1594.46,1629.76
TR-041977,2025-09-23,Flatbed,522.62,True,520.78,503.21,503.66,508.45
TR-041978,2025-09-23,Dry Van,1787.64,True,1762.17,1711.38,1701.19,1749.12
TR-041979,2025-09-23,Dry Van,1542.61,True,1535.2,1506.34,1496.14,1568.91
TR-041980,2025-09-23,Dry Van,4533.05,True,4581.33,4481.06,4465.65,4510.0
TR-041981,2025-09-23,Flatbed,1883.24,True,1872.43,1801.96,1816.75,1925.39
TR-041982,2025-09-23,Dry Van,2810.7,True,2768.03,2734.08,2685.32,2728.2
TR-041983,2025-09-23,Reefer,2838.34,True,2910.61,2703.3,2818.34,2886.03
TR-041984,2025-09-23,Reefer,1638.9,True,1607.47,1600.08,1564.61,1619.07
TR-041985,2025-09-23,Dry Van,2047.55,True,2065.15,2010.26,2010.8,2063.49
TR-041986,2025-09-23,Reefer,1398.71,True,1399.63,1346.93,1359.27,1355.53
TR-041987,2025-09-23,Dry Van,711.03,False,2420.54,2316.62,2349.27,2446.85
TR-041988,2025-09-23,Dry Van,1228.36,True,1237.22,1190.71,1199.37,1228.56
TR-041989,2025-09-23,Dry Van,595.46,True,602.61,590.75,587.66,578.58
TR-041990,2025-09-23,Dry Van,2231.13,True,2232.16,2164.55,2177.99,2218.94
TR-041991,2025-09-23,Dry Van,742.69,True,750.49,737.24,724.99,717.79
TR-041992,2025-09-23,Dry Van,705.08,True,715.29,694.04,695.53,690.88
TR-041993,2025-09-23,Reefer,646.86,True,639.8,625.95,618.73,643.84
TR-041994,2025-09-23,Dry Van,3862.09,True,3825.75,3717.91,3714.98,3840.2
TR-041995,2025-09-23,Dry Van,435.27,True,437.86,431.92,423.36,425.71
TR-041996,2025-09-23,Dry Van,2309.76,True,2337.27,2281.1,2271.87,2325.48
TR-041997,2025-09-23,Reefer,5088.19,True,5050.33,4876.62,4918.57,5075.63
TR-041998,2025-09-23,Flatbed,3994.83,True,3950.21,3748.08,3847.37,3943.96
TR-041999,2025-09-23,Dry Van,2388.93,True,2427.61,2369.87,2354.11,2464.97
TR-042000,2025-09-23,Dry Van,1101.11,True,1115.13,1071.86,1077.22,1128.64
TR-042001,2025-09-23,Reefer,4155.43,True,4045.49,3865.4,3949.42,4105.15
TR-042002,2025-09-23,Reefer,3432.98,True,3374.12,3430.03,3285.94,3377.78
TR-042003,2025-09-23,Flatbed,1563.76,True,1568.93,1516.66,1517.32,1584.8
TR-042004,2025-09-23,Dry Van,3380.49,True,3327.32,3196.52,3242.1,3351.77
TR-042005,2025-09-23,Reefer,1098.56,True,1094.84,1090.18,1063.88,1065.61
TR-042006,2025-09-23,Dry Van,2277.98,True,2229.1,2167.21,2157.79,2214.37
TR-042007,2025-09-23,Dry Van,5683.63,True,5604.13,5511.51,5434.97,5486.08
TR-042008,2025-09-23,Reefer,2337.12,True,2350.28,2301.76,2269.91,2350.62
TR-042009,2025-09-23,Dry Van,3369.41,True,3502.05,3361.35,3416.28,3546.28
TR-042010,2025-09-23,Flatbed,3638.32,True,3666.75,3432.74,3560.97,3675.62
TR-042011,2025-09-23,Reefer,4202.91,True,4286.73,4113.71,4174.21,4395.97
TR-042012,2025-09-23,Dry Van,4581.19,True,4577.81,4562.16,4443.05,4635.16
TR-042013,2025-09-23,Reefer,2736.4,True,2742.45,2625.02,2672.44,2743.05
TR-042014,2025-09-23,Dry Van,1738.09,True,1754.03,1704.5,1706.21,1753.18
TR-042015,2025-09-23,Dry Van,1660.43,True,1678.51,1627.64,1630.62,1679.23
TR-042016,2025-09-23,Reefer,4842.97,True,4699.75,4542.43,4549.18,4639.55
TR-042017,2025-09-23,Dry Van,731.1,True,736.0,718.41,713.07,722.34
TR-042018,2025-09-23,Dry Van,1227.42,True,1217.41,1162.94,1184.21,1208.73
TR-042019,2025-09-23,Reefer,3958.1,True,3981.52,3818.94,3879.42,4034.66
TR-042020,2025-09-23,Dry Van,2009.54,True,2018.35,1988.31,1957.11,2032.08
TR-042021,2025-09-23,Flatbed,1774.47,True,1814.51,1712.77,1757.41,1807.16
TR-042022,2025-09-23,Dry Van,4600.17,True,4509.47,4411.58,4379.67,4507.79
TR-042023,2025-09-23,Dry Van,4515.31,True,4540.42,4405.77,4413.11,4466.92
TR-042024,2025-09-23,Dry Van,2254.26,True,2298.41,2296.71,2239.22,2303.58
TR-042025,2025-09-23,Reefer,2018.27,True,2035.26,1975.44,1978.73,2091.02
TR-042026,2025-09-23,Reefer,4140.09,True,4152.58,3956.85,4041.07,4161.78
TR-042027,2025-09-23,Dry Van,3530.8,True,3533.17,3451.1,3443.8,3589.69
TR-042028,2025-09-23,Reefer,4814.82,True,4828.4,4619.76,4681.14,4828.57
TR-042029,2025-09-23,Flatbed,1666.44,True,1659.07,1555.45,1611.34,1693.34
TR-042030,2025-09-23,Reefer,2350.24,True,2351.44,2257.55,2273.92,2339.74
TR-042031,2025-09-23,Dry Van,759.16,True,771.5,767.71,748.24,754.06
TR-042032,2025-09-23,Flatbed,5033.39,True,4945.27,4624.54,4772.01,4776.67
TR-042033,2025-09-23,Reefer,322.34,False,1757.5,1663.95,1701.74,1718.44
TR-042034,2025-09-23,Dry Van,5577.48,True,5600.93,5491.93,5427.97,5417.54
TR-042035,2025-09-23,Flatbed,4438.72,True,4384.72,4231.31,4256.73,4450.05
TR-042036,2025-09-23,Dry Van,3727.19,True,3731.01,3630.34,3630.06,3681.91
TR-042037,2025-09-23,Dry Van,1343.64,True,1353.46,1303.69,1304.89,1327.89
TR-042038,2025-09-23,Dry Van,1564.53,True,1545.17,1504.26,1502.83,1560.85
TR-042039,2025-09-23,Reefer,1745.08,True,1697.08,1669.89,1652.09,1760.07
TR-042040,2025-09-23,Dry Van,436.33,True,438.72,439.82,423.41,430.74
TR-042041,2025-09-23,Flatbed,997.52,True,997.12,973.0,962.71,994.77
TR-042042,2025-09-23,Flatbed,6078.29,True,6115.43,5716.33,5944.38,5968.59
TR-042043,2025-09-23,Reefer,1980.66,True,1961.02,1925.25,1905.15,1980.55
TR-042044,2025-09-23,Dry Van,4012.31,True,4040.75,3914.97,3923.53,4041.46
TR-042045,2025-09-23,Reefer,436.95,True,432.39,418.78,416.57,425.68
TR-042046,2025-09-23,Dry Van,509.49,True,527.26,503.71,511.08,511.57
TR-042047,2025-09-23,Flatbed,2050.84,True,2074.47,1972.88,2007.43,2060.15
TR-042048,2025-09-23,Dry Van,997.19,True,987.29,964.79,956.71,976.65
TR-042049,2025-09-23,Dry Van,1068.01,True,1064.97,1057.71,1034.24,1028.46
TR-042050,2025-09-23,Flatbed,943.32,True,946.42,895.67,918.2,948.49
TR-042051,2025-09-23,Dry Van,2090.75,True,2119.16,2085.08,2062.48,2115.4
TR-042052,2025-09-23,Reefer,269.11,True,270.29,264.77,263.79,257.98
TR-042053,2025-09-23,Dry Van,1458.41,True,1478.55,1453.34,1433.64,1534.67
TR-042054,2025-09-23,Dry Van,893.07,True,897.73,866.91,869.34,881.97
TR-042055,2025-09-23,Reefer,4756.33,True,4753.73,4571.49,4607.72,4758.09
TR-042056,2025-09-23,Dry Van,1079.12,True,1111.8,1078.2,1073.69,1098.99
TR-042057,2025-09-23,Dry Van,2323.37,True,2336.38,2290.32,2256.44,2411.75
TR-042058,2025-09-23,Flatbed,2936.24,True,2889.52,2731.88,2804.44,2887.69
TR-042059,2025-09-23,Flatbed,1268.05,True,1265.42,1236.42,1223.86,1281.94
TR-042060,2025-09-23,Flatbed,1705.42,True,1679.22,1640.72,1621.84,1694.79
TR-042061,2025-09-23,Dry Van,3196.74,True,3204.2,3133.29,3114.52,3171.13
TR-042062,2025-09-23,Dry Van,5914.46,True,5745.25,5585.18,5574.76,5620.12
TR-042063,2025-09-23,Flatbed,1338.37,True,1332.56,1279.13,1286.69,1339.87
TR-042064,2025-09-23,Dry Van,887.15,True,883.38,858.38,854.83,875.89
TR-042065,2025-09-23,Reefer,2179.55,True,2176.43,2158.48,2114.16,2195.98
TR-042066,2025-09-23,Dry Van,2404.05,True,2404.75,2351.6,2328.8,2377.76
TR-042067,2025-09-23,Dry Van,1083.45,True,1082.09,1022.22,1048.38,1069.36
TR-042068,2025-09-23,Reefer,3650.77,True,3566.24,3413.3,3456.12,3463.42
TR-042069,2025-09-23,Dry Van,1876.04,True,1902.35,1808.35,1847.51,1889.58
TR-042070,2025-09-23,Dry Van,1414.99,True,1439.67,1391.19,1396.22,1445.6
TR-042071,2025-09-23,Dry Van,4273.9,True,4280.64,4187.12,4153.69,4346.4
TR-042072,2025-09-23,Flatbed,1392.01,True,1399.56,1327.72,1357.74,1425.28
TR-042073,2025-09-23,Flatbed,1871.4,True,1915.42,1840.92,1867.93,1874.58
TR-042074,2025-09-23,Dry Van,2687.38,True,2621.79,2573.06,2549.57,2645.15
TR-042075,2025-09-23,Flatbed,2666.89,True,2610.12,2501.44,2531.09,2638.44
TR-042076,2025-09-23,Reefer,4386.65,True,4351.25,4127.55,4241.17,4338.43
TR-042077,2025-09-23,Flatbed,2664.59,True,2676.71,2544.06,2603.8,2677.78
TR-042078,2025-09-23,Dry Van,3938.41,True,4042.37,3864.3,3903.95,4072.09
TR-042079,2025-09-23,Dry Van,4537.16,True,4606.83,4520.67,4462.92,4604.66
TR-042080,2025-09-23,Dry Van,745.34,True,748.94,737.93,727.32,763.75
TR-042081,2025-09-23,Flatbed,4440.3,True,4511.91,4242.39,4372.07,4512.54
TR-042082,2025-09-23,Dry Van,2524.09,True,2517.28,2474.2,2449.97,2511.05
TR-042083,2025-09-23,Dry Van,1080.84,True,1096.39,1066.47,1054.87,1101.85
TR-042084,2025-09-23,Dry Van,2189.11,True,2166.15,2121.92,2106.13,2154.74
TR-042085,2025-09-23,Dry Van,3963.65,True,4014.55,3972.88,3889.43,3908.49
TR-042086,2025-09-23,Dry Van,2167.86,True,2171.42,2140.86,2103.9,2090.51
TR-042087,2025-09-23,Reefer,1554.02,True,1568.01,1511.68,1521.5,1591.05
TR-042088,2025-09-23,Dry Van,2039.75,True,2012.9,1983.64,1961.79,2030.93
TR-042089,2025-09-23,Dry Van,2024.17,True,1986.72,1925.19,1930.38,2003.65
TR-042090,2025-09-23,Reefer,681.2,True,687.25,679.03,668.96,662.16
TR-042091,2025-09-23,Dry Van,890.9,True,904.04,899.71,873.88,894.68
TR-042092,2025-09-23,Reefer,5471.67,True,5466.75,5138.91,5310.27,5302.39
TR-042093,2025-09-23,Dry Van,590.75,True,586.99,588.0,568.57,571.75
TR-042094,2025-09-23,Dry Van,873.95,True,894.62,864.54,866.41,914.05
TR-042095,2025-09-23,Flatbed,4339.94,True,4374.05,4105.0,4256.21,4366.78
TR-042096,2025-09-23,Flatbed,6219.04,True,6047.1,5752.49,5842.16,5887.66
TR-042097,2025-09-23,Dry Van,2723.7,True,2743.6,2720.36,2664.91,2745.37
TR-042098,2025-09-23,Dry Van,1592.93,True,1620.33,1581.29,1571.55,1651.45
TR-042099,2025-09-23,Reefer,1570.77,True,1591.74,1521.68,1536.86,1609.42
TR-042100,2025-09-23,Reefer,559.36,True,553.57,561.86,534.68,536.83
TR-042101,2025-09-23,Dry Van,4467.36,True,4433.08,4386.39,4305.53,4386.23
TR-042102,2025-09-23,Dry Van,2608.57,True,2514.76,2456.77,2452.68,2539.87
TR-042103,2025-09-23,Dry Van,1457.22,True,1471.72,1462.87,1428.76,1514.89
TR-042104,2025-09-23,Reefer,1213.26,True,1196.72,1195.92,1166.51,1171.36
TR-042105,2025-09-24,Dry Van,1858.56,True,1829.62,1798.67,1755.39,1811.79
TR-042106,2025-09-24,Reefer,1640.99,True,1660.58,1634.39,1594.33,1654.58
TR-042107,2025-09-24,Flatbed,831.82,True,816.36,813.1,782.27,813.92
TR-042108,2025-09-24,Dry Van,4344.78,True,4317.22,4268.67,4137.66,4317.05
TR-042109,2025-09-24,Dry Van,5375.13,True,5232.78,5212.51,5068.98,5140.39
TR-042110,2025-09-24,Dry Van,3243.45,True,3202.32,3189.52,3090.53,3266.83
TR-042111,2025-09-24,Reefer,486.64,True,486.93,495.93,467.19,486.18
TR-042112,2025-09-24,Flatbed,2421.53,True,2424.37,2280.39,2340.81,2485.03
TR-042113,2025-09-24,Dry Van,774.12,True,771.59,752.92,741.79,758.4
TR-042114,2025-09-24,Flatbed,4504.8,True,4557.21,4377.02,4376.28,4582.94
TR-042115,2025-09-24,Flatbed,872.42,True,860.57,848.43,827.89,862.94
TR-042116,2025-09-24,Reefer,965.6,True,977.57,975.02,941.71,977.89
TR-042117,2025-09-24,Reefer,3812.94,True,3751.57,3617.99,3605.61,3767.84
TR-042118,2025-09-24,Dry Van,765.42,True,756.96,754.35,731.09,746.82
TR-042119,2025-09-24,Dry Van,4913.77,True,4845.8,4802.98,4696.22,4920.57
TR-042120,2025-09-24,Reefer,1907.82,True,1889.8,1890.6,1815.19,1853.51
TR-042121,2025-09-24,Dry Van,4576.82,True,4570.98,4613.13,4402.36,4617.31
TR-042122,2025-09-24,Dry Van,1075.11,True,1083.08,1043.09,1038.09,1086.34
TR-042123,2025-09-24,Dry Van,3454.06,True,3472.18,3372.54,3342.25,3454.96
TR-042124,2025-09-24,Dry Van,3492.43,True,3429.38,3246.28,3297.34,3330.09
TR-042125,2025-09-24,Dry Van,2006.15,True,2043.4,2002.79,1967.18,2056.65
TR-042126,2025-09-24,Dry Van,2311.97,True,2270.8,2198.26,2179.74,2290.02
TR-042127,2025-09-24,Reefer,5685.16,True,5776.17,5524.16,5573.04,5623.43
TR-042128,2025-09-24,Dry Van,1647.88,True,1652.72,1642.69,1597.06,1660.25
TR-042129,2025-09-24,Reefer,2493.63,True,2562.38,2417.73,2465.27,2573.96
TR-042130,2025-09-24,Flatbed,2740.24,True,2694.79,2509.35,2594.64,2669.86
TR-042131,2025-09-24,Dry Van,3225.05,True,3295.23,3242.01,3171.25,3279.35
TR-042132,2025-09-24,Dry Van,1140.94,True,1113.91,1074.04,1067.92,1102.55
TR-042133,2025-09-24,Dry Van,4050.11,True,4099.38,4004.28,3970.69,3995.18
TR-042134,2025-09-24,Dry Van,1500.33,True,1475.72,1425.88,1424.79,1484.57
TR-042135,2025-09-24,Dry Van,4161.55,True,4163.44,4110.22,3995.63,4143.44
TR-042136,2025-09-24,Reefer,2029.71,True,2018.81,1972.21,1939.05,2039.99
TR-042137,2025-09-24,Dry Van,1841.47,True,1834.55,1792.81,1763.77,1838.91
TR-042138,2025-09-24,Dry Van,2411.4,True,2433.4,2376.23,2337.26,2436.78
TR-042139,2025-09-24,Reefer,2419.53,True,2348.13,2273.74,2253.54,2349.45
TR-042140,2025-09-24,Dry Van,2179.13,True,2185.93,2148.63,2110.25,2222.5
TR-042141,2025-09-24,Dry Van,3015.19,True,2975.33,2939.99,2869.73,2920.42
TR-042142,2025-09-24,Flatbed,2935.55,True,2884.88,2733.09,2770.5,2890.31
TR-042143,2025-09-24,Dry Van,3418.66,True,3441.1,3304.94,3309.39,3407.59
TR-042144,2025-09-24,Dry Van,4715.78,True,4691.38,4585.85,4498.38,4745.29
TR-042145,2025-09-24,Flatbed,4088.47,True,4109.11,3812.22,3952.32,4159.38
TR-042146,2025-09-24,Dry Van,3505.47,True,3487.6,3377.49,3368.93,3412.3
TR-042147,2025-09-24,Dry Van,5063.42,True,4980.53,4957.72,4824.9,4858.49
TR-042148,2025-09-24,Flatbed,4446.28,True,4368.65,4091.46,4210.95,4367.7
TR-042149,2025-09-24,Dry Van,1733.22,True,1701.48,1641.65,1634.35,1712.07
TR-042150,2025-09-24,Dry Van,13026.22,False,2931.32,2814.39,2807.39,2834.49
TR-042151,2025-09-24,Flatbed,5884.52,True,5717.23,5337.54,5526.72,5643.26
TR-042152,2025-09-24,Dry Van,2109.73,True,2072.08,2019.28,1987.37,2032.9
TR-042153,2025-09-24,Reefer,4373.32,True,4421.15,4243.79,4257.29,4445.81
TR-042154,2025-09-24,Dry Van,2231.28,True,2219.17,2164.29,2134.21,2229.99
TR-042155,2025-09-24,Dry Van,4987.73,True,5036.08,4923.54,4827.68,4868.16
TR-042156,2025-09-24,Flatbed,2100.75,True,2114.63,1976.54,2031.1,2130.04
TR-042157,2025-09-24,Reefer,2762.46,True,2776.76,2668.57,2683.97,2795.0
TR-042158,2025-09-24,Reefer,5117.77,True,4863.15,4591.6,4667.98,4825.47
TR-042159,2025-09-24,Flatbed,1163.04,True,1161.98,1154.51,1116.12,1127.43
TR-042160,2025-09-24,Dry Van,5724.44,True,5799.99,5632.75,5592.1,5633.05
TR-042161,2025-09-24,Dry Van,1018.98,True,990.2,961.31,953.04,1003.68
TR-042162,2025-09-24,Flatbed,564.94,True,567.07,547.41,546.77,544.07
TR-042163,2025-09-24,Dry Van,926.75,True,917.01,887.32,881.97,915.73
TR-042164,2025-09-24,Dry Van,2891.9,True,2851.13,2746.44,2752.88,2882.35
TR-042165,2025-09-24,Dry Van,1573.33,True,1574.75,1522.12,1514.35,1610.5
TR-042166,2025-09-24,Reefer,562.12,True,570.95,551.83,549.01,555.53
TR-042167,2025-09-24,Reefer,1761.53,True,1722.67,1711.49,1658.32,1747.41
TR-042168,2025-09-24,Dry Van,3178.09,True,3198.93,3123.71,3091.02,3182.78
TR-042169,2025-09-24,Dry Van,4088.81,True,4063.92,3945.8,3895.97,3935.78
TR-042170,2025-09-24,Reefer,2056.92,True,2010.57,1946.25,1943.72,2043.07
TR-042171,2025-09-24,Flatbed,1475.32,True,1468.18,1415.43,1416.97,1477.69
TR-042172,2025-09-24,Reefer,2307.45,True,2350.79,2259.58,2257.91,2376.35
TR-042173,2025-09-24,Flatbed,944.09,True,951.0,914.65,915.25,964.26
TR-042174,2025-09-24,Flatbed,2244.31,True,2248.0,2127.78,2161.38,2240.93
TR-042175,2025-09-24,Dry Van,1812.97,True,1778.57,1716.45,1709.47,1804.74
TR-042176,2025-09-24,Dry Van,1017.35,True,1032.18,1002.26,996.07,1043.88
TR-042177,2025-09-24,Dry Van,1223.55,True,1239.62,1228.17,1192.92,1253.74
TR-042178,2025-09-24,Flatbed,757.04,True,768.39,725.38,742.9,791.84
TR-042179,2025-09-24,Flatbed,2187.59,True,2197.71,2043.84,2109.35,2208.27
TR-042180,2025-09-24,Dry Van,4031.66,True,4075.43,4012.69,3931.47,4089.05
TR-042181,2025-09-24,Dry Van,892.63,True,901.89,870.74,871.57,903.83
TR-042182,2025-09-24,Flatbed,1257.54,True,1264.48,1217.05,1209.16,1275.04
TR-042183,2025-09-24,Dry Van,1578.48,True,1554.77,1510.53,1500.79,1568.36
TR-042184,2025-09-24,Flatbed,2122.13,True,2149.04,2015.01,2066.97,2183.57
TR-042185,2025-09-24,Reefer,4599.91,True,4646.19,4438.51,4467.7,4612.06
TR-042186,2025-09-24,Dry Van,5692.34,True,5530.59,5583.06,5304.16,5411.96
TR-042187,2025-09-24,Dry Van,2230.17,True,2273.54,2245.85,2189.78,2311.09
TR-042188,2025-09-24,Reefer,2184.86,True,2206.9,2119.18,2131.26,2220.54
TR-042189,2025-09-24,Flatbed,2740.72,True,2783.49,2633.28,2687.04,2852.37
TR-042190,2025-09-24,Dry Van,1888.07,True,1861.64,1809.29,1807.38,1815.75
TR-042191,2025-09-24,Dry Van,2647.68,True,2628.59,2538.59,2534.01,2646.35
TR-042192,2025-09-24,Dry Van,594.17,True,588.14,575.41,566.27,580.46
TR-042193,2025-09-24,Dry Van,2258.15,True,2315.42,2253.51,2221.23,2333.78
TR-042194,2025-09-24,Flatbed,4305.47,True,4198.09,4003.09,4049.09,4279.39
TR-042195,2025-09-24,Dry Van,4852.12,True,5013.54,4730.74,4851.95,4911.91
TR-042196,2025-09-24,Reefer,243.49,True,243.44,244.38,233.55,233.2
TR-042197,2025-09-24,Flatbed,1892.2,True,1910.4,1802.48,1847.93,1925.54
TR-042198,2025-09-24,Dry Van,2316.44,True,2359.47,2280.9,2270.01,2372.19
TR-042199,2025-09-24,Dry Van,1155.97,True,1154.16,1136.03,1106.93,1178.36
TR-042200,2025-09-24,Reefer,4488.03,True,4496.46,4210.99,4318.95,4364.51
TR-042201,2025-09-24,Flatbed,1357.36,True,1358.19,1300.64,1306.93,1366.91
TR-042202,2025-09-24,Dry Van,1715.81,True,1689.05,1651.04,1625.71,1656.95
TR-042203,2025-09-24,Dry Van,4171.88,True,4094.03,3977.37,3931.1,4178.78
TR-042204,2025-09-24,Flatbed,6023.57,True,5981.91,5596.17,5767.17,5916.36
TR-042205,2025-09-24,Dry Van,1682.87,True,1692.96,1633.86,1629.0,1715.58
TR-042206,2025-09-24,Reefer,1167.82,True,1169.23,1176.08,1127.32,1155.79
TR-042207,2025-09-24,Dry Van,5177.62,True,5282.85,5100.09,5085.7,5135.93
TR-042208,2025-09-24,Dry Van,805.16,True,802.62,798.52,771.83,779.0
TR-042209,2025-09-24,Dry Van,447.62,True,453.81,442.65,435.73,444.05
TR-042210,2025-09-24,Dry Van,348.52,True,350.21,346.6,337.81,344.78
TR-042211,2025-09-24,Dry Van,3341.3,True,3306.57,3184.78,3192.07,3298.87
TR-042212,2025-09-24,Flatbed,2766.75,True,2762.69,2602.26,2662.55,2720.36
TR-042213,2025-09-24,Dry Van,3547.14,True,3561.09,3448.85,3424.5,3532.39
TR-042214,2025-09-24,Reefer,1407.31,True,1402.93,1345.31,1349.26,1385.89
TR-042215,2025-09-24,Reefer,4228.77,True,4345.83,4166.36,4207.69,4391.29
TR-042216,2025-09-24,Dry Van,1296.7,True,1270.87,1240.05,1221.62,1316.77
TR-042217,2025-09-24,Flatbed,6474.77,True,6458.51,5954.72,6211.86,6170.27
TR-042218,2025-09-24,Flatbed,5551.14,True,5458.03,4976.14,5261.43,5318.82
TR-042219,2025-09-24,Dry Van,1029.93,True,1025.02,999.34,989.36,1014.94
TR-042220,2025-09-24,Reefer,3775.4,True,3777.28,3622.66,3642.57,3802.04
TR-042221,2025-09-24,Dry Van,2032.78,True,2036.92,1964.52,1959.28,2055.62
TR-042222,2025-09-24,Reefer,1777.36,True,1837.39,1757.38,1762.01,1854.76
TR-042223,2025-09-24,Flatbed,1369.6,True,1346.22,1258.74,1296.57,1360.14
TR-042224,2025-09-24,Reefer,933.03,True,945.71,918.27,913.24,944.94
TR-042225,2025-09-24,Dry Van,5431.34,True,5406.96,5243.94,5183.99,5382.78
TR-042226,2025-09-24,Dry Van,1325.03,True,1358.99,1331.89,1303.23,1349.95
TR-042227,2025-09-24,Reefer,3705.15,True,3712.18,3561.02,3580.31,3735.7
TR-042228,2025-09-24,Flatbed,2122.83,True,2112.1,2009.03,2032.64,2142.12
TR-042229,2025-09-24,Dry Van,787.05,True,794.87,778.77,766.99,804.42
TR-042230,2025-09-24,Flatbed,691.92,True,671.57,622.48,645.61,639.49
TR-042231,2025-09-24,Reefer,570.79,True,578.74,571.11,556.07,584.24
TR-042232,2025-09-24,Dry Van,3844.53,True,3937.17,3802.1,3782.12,3914.94
TR-042233,2025-09-24,Reefer,1335.3,True,1355.69,1379.49,1302.11,1367.9
TR-042234,2025-09-24,Flatbed,6033.69,True,6034.82,5718.0,5798.81,5834.26
TR-042235,2025-09-24,Reefer,4417.55,True,4332.3,4113.29,4199.32,4339.64
TR-042236,2025-09-24,Dry Van,671.84,True,682.33,662.77,660.77,683.13
TR-042237,2025-09-24,Reefer,3973.01,True,4050.02,3894.15,3901.99,4061.37
TR-042238,2025-09-24,Dry Van,1366.55,True,1401.13,1368.44,1352.71,1405.1
TR-042239,2025-09-24,Reefer,1106.98,True,1119.65,1118.0,1077.39,1114.01
TR-042240,2025-09-24,Flatbed,3923.25,True,3912.72,3706.12,3781.87,3935.46
TR-042241,2025-09-24,Flatbed,4649.34,True,4573.23,4287.77,4397.82,4575.41
TR-042242,2025-09-24,Dry Van,4853.02,True,4759.85,4678.25,4585.45,4833.17
TR-042243,2025-09-24,Dry Van,1615.3,True,1618.79,1567.96,1553.39,1611.57
TR-042244,2025-09-24,Dry Van,366.07,True,370.39,363.75,357.07,362.83
TR-042245,2025-09-24,Dry Van,858.82,True,869.37,849.96,838.23,850.18
TR-042246,2025-09-24,Dry Van,3101.69,True,3146.2,3006.05,3040.18,3131.88
TR-042247,2025-09-24,Dry Van,1206.63,True,1234.33,1205.13,1181.86,1237.45
TR-042248,2025-09-24,Dry Van,2329.37,True,2298.67,2272.47,2215.53,2327.58
TR-042249,2025-09-24,Dry Van,2427.31,True,2380.43,2320.71,2294.01,2418.2
TR-042250,2025-09-24,Dry Van,515.93,True,526.32,521.03,507.37,507.23
TR-042251,2025-09-24,Dry Van,4981.33,True,4905.7,4798.34,4729.45,4830.46
TR-042252,2025-09-24,Dry Van,2447.3,True,2478.16,2397.43,2391.68,2475.53
TR-042253,2025-09-24,Flatbed,4771.94,True,4821.85,4550.96,4638.76,4704.12
TR-042254,2025-09-24,Dry Van,2881.01,True,2883.02,2805.53,2787.6,2923.26
TR-042255,2025-09-24,Dry Van,5092.81,True,5171.02,5038.86,4987.98,5162.76
TR-042256,2025-09-24,Dry Van,1789.16,True,1775.7,1740.03,1699.97,1770.47
TR-042257,2025-09-24,Reefer,2331.54,True,2363.54,2291.67,2269.37,2342.87
TR-042258,2025-09-24,Dry Van,1886.18,True,1920.08,1852.99,1842.87,1916.17
TR-042259,2025-09-24,Dry Van,681.3,False,2060.17,1980.36,1989.28,2089.21
TR-042260,2025-09-25,Dry Van,717.72,True,701.98,677.34,679.74,696.18
TR-042261,2025-09-25,Reefer,1756.86,True,1739.21,1658.2,1676.85,1763.14
TR-042262,2025-09-25,Dry Van,2355.19,True,2416.9,2359.04,2352.88,2442.04
TR-042263,2025-09-25,Dry Van,2682.7,True,2734.89,2654.55,2645.91,2726.08
TR-042264,2025-09-25,Reefer,3126.04,True,3044.71,2905.31,2951.62,3061.25
TR-042265,2025-09-25,Reefer,5887.74,True,5890.54,5588.5,5728.91,5820.83
TR-042266,2025-09-25,Flatbed,4133.57,True,4081.39,3797.23,3941.52,3909.57
TR-042267,2025-09-25,Flatbed,1756.17,True,1794.04,1670.13,1738.96,1823.87
TR-042268,2025-09-25,Reefer,4584.97,True,4541.52,4406.35,4397.8,4621.66
TR-042269,2025-09-25,Reefer,1605.89,True,1617.46,1597.23,1565.27,1638.71
TR-042270,2025-09-25,Dry Van,1147.94,True,1154.95,1114.72,1118.32,1210.57
TR-042271,2025-09-25,Dry Van,5084.53,True,5042.96,4958.53,4869.59,5083.56
TR-042272,2025-09-25,Flatbed,5681.94,True,5534.96,5135.4,5373.69,5410.82
TR-042273,2025-09-25,Reefer,1482.22,True,1473.21,1423.36,1427.85,1503.83
TR-042274,2025-09-25,Reefer,1396.36,True,1410.42,1379.61,1359.26,1399.99
TR-042275,2025-09-25,Dry Van,4739.76,True,4671.9,4607.77,4539.97,4732.38
TR-042276,2025-09-25,Reefer,1909.96,True,1926.04,1856.19,1858.26,1968.06
TR-042277,2025-09-25,Dry Van,1794.23,True,1802.73,1744.07,1747.0,1787.21
TR-042278,2025-09-25,Dry Van,1233.72,True,1241.47,1211.23,1204.93,1260.81
TR-042279,2025-09-25,Reefer,1495.26,True,1467.81,1460.92,1415.19,1465.78
TR-042280,2025-09-25,Reefer,1961.16,True,1963.87,1894.46,1900.4,1986.14
TR-042281,2025-09-25,Dry Van,870.43,True,879.04,846.99,852.17,884.6
TR-042282,2025-09-25,Flatbed,804.31,True,795.03,790.92,770.65,756.79
TR-042283,2025-09-25,Reefer,4348.33,True,4340.4,4083.71,4202.82,4247.12
TR-042284,2025-09-25,Dry Van,2592.04,True,2697.58,2578.73,2613.24,2711.22
TR-042285,2025-09-25,Reefer,2109.59,True,2087.29,1983.02,2019.26,2103.5
TR-042286,2025-09-25,Dry Van,1611.88,True,1619.24,1585.34,1563.77,1598.5
TR-042287,2025-09-25,Flatbed,2240.76,True,2237.99,2128.29,2170.72,2257.87
TR-042288,2025-09-25,Dry Van,5578.56,True,5628.28,5476.96,5446.91,5436.46
TR-042289,2025-09-25,Reefer,4226.82,True,4189.28,3939.63,4071.85,4134.01
TR-042290,2025-09-25,Flatbed,1656.6,True,1637.84,1584.04,1590.09,1638.4
TR-042291,2025-09-25,Dry Van,826.89,True,841.33,822.56,817.54,837.71
TR-042292,2025-09-25,Dry Van,866.09,True,853.34,845.24,830.81,832.6
TR-042293,2025-09-25,Reefer,1042.68,True,1045.96,1034.73,1015.98,1040.1
TR-042294,2025-09-25,Dry Van,708.86,True,710.79,691.24,687.82,722.84
TR-042295,2025-09-25,Dry Van,857.15,True,879.02,843.73,852.46,891.76
TR-042296,2025-09-25,Reefer,2558.09,True,2566.32,2444.58,2492.0,2528.09
TR-042297,2025-09-25,Dry Van,2094.08,True,2102.28,2069.86,2036.61,2127.28
TR-042298,2025-09-25,Dry Van,1663.96,True,1683.83,1616.97,1635.27,1728.04
TR-042299,2025-09-25,Dry Van,3819.58,True,3890.56,3784.9,3786.3,3893.84
TR-042300,2025-09-25,Dry Van,4914.29,True,4906.86,4794.58,4762.25,4764.31
TR-042301,2025-09-25,Flatbed,6534.49,True,6504.48,6110.23,6318.54,6345.16
TR-042302,2025-09-25,Dry Van,349.14,False,888.15,873.3,864.38,884.22
TR-042303,2025-09-25,Reefer,2072.67,True,2058.2,1993.73,1995.48,2115.0
TR-042304,2025-09-25,Reefer,2009.25,True,2053.98,1964.05,1978.01,2051.34
TR-042305,2025-09-25,Flatbed,2805.6,True,2833.12,2669.92,2748.04,2776.76
TR-042306,2025-09-25,Dry Van,1888.51,True,1869.41,1818.71,1801.27,1877.36
TR-042307,2025-09-25,Reefer,2359.77,True,2372.9,2256.52,2289.59,2386.28
TR-042308,2025-09-25,Dry Van,1027.96,True,1024.91,990.17,991.78,1038.53
TR-042309,2025-09-25,Dry Van,1591.11,True,1531.49,1497.64,1477.54,1537.94
TR-042310,2025-09-25,Dry Van,2812.37,True,2876.2,2811.53,2776.53,2866.64
TR-042311,2025-09-25,Reefer,3643.04,True,3574.4,3366.34,3466.08,3548.58
TR-042312,2025-09-25,Reefer,1603.47,True,1639.47,1573.75,1590.6,1668.56
TR-042313,2025-09-25,Reefer,4294.08,True,4337.15,4094.12,4208.87,4255.6
TR-042314,2025-09-25,Dry Van,800.37,True,796.84,776.27,773.39,779.64
TR-042315,2025-09-25,Flatbed,1799.66,True,1823.35,1755.37,1767.38,1806.09
TR-042316,2025-09-25,Dry Van,2828.46,True,2838.93,2806.48,2770.6,2793.69
TR-042317,2025-09-25,Dry Van,2614.01,True,2641.41,2586.25,2562.42,2725.38
TR-042318,2025-09-25,Flatbed,2351.77,True,2276.73,2157.62,2202.6,2296.4
TR-042319,2025-09-25,Dry Van,4229.68,True,4272.63,4186.61,4146.77,4217.2
TR-042320,2025-09-25,Dry Van,1135.51,True,1140.94,1111.61,1108.89,1188.26
TR-042321,2025-09-25,Dry Van,1636.35,True,1657.47,1575.57,1605.61,1665.64
TR-042322,2025-09-25,Dry Van,4626.49,True,4462.93,4403.67,4321.19,4507.26
TR-042323,2025-09-25,Reefer,2890.62,True,2950.16,2835.88,2856.97,2989.31
TR-042324,2025-09-25,Dry Van,816.62,True,820.45,796.36,794.11,798.9
TR-042325,2025-09-25,Dry Van,1719.66,True,1709.3,1656.73,1654.93,1722.7
TR-042326,2025-09-25,Reefer,2209.21,True,2200.04,2176.67,2135.08,2227.88
TR-042327,2025-09-25,Dry Van,5345.03,True,5226.04,5148.4,5076.05,5147.72
TR-042328,2025-09-25,Dry Van,2616.64,True,2582.44,2499.93,2510.08,2609.76
TR-042329,2025-09-25,Flatbed,940.28,True,950.57,956.82,920.73,935.78
TR-042330,2025-09-25,Dry Van,1116.95,True,1085.84,1070.44,1049.53,1092.96
TR-042331,2025-09-25,Dry Van,1760.83,True,1749.45,1691.81,1693.64,1769.21
TR-042332,2025-09-25,Dry Van,2281.31,True,2306.37,2245.49,2229.41,2305.39
TR-042333,2025-09-25,Flatbed,1963.71,True,1937.83,1897.62,1884.48,1964.73
TR-042334,2025-09-25,Flatbed,2622.01,True,2680.07,2500.9,2605.6,2680.62
TR-042335,2025-09-25,Dry Van,5614.38,True,5552.65,5385.08,5383.0,5498.88
TR-042336,2025-09-25,Flatbed,3330.13,True,3340.53,3109.76,3224.16,3320.28
TR-042337,2025-09-25,Dry Van,1498.05,True,1495.45,1430.77,1453.34,1499.63
TR-042338,2025-09-25,Dry Van,2239.53,True,2267.95,2186.44,2191.46,2259.72
TR-042339,2025-09-25,Dry Van,1851.15,True,1874.02,1814.22,1814.28,1894.65
TR-042340,2025-09-25,Reefer,1534.73,True,1543.7,1499.91,1498.3,1558.35
TR-042341,2025-09-25,Dry Van,1083.05,True,1086.77,1062.75,1046.34,1079.68
TR-042342,2025-09-25,Flatbed,1361.77,True,1342.77,1292.68,1302.28,1377.15
TR-042343,2025-09-25,Dry Van,2143.1,True,2145.01,2073.4,2085.17,2158.57
TR-042344,2025-09-25,Dry Van,3123.92,True,3184.81,3043.67,3082.67,3143.06
TR-042345,2025-09-25,Dry Van,2814.56,True,2780.34,2723.72,2695.39,2730.12
TR-042346,2025-09-25,Dry Van,1623.43,True,1601.44,1525.13,1544.72,1610.64
TR-042347,2025-09-25,Dry Van,1738.95,True,1679.58,1649.08,1628.32,1673.19
TR-042348,2025-09-25,Dry Van,3114.73,True,3174.43,3161.17,3069.98,3121.72
TR-042349,2025-09-25,Flatbed,828.58,True,801.72,766.58,776.37,810.15
TR-042350,2025-09-25,Flatbed,2160.03,True,2179.62,2041.32,2117.42,2240.37
TR-042351,2025-09-25,Flatbed,714.4,True,713.8,711.34,690.77,678.17
TR-042352,2025-09-25,Dry Van,2033.38,True,2053.42,1987.88,1993.38,2086.04
TR-042353,2025-09-25,Dry Van,1867.63,True,1896.49,1831.81,1833.89,1897.04
TR-042354,2025-09-25,Flatbed,3286.31,False,1027.18,1009.49,998.06,1014.54
TR-042355,2025-09-25,Dry Van,2228.56,True,2204.49,2151.19,2132.42,2230.05
TR-042356,2025-09-25,Dry Van,1708.13,True,1736.49,1686.0,1681.29,1722.98
TR-042357,2025-09-25,Dry Van,1571.24,True,1579.61,1517.35,1524.75,1603.74
TR-042358,2025-09-25,Reefer,602.47,True,597.28,608.58,578.09,575.31
TR-042359,2025-09-25,Reefer,2259.41,True,2268.81,2184.03,2193.27,2307.38
TR-042360,2025-09-25,Flatbed,577.07,True,564.17,565.04,548.1,563.87
TR-042361,2025-09-25,Reefer,1473.79,True,1438.44,1407.94,1391.62,1412.24
TR-042362,2025-09-25,Dry Van,1588.38,True,1587.45,1553.64,1533.93,1611.19
TR-042363,2025-09-25,Dry Van,398.95,True,390.54,373.11,376.83,377.6
TR-042364,2025-09-25,Dry Van,3622.14,True,3758.84,3637.35,3642.48,3797.83
TR-042365,2025-09-25,Reefer,1207.78,True,1235.48,1180.99,1196.2,1248.18
TR-042366,2025-09-25,Dry Van,2122.98,True,2130.01,2115.22,2047.77,2139.79
TR-042367,2025-09-25,Dry Van,3215.91,True,3226.03,3138.72,3133.62,3142.6
TR-042368,2025-09-25,Flatbed,5313.02,True,5273.32,5013.47,5116.97,5305.39
TR-042369,2025-09-25,Reefer,2213.6,True,2261.18,2150.79,2185.85,2279.12
TR-042370,2025-09-25,Dry Van,1507.78,True,1510.54,1453.64,1461.78,1498.61
TR-042371,2025-09-25,Dry Van,771.72,True,765.81,757.15,741.96,742.82
TR-042372,2025-09-25,Dry Van,1328.96,True,1306.15,1257.31,1269.95,1342.05
TR-042373,2025-09-25,Dry Van,2118.79,True,2085.55,2049.15,2020.87,2099.8
TR-042374,2025-09-25,Dry Van,4227.79,True,4274.05,4166.59,4159.47,4349.82
TR-042375,2025-09-25,Dry Van,5325.72,True,5362.62,5326.21,5206.05,5315.06
TR-042376,2025-09-25,Dry Van,1249.91,True,1247.82,1207.0,1207.37,1272.54
TR-042377,2025-09-25,Flatbed,1512.7,True,1518.64,1478.63,1467.94,1544.72
TR-042378,2025-09-25,Flatbed,1609.45,True,1602.25,1525.56,1549.92,1576.67
TR-042379,2025-09-25,Flatbed,1933.19,True,1900.54,1791.12,1844.36,1887.18
TR-042380,2025-09-25,Dry Van,5617.44,True,5657.25,5620.85,5459.06,5429.33
TR-042381,2025-09-25,Dry Van,3234.83,True,3254.11,3132.1,3151.67,3249.89
TR-042382,2025-09-25,Dry Van,3748.42,True,3679.05,3605.94,3554.37,3716.0
TR-042383,2025-09-25,Flatbed,3423.2,True,3435.86,3201.68,3334.0,3457.74
TR-042384,2025-09-25,Dry Van,1331.03,True,1340.12,1312.4,1298.44,1372.08
TR-042385,2025-09-25,Flatbed,1059.91,True,1035.04,1040.91,1006.68,1074.23
TR-042386,2025-09-25,Dry Van,1504.79,True,1524.35,1500.9,1475.46,1525.51
TR-042387,2025-09-25,Dry Van,2393.85,True,2405.98,2303.85,2326.68,2431.03
TR-042388,2025-09-25,Dry Van,655.29,True,655.67,652.53,635.83,665.0
TR-042389,2025-09-25,Flatbed,4798.24,True,4644.71,4355.68,4503.22,4674.85
TR-042390,2025-09-25,Dry Van,2274.23,True,2252.35,2191.07,2173.2,2239.0
TR-042391,2025-09-25,Dry Van,1041.96,True,1031.69,1012.38,1003.92,1051.93
TR-042392,2025-09-25,Reefer,5701.19,True,5770.2,5488.36,5580.04,5840.61
TR-042393,2025-09-25,Flatbed,4495.91,True,4492.09,4227.31,4354.23,4433.38
TR-042394,2025-09-25,Flatbed,1422.6,True,1377.76,1343.11,1335.57,1406.95
TR-042395,2025-09-25,Flatbed,1011.95,True,1004.26,983.04,970.76,1009.81
TR-042396,2025-09-25,Dry Van,1390.26,True,1412.63,1375.49,1369.8,1422.61
TR-042397,2025-09-25,Reefer,2470.44,True,2472.99,2386.42,2397.16,2503.7
TR-042398,2025-09-25,Flatbed,1453.23,True,1440.22,1400.15,1397.43,1433.52
TR-042399,2025-09-25,Dry Van,1097.99,True,1077.2,1052.06,1041.5,1108.91
TR-042400,2025-09-25,Flatbed,1316.62,True,1399.57,1314.07,1351.7,1423.19
TR-042401,2025-09-25,Dry Van,3020.08,True,2981.11,2904.68,2898.01,3011.71
TR-042402,2025-09-25,Reefer,2731.0,True,2712.68,2534.33,2625.77,2720.42
TR-042403,2025-09-25,Reefer,752.07,True,756.61,732.08,737.13,756.08
TR-042404,2025-09-25,Dry Van,265.12,True,265.41,278.06,257.67,260.47
TR-042405,2025-09-25,Reefer,696.53,True,700.46,678.52,677.93,664.97
TR-042406,2025-09-25,Flatbed,1937.24,True,1894.91,1841.74,1838.61,1942.75
TR-042407,2025-09-25,Reefer,5952.63,True,5920.59,5641.16,5759.88,5815.49
TR-042408,2025-09-25,Flatbed,4370.79,True,4353.45,4059.19,4228.39,4320.76
TR-042409,2025-09-25,Dry Van,4989.37,True,4949.3,4843.49,4784.58,4904.19
TR-042410,2025-09-25,Flatbed,2618.46,True,2580.38,2353.86,2504.42,2583.77
TR-042411,2025-09-25,Dry Van,3714.77,True,3670.15,3577.22,3541.64,3718.17
TR-042412,2025-09-25,Dry Van,1882.15,True,1918.74,1862.88,1864.95,1968.48
TR-042413,2025-09-25,Dry Van,1660.95,True,1661.97,1582.85,1611.93,1651.49
TR-042414,2025-09-26,Dry Van,3924.21,True,3936.6,3832.31,3848.62,3923.33
TR-042415,2025-09-26,Dry Van,1313.9,True,1330.82,1285.13,1293.66,1370.11
TR-042416,2025-09-26,Dry Van,1851.14,True,1845.31,1781.94,1806.92,1839.61
TR-042417,2025-09-26,Reefer,2224.97,True,2257.7,2159.44,2202.82,2236.18
TR-042418,2025-09-26,Reefer,2788.7,True,2838.98,2679.31,2771.69,2828.38
TR-042419,2025-09-26,Flatbed,2953.83,True,3028.96,2840.22,2948.65,3099.53
TR-042420,2025-09-26,Flatbed,2436.98,True,2505.2,2393.35,2428.78,2471.64
TR-042421,2025-09-26,Reefer,710.92,True,719.59,695.49,702.78,723.99
TR-042422,2025-09-26,Dry Van,3595.49,True,3620.03,3480.77,3548.38,3667.85
TR-042423,2025-09-26,Dry Van,438.63,True,432.66,422.94,425.56,412.83
TR-042424,2025-09-26,Flatbed,893.91,True,897.56,834.1,876.4,889.46
TR-042425,2025-09-26,Reefer,1258.11,True,1244.71,1225.91,1212.47,1257.06
TR-042426,2025-09-26,Reefer,2316.54,True,2296.41,2169.35,2220.39,2273.65
TR-042427,2025-09-26,Flatbed,917.99,True,908.56,908.03,885.28,898.97
TR-042428,2025-09-26,Dry Van,1235.8,True,1236.88,1206.09,1204.88,1202.19
TR-042429,2025-09-26,Flatbed,5847.69,True,5731.3,5479.24,5595.49,5675.35
TR-042430,2025-09-26,Dry Van,827.54,True,804.62,821.87,788.3,781.99
TR-042431,2025-09-26,Dry Van,1730.12,True,1803.9,1735.61,1754.65,1802.69
TR-042432,2025-09-26,Dry Van,2799.82,True,2832.41,2726.23,2774.94,2883.26
TR-042433,2025-09-26,Reefer,2000.12,True,1985.25,1897.76,1934.09,1987.04
TR-042434,2025-09-26,Reefer,1506.38,True,1578.15,1488.35,1523.45,1558.53
TR-042435,2025-09-26,Reefer,3221.62,True,3253.0,3156.83,3156.08,3257.78
TR-042436,2025-09-26,Dry Van,1913.19,True,1897.5,1830.34,1844.55,1860.79
TR-042437,2025-09-26,Dry Van,764.33,True,751.04,721.93,728.68,738.23
TR-042438,2025-09-26,Dry Van,7197.15,False,2895.63,2801.63,2825.82,2895.77
TR-042439,2025-09-26,Reefer,331.48,True,328.82,292.86,318.53,318.14
TR-042440,2025-09-26,Flatbed,4225.65,True,4115.91,3912.31,4021.79,3983.09
TR-042441,2025-09-26,Dry Van,3139.51,True,3068.87,2984.01,2981.21,3107.48
TR-042442,2025-09-26,Reefer,4386.98,True,4480.8,4186.3,4382.32,4452.85
TR-042443,2025-09-26,Dry Van,1267.35,True,1303.91,1248.88,1279.17,1336.59
TR-042444,2025-09-26,Flatbed,803.21,True,781.86,765.76,757.17,787.52
TR-042445,2025-09-26,Flatbed,2102.08,True,2082.91,1967.98,2036.6,2075.32
TR-042446,2025-09-26,Dry Van,4777.51,True,4768.46,4568.81,4667.51,4654.01
TR-042447,2025-09-26,Dry Van,837.27,True,830.21,813.93,803.55,795.01
TR-042448,2025-09-26,Dry Van,772.63,True,768.64,740.92,748.24,770.21
TR-042449,2025-09-26,Reefer,4595.52,True,4687.88,4502.55,4588.11,4750.55
TR-042450,2025-09-26,Dry Van,3035.82,True,2956.96,2820.02,2878.58,2928.9
TR-042451,2025-09-26,Reefer,1621.3,True,1600.47,1587.59,1548.66,1597.04
TR-042452,2025-09-26,Dry Van,1129.55,True,1133.34,1077.09,1097.58,1113.88
TR-042453,2025-09-26,Dry Van,5949.01,False,1624.09,1583.57,1586.75,1653.92
TR-042454,2025-09-26,Dry Van,1498.77,True,1448.68,1394.94,1409.5,1460.77
TR-042455,2025-09-26,Dry Van,3769.39,True,3773.99,3624.3,3683.54,3679.09
TR-042456,2025-09-26,Reefer,2016.06,True,2014.07,1961.22,1965.37,2050.79
TR-042457,2025-09-26,Dry Van,1452.6,True,1412.66,1334.89,1368.48,1432.12
TR-042458,2025-09-26,Dry Van,3944.75,True,3810.52,3681.16,3730.98,3788.53
TR-042459,2025-09-26,Dry Van,476.98,False,1360.81,1321.22,1320.5,1363.13
TR-042460,2025-09-26,Reefer,1954.77,True,1924.04,1829.28,1887.16,1928.23
TR-042461,2025-09-26,Flatbed,2346.68,True,2322.67,2188.52,2252.91,2310.95
TR-042462,2025-09-26,Flatbed,5213.61,True,5180.98,4851.28,5039.33,5121.58
TR-042463,2025-09-26,Dry Van,4288.85,True,4252.74,4191.68,4161.64,4308.35
TR-042464,2025-09-26,Dry Van,1171.1,True,1164.74,1118.11,1133.09,1188.68
TR-042465,2025-09-26,Dry Van,4309.85,True,4301.57,4238.37,4174.28,4292.39
TR-042466,2025-09-26,Dry Van,1991.22,True,2029.03,1972.74,1980.94,2046.27
TR-042467,2025-09-26,Dry Van,2363.42,True,2366.48,2364.2,2303.98,2348.92
TR-042468,2025-09-26,Flatbed,3795.38,True,3836.81,3545.95,3741.04,3733.44
TR-042469,2025-09-26,Dry Van,2366.45,True,2382.04,2305.44,2332.12,2379.48
TR-042470,2025-09-26,Dry Van,486.54,True,497.42,467.09,485.21,495.51
TR-042471,2025-09-26,Dry Van,3358.71,True,3378.43,3320.46,3281.6,3429.04
TR-042472,2025-09-26,Reefer,1934.7,True,1959.38,1880.42,1914.12,1937.62
TR-042473,2025-09-26,Dry Van,3463.26,True,3552.82,3449.63,3476.15,3582.08
TR-042474,2025-09-26,Dry Van,1226.42,True,1259.74,1200.55,1216.33,1248.1
TR-042475,2025-09-26,Reefer,4536.04,True,4545.26,4289.88,4404.4,4480.87
TR-042476,2025-09-26,Flatbed,867.93,True,884.89,858.88,862.2,860.46
TR-042477,2025-09-26,Dry Van,717.39,True,717.42,683.65,697.38,709.82
TR-042478,2025-09-26,Reefer,1486.08,True,1479.68,1442.08,1450.13,1448.98
TR-042479,2025-09-26,Dry Van,1078.07,True,1078.27,1041.93,1053.7,1076.14
TR-042480,2025-09-26,Dry Van,855.88,True,861.15,840.4,844.69,854.92
TR-042481,2025-09-26,Dry Van,1126.38,True,1147.19,1098.47,1113.85,1141.04
TR-042482,2025-09-26,Dry Van,2335.12,True,2310.0,2216.35,2247.98,2272.09
TR-042483,2025-09-26,Dry Van,4188.51,True,4144.14,4083.58,4040.24,4157.59
TR-042484,2025-09-26,Dry Van,1036.67,True,1042.82,1021.47,1016.24,1041.29
TR-042485,2025-09-26,Dry Van,1403.1,True,1423.66,1392.21,1390.57,1457.07
TR-042486,2025-09-26,Flatbed,6403.51,True,6379.11,5905.28,6179.6,6074.5
TR-042487,2025-09-26,Flatbed,3634.68,True,3576.83,3329.5,3477.07,3601.64
TR-042488,2025-09-26,Flatbed,4184.34,True,4162.54,3925.07,4086.4,4222.89
TR-042489,2025-09-26,Reefer,2363.97,True,2323.11,2231.56,2273.6,2312.46
TR-042490,2025-09-26,Flatbed,1438.09,True,1390.0,1361.8,1355.67,1410.57
TR-042491,2025-09-26,Reefer,3636.61,True,3626.85,3434.03,3548.88,3611.72
TR-042492,2025-09-26,Flatbed,1632.67,True,1642.35,1587.63,1599.47,1648.97
TR-042493,2025-09-26,Dry Van,1583.25,True,1595.15,1534.67,1550.13,1633.44
TR-042494,2025-09-26,Flatbed,4072.03,True,4107.3,3889.95,4009.91,4085.33
TR-042495,2025-09-26,Reefer,1455.84,True,1463.85,1410.56,1411.14,1498.46
TR-042496,2025-09-26,Dry Van,2488.14,True,2522.63,2456.8,2456.85,2562.68
TR-042497,2025-09-26,Reefer,2108.81,True,2108.98,1962.37,2051.43,2082.39
TR-042498,2025-09-26,Flatbed,1117.43,True,1101.51,1023.13,1074.58,1105.22
TR-042499,2025-09-26,Dry Van,1343.06,True,1370.38,1319.66,1331.25,1363.51
TR-042500,2025-09-26,Dry Van,2082.19,True,2112.09,2088.93,2067.26,2159.83
TR-042501,2025-09-26,Reefer,4204.51,True,4231.08,4039.88,4140.02,4278.53
TR-042502,2025-09-26,Flatbed,3876.29,True,3970.44,3642.32,3859.47,3914.17
TR-042503,2025-09-26,Reefer,2423.56,True,2397.66,2325.18,2337.73,2355.25
TR-042504,2025-09-26,Reefer,1323.85,True,1345.29,1330.79,1304.42,1325.96
TR-042505,2025-09-26,Reefer,2343.57,True,2330.09,2194.53,2270.42,2322.75
TR-042506,2025-09-26,Reefer,3422.31,True,3369.87,3193.51,3256.96,3277.5
TR-042507,2025-09-26,Dry Van,4348.13,True,4329.04,4218.85,4207.33,4336.76
TR-042508,2025-09-26,Dry Van,5711.86,True,5764.86,5500.94,5622.76,5598.06
TR-042509,2025-09-26,Dry Van,2446.06,True,2502.72,2452.39,2432.94,2477.88
TR-042510,2025-09-26,Reefer,4401.36,True,4337.76,4136.71,4249.92,4429.47
TR-042511,2025-09-26,Dry Van,1276.3,True,1281.83,1241.8,1248.2,1273.65
TR-042512,2025-09-26,Flatbed,5677.85,True,5582.25,5147.71,5429.92,5446.13
TR-042513,2025-09-26,Dry Van,373.96,True,372.13,346.91,362.2,355.54
TR-042514,2025-09-26,Flatbed,1005.85,False,3239.69,3039.23,3158.2,3233.01
TR-042515,2025-09-26,Flatbed,1504.47,True,1534.9,1440.81,1491.39,1498.37
TR-042516,2025-09-26,Reefer,3972.93,True,3905.52,3687.52,3804.49,3873.41
TR-042517,2025-09-26,Reefer,4452.33,True,4580.29,4335.82,4468.32,4551.74
TR-042518,2025-09-26,Reefer,3515.61,True,3596.25,3431.87,3507.28,3579.79
TR-042519,2025-09-26,Dry Van,3844.97,True,3724.02,3721.06,3630.03,3636.68
TR-042520,2025-09-26,Reefer,2842.44,True,2815.76,2732.98,2711.2,2829.71
TR-042521,2025-09-26,Reefer,2536.06,True,2549.4,2399.79,2497.83,2577.88
TR-042522,2025-09-26,Reefer,2157.59,True,2134.75,2049.95,2072.09,2120.55
TR-042523,2025-09-26,Reefer,3229.8,True,3156.7,3097.24,3099.61,3203.45
TR-042524,2025-09-26,Dry Van,3380.7,True,3481.21,3375.46,3401.15,3439.88
TR-042525,2025-09-26,Dry Van,1945.45,True,1957.37,1890.69,1905.84,1969.1
TR-042526,2025-09-26,Reefer,700.79,True,703.8,689.48,686.63,667.39
TR-042527,2025-09-26,Reefer,602.06,True,598.53,566.52,581.45,584.52
TR-042528,2025-09-26,Dry Van,3003.63,True,3044.84,2966.32,2963.53,2964.21
TR-042529,2025-09-26,Flatbed,1638.01,True,1620.69,1535.24,1577.68,1648.35
TR-042530,2025-09-26,Reefer,3511.37,True,3429.61,3275.89,3345.18,3386.7
TR-042531,2025-09-26,Dry Van,1592.95,True,1622.46,1580.45,1587.51,1653.95
TR-042532,2025-09-26,Reefer,3013.31,True,2981.26,2850.72,2908.62,3004.66
TR-042533,2025-09-26,Reefer,504.51,True,516.65,519.92,503.34,491.47
TR-042534,2025-09-26,Dry Van,5547.79,True,5562.66,5380.43,5457.07,5420.82
TR-042535,2025-09-26,Dry Van,4132.72,True,4194.17,4075.99,4093.03,4236.35
TR-042536,2025-09-26,Dry Van,1922.36,True,1892.58,1832.89,1852.94,1890.78
TR-042537,2025-09-26,Reefer,679.25,True,664.74,665.75,649.85,649.41
TR-042538,2025-09-26,Dry Van,708.81,True,707.51,705.82,691.6,691.33
TR-042539,2025-09-26,Dry Van,1546.85,True,1554.45,1501.02,1518.14,1592.67
TR-042540,2025-09-26,Dry Van,1804.41,True,1766.13,1714.62,1713.19,1756.58
TR-042541,2025-09-26,Dry Van,2248.78,True,2168.74,2068.96,2103.84,2174.89
TR-042542,2025-09-26,Reefer,1472.19,True,1508.91,1437.1,1457.58,1519.24
TR-042543,2025-09-26,Flatbed,3356.17,True,3348.74,3130.09,3277.97,3328.5
TR-042544,2025-09-26,Dry Van,1298.09,True,1292.69,1245.38,1257.42,1267.06
TR-042545,2025-09-26,Flatbed,624.76,True,623.95,594.48,605.59,625.85
TR-042546,2025-09-26,Flatbed,1757.41,True,1783.15,1718.47,1727.95,1798.44
TR-042547,2025-09-26,Reefer,4356.9,True,4364.59,4159.14,4245.68,4353.58
TR-042548,2025-09-26,Flatbed,726.29,True,736.6,706.55,718.44,718.81
TR-042549,2025-09-26,Reefer,2116.49,True,2155.08,2092.34,2099.8,2201.09
TR-042550,2025-09-26,Reefer,2038.12,True,2048.06,1971.29,1998.14,2031.29
TR-042551,2025-09-26,Dry Van,3755.51,True,3697.12,3588.52,3614.63,3706.52
TR-042552,2025-09-27,Dry Van,3268.21,True,3202.77,3129.52,3102.38,3193.95
TR-042553,2025-09-27,Dry Van,4170.77,True,4168.61,4102.44,4023.22,4140.94
TR-042554,2025-09-27,Dry Van,2525.86,True,2581.5,2520.4,2491.22,2579.41
TR-042555,2025-09-27,Reefer,2319.48,True,2382.91,2272.67,2309.0,2366.66
TR-042556,2025-09-27,Dry Van,3623.63,True,3594.23,3633.95,3474.07,3572.58
TR-042557,2025-09-27,Dry Van,671.62,True,672.96,651.4,646.67,671.46
TR-042558,2025-09-27,Dry Van,875.9,True,882.9,855.64,856.44,878.94
TR-042559,2025-09-27,Flatbed,2703.93,True,2760.73,2578.64,2666.91,2744.57
TR-042560,2025-09-27,Flatbed,1660.86,True,1695.42,1583.48,1632.62,1706.31
TR-042561,2025-09-27,Dry Van,2947.68,True,2880.88,2826.29,2803.74,2887.84
TR-042562,2025-09-27,Dry Van,3944.36,True,3936.57,3823.87,3813.47,3792.13
TR-042563,2025-09-27,Dry Van,2402.78,True,2401.41,2321.15,2317.26,2395.45
TR-042564,2025-09-27,Reefer,4038.01,True,4075.58,3931.88,3953.61,4089.03
TR-042565,2025-09-27,Dry Van,3409.5,True,3376.3,3253.06,3277.86,3330.1
TR-042566,2025-09-27,Dry Van,1308.52,True,1290.99,1233.64,1243.83,1292.17
TR-042567,2025-09-27,Reefer,4072.33,True,4065.09,3861.97,3924.84,3991.65
TR-042568,2025-09-27,Reefer,3812.12,True,3737.25,3496.92,3614.21,3632.7
TR-042569,2025-09-27,Flatbed,2971.41,True,3044.58,2861.13,2935.83,3103.8
TR-042570,2025-09-27,Dry Van,1301.34,True,1319.61,1287.75,1277.77,1328.12
TR-042571,2025-09-27,Dry Van,2120.19,True,2104.68,2102.01,2052.64,2101.12
TR-042572,2025-09-27,Reefer,584.16,True,583.44,580.25,565.7,544.32
TR-042573,2025-09-27,Flatbed,1633.96,True,1611.18,1535.32,1552.09,1612.52
TR-042574,2025-09-27,Dry Van,2292.18,True,2282.58,2192.71,2201.85,2301.5
TR-042575,2025-09-27,Reefer,804.32,True,809.73,804.55,779.35,784.44
TR-042576,2025-09-27,Dry Van,1583.61,True,1562.06,1531.05,1514.92,1586.68
TR-042577,2025-09-27,Flatbed,871.46,True,855.83,852.01,831.62,817.02
TR-042578,2025-09-27,Dry Van,1076.42,True,1086.62,1069.57,1056.5,1087.9
TR-042579,2025-09-27,Dry Van,3190.59,True,3209.63,3150.01,3104.21,3109.0
TR-042580,2025-09-27,Flatbed,2002.72,True,1927.1,1841.19,1855.74,1957.71
TR-042581,2025-09-27,Flatbed,2114.27,True,2168.27,2011.02,2095.84,2172.2
TR-042582,2025-09-27,Dry Van,3385.79,True,3309.96,3219.9,3206.75,3276.89
TR-042583,2025-09-27,Dry Van,3171.86,True,3160.18,3072.06,3068.55,3173.62
TR-042584,2025-09-27,Dry Van,1119.0,True,1132.96,1093.51,1101.61,1151.87
TR-042585,2025-09-27,Flatbed,526.16,True,524.87,519.25,506.91,510.25
TR-042586,2025-09-27,Dry Van,2119.88,True,2145.22,2122.63,2059.55,2134.43
TR-042587,2025-09-27,Dry Van,1875.07,True,1871.92,1836.69,1818.53,1877.21
TR-042588,2025-09-27,Dry Van,2146.22,True,2182.83,2115.87,2094.14,2172.68
TR-042589,2025-09-27,Flatbed,1692.33,True,1679.58,1600.99,1621.43,1667.57
TR-042590,2025-09-27,Flatbed,1467.23,True,1472.86,1410.32,1422.15,1438.06
TR-042591,2025-09-27,Flatbed,965.68,True,960.85,928.58,934.27,959.35
TR-042592,2025-09-27,Flatbed,1378.86,True,1378.86,1352.91,1338.82,1372.27
TR-042593,2025-09-27,Dry Van,2043.1,True,2048.18,2008.12,1968.84,2039.47
TR-042594,2025-09-27,Reefer,2271.11,True,2310.71,2185.1,2241.26,2344.88
TR-042595,2025-09-27,Dry Van,2706.85,True,2727.81,2704.6,2647.42,2732.58
TR-042596,2025-09-27,Reefer,4509.16,True,4569.97,4383.46,4423.02,4614.07
TR-042597,2025-09-27,Dry Van,1407.84,True,1395.36,1340.61,1338.13,1371.52
TR-042598,2025-09-27,Dry Van,1840.77,True,1867.94,1816.43,1803.28,1828.33
TR-042599,2025-09-27,Dry Van,2314.18,True,2367.14,2261.27,2295.58,2416.22
TR-042600,2025-09-27,Reefer,5204.12,True,5137.37,4978.5,5008.84,5098.37
TR-042601,2025-09-27,Flatbed,4380.96,True,4233.43,3977.76,4110.73,4339.94
TR-042602,2025-09-27,Dry Van,1331.02,True,1302.87,1268.19,1257.16,1337.1
TR-042603,2025-09-27,Dry Van,983.64,True,972.22,964.19,942.33,924.69
TR-042604,2025-09-27,Reefer,2703.71,True,2696.14,2544.29,2594.02,2701.94
TR-042605,2025-09-27,Dry Van,3878.07,True,3803.18,3763.62,3670.95,3855.15
TR-042606,2025-09-27,Dry Van,1157.62,True,1151.74,1116.37,1118.26,1134.75
TR-042607,2025-09-27,Dry Van,490.81,True,493.74,479.66,478.93,467.46
TR-042608,2025-09-27,Dry Van,3381.92,True,3355.12,3316.03,3251.86,3301.72
TR-042609,2025-09-27,Dry Van,2442.27,True,2443.94,2351.95,2348.36,2419.42
TR-042610,2025-09-27,Dry Van,1321.91,True,1312.81,1288.05,1265.23,1293.86
TR-042611,2025-09-27,Flatbed,1146.87,True,1147.09,1080.52,1113.32,1164.82
TR-042612,2025-09-27,Dry Van,3330.74,True,3398.17,3331.7,3299.01,3441.72
TR-042613,2025-09-27,Dry Van,916.16,True,915.44,896.5,885.62,938.86
TR-042614,2025-09-27,Flatbed,1361.47,True,1341.36,1291.03,1301.46,1342.55
TR-042615,2025-09-27,Dry Van,2496.2,True,2515.12,2489.26,2432.65,2512.66
TR-042616,2025-09-27,Reefer,1886.36,True,1937.54,1848.62,1861.8,1957.78
TR-042617,2025-09-27,Reefer,2156.27,True,2188.01,2086.96,2110.55,2214.19
TR-042618,2025-09-27,Dry Van,2290.39,True,2241.63,2200.46,2165.06,2255.53
TR-042619,2025-09-27,Flatbed,3171.04,True,3130.19,2944.54,3026.45,3150.73
TR-042620,2025-09-27,Flatbed,3802.71,True,3904.44,3684.8,3788.07,3921.89
TR-042621,2025-09-27,Dry Van,3995.74,True,3986.53,3918.91,3860.44,3985.05
TR-042622,2025-09-27,Dry Van,3890.78,True,3918.62,3815.31,3787.19,3910.23
TR-042623,2025-09-27,Flatbed,3408.02,True,3410.39,3207.05,3295.72,3412.72
TR-042624,2025-09-27,Dry Van,1700.72,True,1692.21,1658.29,1636.39,1715.94
TR-042625,2025-09-27,Dry Van,1315.81,True,1305.18,1286.88,1255.88,1309.34
TR-042626,2025-09-27,Reefer,1349.68,True,1383.19,1315.69,1337.67,1415.27
TR-042627,2025-09-27,Flatbed,3325.68,True,3294.69,3078.55,3193.72,3280.61
TR-042628,2025-09-27,Dry Van,891.87,True,894.38,848.15,869.89,892.67
TR-042629,2025-09-27,Reefer,952.82,True,939.16,922.85,906.39,910.7
TR-042630,2025-09-27,Dry Van,2583.02,True,2590.43,2531.0,2493.88,2574.76
TR-042631,2025-09-27,Reefer,815.6,True,799.72,812.88,770.09,774.87
TR-042632,2025-09-27,Dry Van,976.42,True,974.04,945.14,939.64,987.24
TR-042633,2025-09-27,Reefer,4427.33,True,4328.83,4201.43,4195.11,4205.16
TR-042634,2025-09-27,Reefer,3311.83,True,3346.09,3200.45,3232.41,3300.06
TR-042635,2025-09-27,Dry Van,5438.66,True,5442.16,5355.84,5286.22,5414.05
TR-042636,2025-09-27,Dry Van,4489.52,True,4510.26,4388.79,4346.65,4463.17
TR-042637,2025-09-27,Dry Van,1233.05,True,1246.01,1215.79,1209.06,1269.23
TR-042638,2025-09-27,Reefer,3859.28,True,3815.59,3683.5,3681.74,3783.54
TR-042639,2025-09-27,Dry Van,2272.14,True,2270.31,2163.81,2186.95,2230.39
TR-042640,2025-09-27,Dry Van,1014.25,True,1009.19,1005.17,977.32,983.26
TR-042641,2025-09-27,Reefer,2532.76,True,2475.04,2383.94,2389.8,2469.01
TR-042642,2025-09-27,Dry Van,1677.41,True,1678.41,1610.84,1620.33,1672.18
TR-042643,2025-09-27,Reefer,1317.5,True,1319.66,1257.1,1275.19,1330.14
TR-042644,2025-09-27,Dry Van,1347.11,True,1309.18,1270.01,1263.75,1310.56
TR-042645,2025-09-27,Dry Van,2056.61,True,2037.17,1974.4,1967.12,1995.32
TR-042646,2025-09-27,Dry Van,13420.59,False,5766.24,5577.88,5555.18,5573.9
TR-042647,2025-09-27,Reefer,2701.16,True,2706.89,2540.5,2600.33,2673.51
TR-042648,2025-09-27,Dry Van,1587.63,True,1597.32,1553.69,1545.97,1580.38
TR-042649,2025-09-27,Dry Van,1077.11,True,1075.95,1029.59,1042.87,1078.4
TR-042650,2025-09-27,Dry Van,1919.24,True,1874.75,1808.63,1814.26,1857.42
TR-042651,2025-09-27,Dry Van,1371.1,True,1364.82,1339.81,1318.12,1332.21
TR-042652,2025-09-27,Dry Van,1433.8,True,1424.03,1369.02,1381.62,1410.17
TR-042653,2025-09-27,Dry Van,2087.18,True,2079.6,2006.19,2012.79,2101.54
TR-042654,2025-09-27,Dry Van,386.73,True,381.58,369.85,365.26,369.53
TR-042655,2025-09-27,Dry Van,6039.73,True,5946.27,5773.01,5740.61,5684.51
TR-042656,2025-09-27,Dry Van,3466.52,True,3480.88,3417.55,3337.33,3350.47
TR-042657,2025-09-27,Reefer,2248.59,True,2242.04,2189.36,2159.48,2245.02
TR-042658,2025-09-27,Dry Van,1938.08,True,1946.31,1863.58,1884.47,1954.65
TR-042659,2025-09-27,Dry Van,2948.77,True,2929.26,2869.5,2839.18,2905.03
TR-042660,2025-09-27,Reefer,1944.78,True,1952.69,1872.14,1899.27,1948.31
TR-042661,2025-09-27,Flatbed,1726.89,True,1708.36,1602.24,1637.0,1705.56
TR-042662,2025-09-27,Flatbed,1529.34,True,1541.29,1449.2,1485.05,1548.35
TR-042663,2025-09-27,Reefer,2304.14,True,2289.5,2220.4,2201.95,2281.39
TR-042664,2025-09-27,Dry Van,4190.5,True,4176.86,4123.14,4043.59,4155.14
TR-042665,2025-09-27,Reefer,1840.83,True,1850.47,1779.94,1793.65,1849.31
TR-042666,2025-09-27,Dry Van,2186.6,True,2166.57,2157.86,2084.91,2146.57
TR-042667,2025-09-27,Dry Van,3436.63,True,3450.38,3372.45,3338.04,3471.86
TR-042668,2025-09-27,Reefer,4662.25,True,4573.56,4350.48,4423.21,4354.18
TR-042669,2025-09-27,Dry Van,634.61,True,619.11,592.62,598.92,602.47
TR-042670,2025-09-27,Dry Van,2438.48,True,2466.24,2378.8,2371.79,2478.28
TR-042671,2025-09-27,Dry Van,784.6,True,795.71,779.44,766.14,795.34
TR-042672,2025-09-27,Reefer,2296.04,True,2279.38,2195.36,2203.49,2243.5
TR-042673,2025-09-27,Reefer,5454.91,True,5497.32,5192.77,5309.6,5457.25
TR-042674,2025-09-27,Reefer,3974.29,True,3957.9,3779.38,3839.4,3863.8
TR-042675,2025-09-27,Flatbed,1001.0,True,994.32,919.32,959.76,984.46
TR-042676,2025-09-27,Flatbed,3900.3,True,3922.16,3651.75,3829.89,3954.99
TR-042677,2025-09-27,Reefer,2212.19,True,2193.39,2117.69,2110.04,2229.86
TR-042678,2025-09-27,Flatbed,839.84,True,835.79,772.99,808.78,833.84
TR-042679,2025-09-27,Reefer,1537.28,True,1518.57,1508.06,1466.81,1503.9
TR-042680,2025-09-27,Reefer,2180.76,True,2178.15,2120.23,2100.64,2176.95
TR-042681,2025-09-27,Dry Van,1957.42,True,1978.86,1926.9,1913.91,1992.24
TR-042682,2025-09-27,Reefer,1929.82,True,1937.72,1869.38,1875.78,1953.84
TR-042683,2025-09-27,Reefer,2057.32,True,2079.15,1987.98,2008.75,2052.33
TR-042684,2025-09-27,Dry Van,4317.37,True,4374.16,4250.47,4251.82,4399.52
TR-042685,2025-09-27,Reefer,476.13,True,473.39,441.07,458.31,455.32
TR-042686,2025-09-27,Dry Van,3101.26,True,3046.13,2943.78,2944.68,2987.58
TR-042687,2025-09-27,Dry Van,4249.3,True,4355.93,4299.11,4236.15,4330.37
TR-042688,2025-09-27,Reefer,989.93,True,981.88,936.18,943.79,979.64
TR-042689,2025-09-27,Dry Van,3184.6,True,3233.88,3123.73,3152.01,3239.83
TR-042690,2025-09-27,Dry Van,1345.5,True,1391.45,1362.94,1342.68,1412.54
TR-042691,2025-09-27,Reefer,2627.09,True,2572.21,2465.95,2479.07,2594.47
TR-042692,2025-09-27,Reefer,2577.85,True,2570.95,2486.7,2483.35,2557.57
TR-042693,2025-09-27,Reefer,5195.38,True,5174.36,4892.89,5028.79,5123.09
TR-042694,2025-09-27,Dry Van,5082.25,True,5002.37,5033.17,4835.29,4856.2
TR-042695,2025-09-27,Dry Van,530.21,True,546.49,526.7,528.24,535.79
TR-042696,2025-09-27,Dry Van,747.51,True,748.71,730.5,722.66,711.45
TR-042697,2025-09-27,Flatbed,2129.9,True,2092.2,1946.79,2025.5,2109.18
TR-042698,2025-09-27,Reefer,1672.82,True,1651.3,1566.46,1596.79,1644.79
TR-042699,2025-09-27,Dry Van,752.71,True,763.82,744.48,736.95,754.96
TR-042700,2025-09-27,Reefer,2119.15,True,2092.14,2003.05,2019.34,2057.7
TR-042701,2025-09-27,Flatbed,1412.29,True,1412.11,1394.16,1358.74,1376.69
TR-042702,2025-09-27,Dry Van,6112.28,True,6098.05,5832.76,5888.86,5839.44
TR-042703,2025-09-27,Dry Van,2999.69,True,3014.49,2920.09,2911.52,3010.51
TR-042704,2025-09-27,Dry Van,4493.91,True,4591.9,4465.69,4442.11,4541.59
TR-042705,2025-09-27,Dry Van,1279.9,True,1285.31,1251.27,1240.56,1321.1
TR-042706,2025-09-27,Dry Van,4286.1,True,4339.27,4259.24,4193.52,4313.48
TR-042707,2025-09-27,Dry Van,1138.54,True,1146.32,1112.83,1109.85,1134.02
TR-042708,2025-09-28,Dry Van,1093.77,True,1069.71,1042.45,1037.6,1047.43
TR-042709,2025-09-28,Reefer,2008.04,True,2079.42,2014.16,2017.32,2025.78
TR-042710,2025-09-28,Dry Van,2928.47,True,2995.62,2867.8,2922.51,2928.53
TR-042711,2025-09-28,Reefer,2285.6,True,2257.86,2180.59,2177.07,2257.38
TR-042712,2025-09-28,Reefer,2108.91,True,2058.55,2012.27,1995.43,2030.31
TR-042713,2025-09-28,Dry Van,773.3,True,776.25,756.56,753.01,752.2
TR-042714,2025-09-28,Dry Van,1490.97,True,1489.06,1476.45,1439.73,1466.16
TR-042715,2025-09-28,Dry Van,1251.3,True,1253.79,1248.96,1204.4,1270.08
TR-042716,2025-09-28,Dry Van,1081.43,True,1086.24,1050.28,1049.8,1073.99
TR-042717,2025-09-28,Dry Van,662.77,True,663.94,649.89,642.09,651.59
TR-042718,2025-09-28,Dry Van,3176.32,True,3088.78,3054.17,2993.27,3000.97
TR-042719,2025-09-28,Dry Van,713.74,True,712.93,699.8,691.73,686.71
TR-042720,2025-09-28,Reefer,1137.0,True,1128.07,1110.09,1089.86,1081.01
TR-042721,2025-09-28,Dry Van,2519.53,True,2483.16,2445.57,2410.46,2476.93
TR-042722,2025-09-28,Flatbed,5116.14,True,5043.26,4856.52,4870.0,4966.77
TR-042723,2025-09-28,Flatbed,1451.38,True,1426.93,1338.68,1370.65,1410.88
TR-042724,2025-09-28,Dry Van,515.71,True,524.73,498.02,510.28,488.7
TR-042725,2025-09-28,Flatbed,3964.27,True,4052.11,3803.64,3917.44,4050.8
TR-042726,2025-09-28,Dry Van,1046.48,True,1034.68,1025.23,1006.52,1012.63
TR-042727,2025-09-28,Dry Van,2576.92,True,2583.35,2512.1,2491.46,2535.25
TR-042728,2025-09-28,Dry Van,1416.65,True,1393.16,1361.91,1344.54,1397.98
TR-042729,2025-09-28,Dry Van,1137.5,True,1147.12,1133.0,1103.48,1120.1
TR-042730,2025-09-28,Dry Van,1714.87,True,1674.04,1637.09,1614.83,1676.14
TR-042731,2025-09-28,Dry Van,1320.09,True,1312.07,1266.09,1271.8,1301.97
TR-042732,2025-09-28,Flatbed,1953.03,True,1922.04,1902.11,1847.35,1893.68
TR-042733,2025-09-28,Dry Van,3981.74,True,3997.37,3928.92,3881.67,3935.36
TR-042734,2025-09-28,Dry Van,2043.62,True,2019.91,2010.65,1935.71,2049.95
TR-042735,2025-09-28,Dry Van,1811.32,True,1808.54,1733.48,1752.95,1800.69
TR-042736,2025-09-28,Dry Van,12797.54,False,3545.03,3505.25,3434.02,3510.81
TR-042737,2025-09-28,Dry Van,1152.43,True,1194.54,1145.8,1151.96,1222.87
TR-042738,2025-09-28,Dry Van,988.29,True,989.27,948.37,956.16,994.07
TR-042739,2025-09-28,Dry Van,1604.79,True,1586.58,1540.05,1530.1,1617.38
TR-042740,2025-09-28,Flatbed,1244.65,True,1253.48,1168.44,1206.2,1230.57
TR-042741,2025-09-28,Flatbed,2440.28,True,2456.64,2279.31,2366.39,2469.55
TR-042742,2025-09-28,Dry Van,2161.46,True,2205.04,2151.14,2127.21,2180.84
TR-042743,2025-09-28,Reefer,1781.92,True,1833.85,1754.37,1773.58,1832.73
TR-042744,2025-09-28,Dry Van,1060.01,True,1062.06,1064.13,1032.83,1032.03
TR-042745,2025-09-28,Flatbed,1519.45,True,1507.18,1425.91,1455.42,1504.3
TR-042746,2025-09-28,Flatbed,3934.89,True,4022.63,3779.55,3873.2,3913.5
TR-042747,2025-09-28,Dry Van,1628.9,True,1607.59,1551.65,1543.9,1609.19
TR-042748,2025-09-28,Dry Van,1410.12,True,1395.72,1381.32,1351.36,1349.77
TR-042749,2025-09-28,Flatbed,2438.58,True,2345.47,2217.48,2254.26,2305.44
TR-042750,2025-09-28,Dry Van,1084.53,True,1080.15,1048.87,1041.17,1071.32
TR-042751,2025-09-28,Dry Van,3188.14,True,3242.69,3171.97,3145.96,3212.15
TR-042752,2025-09-28,Flatbed,2010.31,True,1986.29,1909.4,1926.04,1949.08
TR-042753,2025-09-28,Dry Van,753.24,True,768.69,755.64,742.97,762.15
TR-042754,2025-09-28,Reefer,4230.2,True,4211.63,4054.66,4082.53,4105.01
TR-042755,2025-09-28,Dry Van,1639.84,True,1651.22,1633.12,1585.13,1653.13
TR-042756,2025-09-28,Flatbed,5406.93,True,5390.79,5044.66,5208.33,5242.4
TR-042757,2025-09-28,Dry Van,2151.5,True,2203.07,2141.24,2129.22,2222.0
TR-042758,2025-09-28,Dry Van,718.39,True,722.02,706.49,695.71,722.78
TR-042759,2025-09-28,Flatbed,1873.55,True,1894.6,1798.03,1822.63,1894.3
TR-042760,2025-09-28,Dry Van,1296.2,True,1285.86,1249.81,1240.26,1276.97
TR-042761,2025-09-28,Dry Van,3288.85,True,3358.06,3343.5,3246.94,3313.68
TR-042762,2025-09-28,Dry Van,3645.77,True,3681.98,3552.19,3570.1,3727.64
TR-042763,2025-09-28,Flatbed,5754.21,True,5776.73,5328.43,5569.31,5616.23
TR-042764,2025-09-28,Flatbed,930.58,True,908.62,901.33,876.23,896.5
TR-042765,2025-09-28,Reefer,2641.2,True,2670.33,2541.34,2574.77,2621.59
TR-042766,2025-09-28,Dry Van,2453.74,True,2449.35,2351.07,2355.32,2446.27
TR-042767,2025-09-28,Flatbed,2306.76,True,2246.22,2144.36,2167.47,2226.35
TR-042768,2025-09-28,Dry Van,3441.04,True,3363.18,3325.66,3245.13,3292.84
TR-042769,2025-09-28,Reefer,1652.67,True,1686.89,1632.04,1620.71,1678.51
TR-042770,2025-09-28,Reefer,389.7,True,384.59,365.82,371.36,362.63
TR-042771,2025-09-28,Flatbed,690.48,True,696.37,645.91,673.06,674.37
TR-042772,2025-09-28,Dry Van,2741.16,True,2712.91,2666.09,2618.9,2686.0
TR-042773,2025-09-28,Reefer,2075.87,True,2067.02,2031.67,1992.72,2072.21
TR-042774,2025-09-28,Reefer,4097.27,True,4161.13,3952.5,4007.09,4168.6
TR-042775,2025-09-28,Dry Van,1969.64,True,1983.99,1941.68,1916.64,1957.18
TR-042776,2025-09-28,Reefer,1723.88,True,1726.52,1658.01,1665.58,1707.87
TR-042777,2025-09-28,Flatbed,901.55,True,881.87,860.82,852.27,849.33
TR-042778,2025-09-28,Reefer,1309.13,True,1303.93,1272.12,1257.15,1242.33
TR-042779,2025-09-28,Reefer,3751.81,True,3844.18,3606.07,3698.63,3809.8
TR-042780,2025-09-28,Dry Van,3906.11,True,3849.25,3807.4,3730.23,3770.19
TR-042781,2025-09-28,Reefer,4028.7,True,3972.19,3787.73,3877.02,4027.97
TR-042782,2025-09-28,Dry Van,2724.61,True,2745.28,2709.26,2645.64,2711.03
TR-042783,2025-09-28,Dry Van,4211.03,True,4157.72,4113.6,4030.99,4079.95
TR-042784,2025-09-28,Flatbed,1207.36,True,1180.13,1158.51,1137.51,1165.28
TR-042785,2025-09-28,Reefer,1687.68,True,1693.46,1664.18,1629.29,1681.58
TR-042786,2025-09-28,Dry Van,1834.37,True,1855.09,1779.81,1789.64,1867.9
TR-042787,2025-09-28,Reefer,2811.69,True,2825.9,2731.7,2716.52,2841.56
TR-042788,2025-09-28,Dry Van,2222.13,True,2259.78,2171.96,2178.68,2263.3
TR-042789,2025-09-28,Dry Van,3940.37,True,3940.32,3856.54,3819.31,3938.13
TR-042790,2025-09-28,Dry Van,1130.78,True,1122.37,1077.24,1083.64,1126.05
TR-042791,2025-09-28,Dry Van,2349.87,True,2361.46,2290.62,2278.75,2351.84
TR-042792,2025-09-28,Dry Van,1405.8,True,1346.97,1323.48,1296.04,1357.62
TR-042793,2025-09-28,Dry Van,679.49,True,682.08,657.82,660.46,672.35
TR-042794,2025-09-28,Reefer,2341.7,True,2316.06,2217.35,2231.4,2291.06
TR-042795,2025-09-28,Dry Van,1592.02,True,1600.18,1565.87,1548.61,1585.0
TR-042796,2025-09-28,Reefer,1914.47,True,1949.23,1875.45,1864.38,1959.59
TR-042797,2025-09-28,Flatbed,1741.04,True,1706.11,1622.39,1642.57,1691.37
TR-042798,2025-09-28,Reefer,2431.83,True,2384.33,2266.34,2300.09,2380.51
TR-042799,2025-09-28,Dry Van,4092.63,True,4129.36,4125.33,4018.16,4130.06
TR-042800,2025-09-28,Dry Van,835.1,False,2173.66,2156.09,2096.89,2191.1
TR-042801,2025-09-28,Dry Van,2027.96,True,2037.96,2070.59,1963.53,2059.68
TR-042802,2025-09-28,Flatbed,572.78,True,572.71,532.52,555.2,555.35
TR-042803,2025-09-28,Reefer,774.13,True,799.74,784.48,770.41,787.3
TR-042804,2025-09-28,Dry Van,2562.73,True,2605.29,2549.7,2505.17,2661.75
TR-042805,2025-09-28,Dry Van,2265.28,True,2238.65,2169.44,2168.75,2195.95
TR-042806,2025-09-28,Reefer,659.63,True,657.93,663.38,635.03,635.62
TR-042807,2025-09-28,Reefer,1517.69,True,1525.41,1478.36,1464.23,1559.55
TR-042808,2025-09-28,Dry Van,3064.0,True,3098.53,2974.67,2991.63,3081.05
TR-042809,2025-09-28,Flatbed,1163.05,True,1188.03,1153.06,1145.72,1159.82
TR-042810,2025-09-28,Dry Van,3865.31,True,3749.72,3790.95,3632.85,3718.34
TR-042811,2025-09-28,Reefer,1110.79,True,1113.99,1065.69,1073.47,1112.19
TR-042812,2025-09-28,Dry Van,1877.01,True,1864.56,1810.4,1816.06,1870.18
TR-042813,2025-09-28,Dry Van,3175.1,True,3229.1,3136.37,3136.13,3181.87
TR-042814,2025-09-28,Dry Van,1235.23,True,1227.11,1201.55,1184.23,1222.05
TR-042815,2025-09-28,Reefer,1071.17,True,1065.5,1050.94,1033.2,1084.36
TR-042816,2025-09-28,Dry Van,1998.56,True,1971.18,1972.03,1894.69,1947.11
TR-042817,2025-09-28,Dry Van,1837.98,True,1810.47,1769.07,1746.83,1787.43
TR-042818,2025-09-28,Dry Van,1970.93,True,1968.87,1922.16,1904.08,1965.8
TR-042819,2025-09-28,Flatbed,3646.22,True,3655.38,3563.0,3511.51,3735.62
TR-042820,2025-09-28,Dry Van,4095.03,True,4113.46,4019.76,3950.31,4200.91
TR-042821,2025-09-28,Dry Van,2946.68,True,2916.04,2855.17,2828.51,2880.66
TR-042822,2025-09-28,Reefer,6276.34,True,6227.32,5996.49,6035.83,6137.25
TR-042823,2025-09-28,Reefer,759.15,False,2117.72,2084.43,2052.06,2100.69
TR-042824,2025-09-28,Reefer,2019.44,True,2040.39,1992.0,1973.5,2021.18
TR-042825,2025-09-28,Dry Van,2636.98,True,2667.13,2591.12,2579.96,2737.04
TR-042826,2025-09-28,Dry Van,1154.54,True,1178.16,1142.09,1131.42,1185.59
TR-042827,2025-09-28,Dry Van,1784.89,True,1762.27,1719.8,1697.02,1744.64
TR-042828,2025-09-28,Dry Van,1173.97,True,1198.12,1166.32,1152.21,1209.61
TR-042829,2025-09-28,Flatbed,510.64,True,488.4,469.67,472.01,479.74
TR-042830,2025-09-28,Flatbed,2643.41,True,2597.61,2449.03,2496.93,2603.83
TR-042831,2025-09-28,Reefer,5745.39,True,5778.72,5524.72,5559.74,5523.22
TR-042832,2025-09-28,Dry Van,2841.04,True,2839.58,2788.94,2739.11,2853.88
TR-042833,2025-09-28,Dry Van,652.12,True,632.54,628.46,609.26,620.46
TR-042834,2025-09-28,Flatbed,3089.81,True,3082.75,2886.44,2992.22,3086.88
TR-042835,2025-09-28,Reefer,1412.41,True,1422.31,1343.83,1374.04,1402.48
TR-042836,2025-09-28,Flatbed,3167.21,True,3086.06,2924.71,2988.2,3087.07
TR-042837,2025-09-28,Dry Van,783.73,True,784.43,763.74,758.3,781.41
TR-042838,2025-09-28,Dry Van,746.15,True,750.55,737.42,723.74,714.89
TR-042839,2025-09-28,Reefer,3665.41,True,3802.49,3624.89,3672.54,3796.07
TR-042840,2025-09-28,Dry Van,1541.54,True,1533.16,1503.04,1477.46,1511.41
TR-042841,2025-09-28,Dry Van,2347.52,True,2310.04,2210.08,2235.04,2263.71
TR-042842,2025-09-28,Dry Van,1348.4,True,1339.82,1291.82,1289.12,1331.16
TR-042843,2025-09-28,Dry Van,550.8,True,549.93,534.77,530.7,530.92
TR-042844,2025-09-28,Dry Van,351.36,True,349.19,345.4,335.58,341.81
TR-042845,2025-09-28,Dry Van,3319.67,True,3327.06,3283.24,3222.1,3275.22
TR-042846,2025-09-28,Flatbed,2022.01,True,2029.51,1909.78,1965.2,2029.1
TR-042847,2025-09-28,Flatbed,2406.52,True,2412.7,2255.55,2328.76,2400.67
TR-042848,2025-09-28,Reefer,1363.38,True,1338.35,1327.13,1297.57,1335.9
TR-042849,2025-09-28,Reefer,2100.8,True,2080.47,1988.66,2014.68,2044.43
TR-042850,2025-09-28,Dry Van,2936.55,True,2857.03,2794.74,2740.61,2789.38
TR-042851,2025-09-28,Dry Van,3212.43,True,3113.8,3044.93,3023.69,3082.15
TR-042852,2025-09-28,Dry Van,4164.97,True,4152.09,4052.14,4027.92,4000.87
TR-042853,2025-09-28,Flatbed,2650.56,True,2672.43,2482.07,2570.53,2663.16
TR-042854,2025-09-28,Dry Van,4195.51,True,4243.86,4170.14,4119.45,4227.63
TR-042855,2025-09-28,Reefer,2127.87,True,2137.06,2053.81,2065.25,2126.6
TR-042856,2025-09-29,Dry Van,4238.86,True,4188.24,4190.16,4038.59,4169.77
TR-042857,2025-09-29,Dry Van,1516.81,True,1487.35,1454.35,1424.47,1499.94
TR-042858,2025-09-29,Reefer,603.85,True,595.56,590.94,573.91,561.98
TR-042859,2025-09-29,Dry Van,2420.76,True,2431.37,2357.51,2358.55,2464.24
TR-042860,2025-09-29,Dry Van,1581.01,True,1586.63,1572.14,1517.53,1526.05
TR-042861,2025-09-29,Reefer,6620.24,True,6573.35,6192.42,6310.54,6305.75
TR-042862,2025-09-29,Flatbed,1033.77,True,983.24,974.21,945.9,961.88
TR-042863,2025-09-29,Reefer,3381.26,True,3363.59,3274.85,3246.87,3368.35
TR-042864,2025-09-29,Dry Van,1939.71,True,1925.06,1873.62,1847.13,1927.41
TR-042865,2025-09-29,Dry Van,3538.32,True,3511.38,3458.62,3385.36,3383.09
TR-042866,2025-09-29,Dry Van,1140.78,True,1115.19,1097.57,1072.78,1083.01
TR-042867,2025-09-29,Dry Van,2480.38,True,2479.86,2398.55,2388.76,2450.05
TR-042868,2025-09-29,Reefer,4317.28,True,4297.29,4133.16,4146.62,4281.34
TR-042869,2025-09-29,Reefer,3510.14,True,3481.74,3300.67,3378.38,3381.49
TR-042870,2025-09-29,Dry Van,3127.58,True,3152.74,3044.12,3034.64,3096.54
TR-042871,2025-09-29,Flatbed,2257.84,True,2312.09,2149.78,2224.28,2345.5
TR-042872,2025-09-29,Dry Van,2049.02,True,2026.83,1985.91,1950.4,2009.33
TR-042873,2025-09-29,Flatbed,1393.82,True,1385.19,1339.77,1335.31,1346.21
TR-042874,2025-09-29,Reefer,861.86,True,868.0,869.75,838.6,872.98
TR-042875,2025-09-29,Dry Van,734.67,True,745.29,729.92,722.51,727.62
TR-042876,2025-09-29,Dry Van,2575.9,True,2572.77,2499.73,2484.8,2559.9
TR-042877,2025-09-29,Dry Van,3770.99,True,3718.29,3656.75,3585.25,3683.07
TR-042878,2025-09-29,Reefer,3179.94,True,3118.2,3016.42,3008.4,3082.34
TR-042879,2025-09-29,Dry Van,1902.01,True,1880.41,1835.0,1810.03,1868.95
TR-042880,2025-09-29,Flatbed,731.51,True,752.29,717.31,720.14,740.01
TR-042881,2025-09-29,Flatbed,3849.56,True,3783.42,3577.76,3642.17,3787.58
TR-042882,2025-09-29,Dry Van,13503.63,False,2929.45,2846.22,2819.48,2854.81
TR-042883,2025-09-29,Dry Van,1115.22,True,1124.52,1100.37,1084.75,1130.19
TR-042884,2025-09-29,Reefer,1280.61,True,1291.09,1268.28,1242.93,1265.47
TR-042885,2025-09-29,Dry Van,2415.33,True,2359.77,2279.66,2263.35,2341.1
TR-042886,2025-09-29,Dry Van,4163.43,True,4134.92,4121.68,4017.54,4154.76
TR-042887,2025-09-29,Dry Van,995.38,True,987.63,974.91,952.65,960.34
TR-042888,2025-09-29,Flatbed,2359.68,True,2337.59,2271.65,2265.78,2362.92
TR-042889,2025-09-29,Dry Van,5885.2,True,5852.06,5665.68,5652.66,5613.62
TR-042890,2025-09-29,Reefer,1187.96,True,1191.58,1193.04,1145.62,1186.42
TR-042891,2025-09-29,Flatbed,2211.3,True,2279.58,2125.46,2186.48,2273.28
TR-042892,2025-09-29,Reefer,4272.31,True,4216.37,4048.72,4047.51,4019.8
TR-042893,2025-09-29,Dry Van,2699.63,True,2718.32,2624.75,2616.36,2688.74
TR-042894,2025-09-29,Reefer,1041.35,True,1039.8,1030.12,996.27,1029.21
TR-042895,2025-09-29,Reefer,2068.14,True,2040.32,1972.65,1968.34,1994.88
TR-042896,2025-09-29,Dry Van,5691.61,True,5542.57,5478.66,5347.0,5314.54
TR-042897,2025-09-29,Dry Van,1652.47,True,1606.07,1579.03,1546.22,1600.19
TR-042898,2025-09-29,Reefer,1753.06,True,1740.34,1701.76,1665.13,1707.07
TR-042899,2025-09-29,Dry Van,2473.32,True,2445.88,2345.91,2349.25,2456.96
TR-042900,2025-09-29,Flatbed,1385.48,True,1360.44,1314.62,1305.97,1352.23
TR-042901,2025-09-29,Dry Van,297.77,True,301.76,297.85,291.45,296.51
TR-042902,2025-09-29,Dry Van,3187.62,True,3174.08,3111.6,3057.5,3214.41
TR-042903,2025-09-29,Flatbed,2315.78,True,2302.98,2205.87,2214.35,2283.63
TR-042904,2025-09-29,Reefer,1367.89,True,1331.47,1362.19,1275.08,1328.39
TR-042905,2025-09-29,Reefer,3543.74,True,3625.34,3487.85,3506.4,3626.34
TR-042906,2025-09-29,Reefer,958.88,True,941.51,921.55,904.2,930.72
TR-042907,2025-09-29,Dry Van,3033.86,True,2950.79,2919.61,2838.44,2900.23
TR-042908,2025-09-29,Dry Van,1126.7,True,1113.54,1084.5,1069.33,1101.83
TR-042909,2025-09-29,Dry Van,1325.46,True,1340.82,1287.78,1289.31,1341.15
TR-042910,2025-09-29,Flatbed,1682.02,True,1631.49,1605.29,1578.13,1647.9
TR-042911,2025-09-29,Dry Van,3275.31,True,3207.7,3133.55,3080.07,3208.06
TR-042912,2025-09-29,Dry Van,3427.48,True,3487.55,3424.75,3369.06,3484.57
TR-042913,2025-09-29,Flatbed,1536.58,True,1544.48,1452.07,1488.91,1517.06
TR-042914,2025-09-29,Reefer,4242.7,True,4352.15,4158.15,4211.79,4275.03
TR-042915,2025-09-29,Dry Van,1622.59,True,1629.73,1577.4,1561.0,1600.78
TR-042916,2025-09-29,Reefer,2949.32,True,2934.62,2814.17,2819.94,2900.29
TR-042917,2025-09-29,Flatbed,1636.32,True,1652.88,1545.01,1593.01,1671.75
TR-042918,2025-09-29,Flatbed,3937.63,True,3870.63,3580.27,3723.84,3851.99
TR-042919,2025-09-29,Flatbed,5037.89,True,4979.73,4621.69,4804.86,4907.99
TR-042920,2025-09-29,Dry Van,543.25,True,534.7,529.12,514.06,499.29
TR-042921,2025-09-29,Dry Van,1343.69,True,1359.54,1299.46,1308.11,1395.5
TR-042922,2025-09-29,Reefer,1176.75,True,1179.23,1184.3,1141.19,1177.4
TR-042923,2025-09-29,Flatbed,3627.2,True,3551.01,3245.62,3424.62,3468.48
TR-042924,2025-09-29,Dry Van,1202.33,True,1186.64,1159.35,1143.01,1173.41
TR-042925,2025-09-29,Dry Van,2093.05,True,2071.57,2014.27,1990.63,2034.87
TR-042926,2025-09-29,Flatbed,2666.6,True,2615.84,2479.97,2510.55,2577.37
TR-042927,2025-09-29,Dry Van,4073.7,True,4020.9,3983.88,3876.97,3991.79
TR-042928,2025-09-29,Dry Van,2989.61,True,3105.1,3036.49,2994.4,3034.33
TR-042929,2025-09-29,Dry Van,606.85,True,585.94,582.86,560.81,565.14
TR-042930,2025-09-29,Dry Van,1928.87,True,2008.96,2004.39,1933.42,2028.04
TR-042931,2025-09-29,Reefer,1101.73,True,1157.65,1099.1,1124.7,1163.43
TR-042932,2025-09-29,Dry Van,3690.01,True,3676.39,3613.44,3544.33,3700.01
TR-042933,2025-09-29,Reefer,1058.02,True,1075.93,1036.9,1036.15,1091.79
TR-042934,2025-09-29,Dry Van,4190.81,True,4264.32,4216.85,4120.07,4210.45
TR-042935,2025-09-29,Dry Van,914.56,True,918.85,895.26,888.66,896.42
TR-042936,2025-09-29,Dry Van,3614.61,True,3630.13,3525.13,3515.86,3550.19
TR-042937,2025-09-29,Flatbed,1479.07,True,1464.24,1380.2,1413.98,1485.66
TR-042938,2025-09-29,Flatbed,2218.14,True,2181.33,2029.38,2100.32,2162.9
TR-042939,2025-09-29,Reefer,2067.31,True,2091.59,2061.24,2025.46,2094.11
TR-042940,2025-09-29,Reefer,2214.66,True,2171.79,2085.4,2085.01,2199.9
TR-042941,2025-09-29,Dry Van,1909.99,True,1930.61,1870.89,1855.7,1901.84
TR-042942,2025-09-29,Flatbed,3109.58,True,3102.49,2860.69,2993.97,3040.93
TR-042943,2025-09-29,Dry Van,2506.95,True,2538.93,2448.14,2444.95,2483.88
TR-042944,2025-09-29,Reefer,2575.84,True,2543.8,2425.77,2454.68,2507.88
TR-042945,2025-09-29,Dry Van,2697.94,True,2673.13,2582.89,2576.51,2637.17
TR-042946,2025-09-29,Dry Van,1494.4,True,1475.5,1456.98,1412.13,1498.42
TR-042947,2025-09-29,Dry Van,3730.45,True,3691.41,3632.7,3537.03,3716.63
TR-042948,2025-09-29,Dry Van,1170.87,True,1203.95,1149.64,1156.23,1218.14
TR-042949,2025-09-29,Dry Van,843.31,True,842.08,826.7,812.74,857.96
TR-042950,2025-09-29,Flatbed,1801.36,True,1833.67,1741.66,1760.27,1821.35
TR-042951,2025-09-29,Dry Van,4116.74,True,4116.08,4050.36,3937.73,4116.62
TR-042952,2025-09-29,Dry Van,1689.45,True,1700.83,1647.04,1635.46,1674.37
TR-042953,2025-09-29,Dry Van,3462.39,True,3527.87,3503.24,3406.27,3524.96
TR-042954,2025-09-29,Reefer,1500.36,True,1504.29,1441.42,1449.46,1494.58
TR-042955,2025-09-29,Flatbed,869.6,True,856.69,857.4,823.29,820.84
TR-042956,2025-09-29,Dry Van,3112.89,True,3081.42,2999.21,2963.08,3112.19
TR-042957,2025-09-29,Dry Van,2364.94,True,2400.03,2353.63,2305.16,2412.2
TR-042958,2025-09-29,Dry Van,5868.16,True,5808.63,5760.63,5582.1,5575.48
TR-042959,2025-09-29,Dry Van,1469.39,True,1431.57,1395.74,1375.1,1440.98
TR-042960,2025-09-29,Dry Van,4026.53,True,3967.45,3893.15,3820.2,3975.97
TR-042961,2025-09-29,Reefer,3055.72,True,3022.59,2880.0,2934.7,3058.09
TR-042962,2025-09-29,Dry Van,2840.5,True,2831.9,2727.86,2719.53,2820.6
TR-042963,2025-09-29,Flatbed,752.54,True,749.99,719.68,725.94,710.77
TR-042964,2025-09-29,Reefer,5401.18,True,5413.66,5181.62,5207.32,5202.04
TR-042965,2025-09-29,Flatbed,1166.42,True,1144.75,1116.1,1104.08,1111.42
TR-042966,2025-09-29,Dry Van,1250.51,True,1214.97,1179.57,1161.04,1203.07
TR-042967,2025-09-29,Dry Van,1039.93,True,1045.4,998.28,1006.06,1037.43
TR-042968,2025-09-29,Reefer,1713.41,True,1746.91,1633.97,1665.23,1755.01
TR-042969,2025-09-29,Dry Van,2173.05,True,2182.42,2103.37,2096.91,2182.31
TR-042970,2025-09-29,Dry Van,1785.72,True,1772.95,1733.18,1705.75,1740.88
TR-042971,2025-09-29,Flatbed,2310.73,True,2311.14,2208.62,2221.77,2267.55
TR-042972,2025-09-29,Flatbed,4332.87,True,4353.65,4097.77,4197.57,4397.51
TR-042973,2025-09-29,Dry Van,1423.88,True,1402.01,1338.94,1355.43,1380.33
TR-042974,2025-09-29,Dry Van,2429.29,True,2506.2,2464.89,2410.59,2466.48
TR-042975,2025-09-29,Dry Van,822.8,True,832.05,800.78,801.01,824.61
TR-042976,2025-09-29,Dry Van,2417.99,True,2401.27,2338.35,2309.2,2363.83
TR-042977,2025-09-29,Reefer,2067.22,True,2114.03,2031.96,2015.1,2138.37
TR-042978,2025-09-29,Flatbed,3397.49,True,3385.8,3176.26,3248.55,3306.94
TR-042979,2025-09-29,Reefer,1047.29,True,1044.08,1035.34,1007.11,1023.6
TR-042980,2025-09-29,Dry Van,3017.03,True,2980.31,2887.67,2876.57,3001.3
TR-042981,2025-09-29,Dry Van,1401.54,True,1434.69,1387.89,1382.24,1425.52
TR-042982,2025-09-29,Reefer,4120.13,True,4064.56,3888.9,3915.29,4031.91
TR-042983,2025-09-29,Dry Van,1891.3,True,1904.28,1854.8,1837.02,1857.16
TR-042984,2025-09-29,Dry Van,845.31,True,829.63,811.55,797.6,819.2
TR-042985,2025-09-29,Flatbed,2563.03,True,2574.62,2382.12,2489.98,2504.07
TR-042986,2025-09-29,Flatbed,650.29,True,634.63,604.61,608.52,625.11
TR-042987,2025-09-29,Flatbed,449.54,True,437.99,392.87,420.02,440.76
TR-042988,2025-09-29,Reefer,1969.6,True,1952.52,1900.03,1874.46,1976.04
TR-042989,2025-09-29,Flatbed,3574.92,True,3501.98,3313.18,3383.18,3467.67
TR-042990,2025-09-29,Flatbed,1247.17,True,1233.56,1239.15,1183.94,1185.39
TR-042991,2025-09-29,Flatbed,4217.34,True,4193.43,3965.11,4050.84,4167.18
TR-042992,2025-09-29,Dry Van,10119.16,False,3121.88,3096.93,3005.43,3044.81
TR-042993,2025-09-29,Dry Van,1371.52,True,1387.72,1337.29,1332.79,1405.02
TR-042994,2025-09-29,Flatbed,4431.8,True,4490.49,4165.99,4333.87,4415.65
TR-042995,2025-09-29,Reefer,3565.92,True,3648.54,3461.96,3516.58,3575.71
TR-042996,2025-09-29,Dry Van,4815.72,True,4802.37,4740.58,4634.26,4816.82
TR-042997,2025-09-30,Dry Van,3338.79,True,3263.77,3140.27,3186.15,3260.18
TR-042998,2025-09-30,Flatbed,1853.42,True,1806.29,1699.6,1754.41,1819.79
TR-042999,2025-09-30,Dry Van,5043.62,True,5089.18,4949.42,4927.04,4880.18
TR-043000,2025-09-30,Reefer,4138.2,True,4046.39,3855.18,3912.29,4068.83
TR-043001,2025-09-30,Dry Van,1170.91,True,1167.89,1128.5,1130.93,1180.33
TR-043002,2025-09-30,Dry Van,780.1,True,790.35,752.09,761.92,779.57
TR-043003,2025-09-30,Dry Van,1379.76,True,1362.29,1304.94,1313.02,1387.36
TR-043004,2025-09-30,Dry Van,1718.71,True,1688.98,1642.14,1640.45,1689.96
TR-043005,2025-09-30,Flatbed,839.98,True,809.28,790.43,785.83,792.16
TR-043006,2025-09-30,Dry Van,1129.32,True,1114.95,1078.21,1075.5,1084.64
TR-043007,2025-09-30,Reefer,1991.19,True,2037.63,1948.56,1981.22,2003.19
TR-043008,2025-09-30,Dry Van,2189.03,True,2176.61,2094.34,2127.24,2136.0
TR-043009,2025-09-30,Dry Van,357.0,True,348.66,352.83,338.72,341.55
TR-043010,2025-09-30,Flatbed,4293.84,True,4298.71,3961.36,4156.18,4252.97
TR-043011,2025-09-30,Dry Van,2499.88,True,2562.04,2442.25,2475.05,2540.86
TR-043012,2025-09-30,Dry Van,1467.25,True,1483.84,1425.79,1424.3,1493.54
TR-043013,2025-09-30,Dry Van,1190.36,True,1163.68,1144.45,1127.8,1128.85
TR-043014,2025-09-30,Dry Van,3419.14,True,3448.39,3400.97,3338.1,3437.23
TR-043015,2025-09-30,Dry Van,2795.58,True,2790.53,2691.07,2705.75,2797.07
TR-043016,2025-09-30,Flatbed,690.34,True,689.43,684.31,672.36,669.93
TR-043017,2025-09-30,Dry Van,2421.83,True,2407.63,2343.32,2331.6,2424.66
TR-043018,2025-09-30,Reefer,2011.7,True,2030.64,1927.05,1961.28,2036.35
TR-043019,2025-09-30,Flatbed,1592.4,True,1618.9,1509.87,1559.86,1646.34
TR-043020,2025-09-30,Dry Van,1029.31,True,1044.16,1008.17,1011.18,1040.88
TR-043021,2025-09-30,Dry Van,2838.18,True,2843.33,2750.93,2759.4,2834.8
TR-043022,2025-09-30,Flatbed,4018.97,True,4039.31,3760.47,3895.94,3999.29
TR-043023,2025-09-30,Reefer,4366.61,True,4370.15,4184.78,4247.26,4337.41
TR-043024,2025-09-30,Dry Van,4260.11,True,4175.82,4102.41,4053.1,4171.37
TR-043025,2025-09-30,Dry Van,848.73,True,851.79,822.2,828.08,824.88
TR-043026,2025-09-30,Dry Van,331.22,True,321.79,303.9,311.25,312.77
TR-043027,2025-09-30,Dry Van,1375.18,True,1385.13,1329.29,1336.75,1386.37
TR-043028,2025-09-30,Dry Van,2550.66,True,2447.24,2263.21,2369.59,2446.0
TR-043029,2025-09-30,Reefer,651.21,True,650.11,651.58,633.03,645.39
TR-043030,2025-09-30,Dry Van,4795.09,True,4759.37,4696.53,4620.5,4689.55
TR-043031,2025-09-30,Flatbed,2765.85,True,2730.02,2569.47,2650.24,2757.8
TR-043032,2025-09-30,Dry Van,3055.97,True,3025.41,2948.9,2942.87,3070.04
TR-043033,2025-09-30,Reefer,4048.13,True,4061.09,3905.95,3974.33,4062.4
TR-043034,2025-09-30,Flatbed,1829.79,True,1777.88,1740.72,1717.33,1785.63
TR-043035,2025-09-30,Dry Van,2322.98,True,2371.89,2291.1,2285.65,2380.15
TR-043036,2025-09-30,Dry Van,3453.46,True,3459.27,3320.15,3322.47,3450.55
TR-043037,2025-09-30,Dry Van,1483.96,True,1473.08,1418.26,1430.07,1472.21
TR-043038,2025-09-30,Flatbed,944.64,True,953.7,896.23,925.76,936.96
TR-043039,2025-09-30,Dry Van,1440.38,True,1450.42,1401.67,1415.94,1449.27
TR-043040,2025-09-30,Dry Van,1009.23,True,1071.52,1040.83,1029.96,1074.7
TR-043041,2025-09-30,Dry Van,1224.2,True,1212.06,1169.08,1167.51,1220.18
TR-043042,2025-09-30,Dry Van,4764.98,True,4725.19,4605.19,4593.11,4792.25
TR-043043,2025-09-30,Reefer,2823.19,True,2778.34,2597.2,2704.36,2735.42
TR-043044,2025-09-30,Reefer,1570.24,True,1585.76,1548.15,1538.48,1549.19
TR-043045,2025-09-30,Dry Van,4027.94,True,4046.98,3952.37,3916.16,3904.04
TR-043046,2025-09-30,Reefer,2381.69,True,2360.09,2252.4,2274.85,2371.11
TR-043047,2025-09-30,Reefer,4038.74,True,3963.5,3670.86,3873.0,3998.89
TR-043048,2025-09-30,Dry Van,2149.82,True,2148.0,2118.39,2096.19,2171.28
TR-043049,2025-09-30,Dry Van,2519.02,True,2527.34,2387.34,2447.12,2492.94
TR-043050,2025-09-30,Dry Van,5093.93,True,5226.55,5137.53,5038.67,5086.94
TR-043051,2025-09-30,Dry Van,870.54,True,882.77,854.65,853.29,874.74
TR-043052,2025-09-30,Dry Van,3335.73,True,3300.91,3184.24,3217.98,3310.59
TR-043053,2025-09-30,Dry Van,2108.84,True,2104.31,2066.98,2046.23,2102.9
TR-043054,2025-09-30,Dry Van,1416.74,True,1400.95,1391.67,1354.82,1389.7
TR-043055,2025-09-30,Reefer,5046.46,True,4976.86,4787.07,4828.45,4987.41
TR-043056,2025-09-30,Dry Van,1623.96,True,1636.53,1590.63,1579.01,1619.1
TR-043057,2025-09-30,Reefer,4884.93,True,4969.86,4710.43,4808.92,4996.27
TR-043058,2025-09-30,Dry Van,1718.35,True,1712.27,1633.77,1655.72,1673.12
TR-043059,2025-09-30,Reefer,1371.66,True,1372.75,1304.43,1332.1,1360.67
TR-043060,2025-09-30,Dry Van,5343.79,True,5402.44,5069.71,5257.21,5323.45
TR-043061,2025-09-30,Dry Van,1340.72,True,1319.7,1282.06,1282.05,1338.82
TR-043062,2025-09-30,Reefer,3511.31,True,3546.75,3370.4,3462.34,3564.76
TR-043063,2025-09-30,Reefer,2113.68,True,2139.0,2074.94,2068.41,2136.33
TR-043064,2025-09-30,Flatbed,4609.2,True,4669.54,4411.4,4528.37,4668.62
TR-043065,2025-09-30,Reefer,1109.63,True,1099.46,1089.14,1075.33,1115.0
TR-043066,2025-09-30,Dry Van,2905.43,True,2928.02,2873.31,2848.78,2895.91
TR-043067,2025-09-30,Reefer,1412.3,True,1426.88,1378.15,1381.18,1451.56
TR-043068,2025-09-30,Reefer,2642.23,True,2650.41,2487.95,2583.67,2632.21
TR-043069,2025-09-30,Dry Van,2610.3,False,818.06,812.47,792.44,782.71
TR-043070,2025-09-30,Dry Van,4026.49,True,4039.6,3915.22,3930.3,4061.17
TR-043071,2025-09-30,Dry Van,3531.35,True,3543.54,3453.71,3449.13,3548.18
TR-043072,2025-09-30,Reefer,716.88,True,725.28,690.33,704.55,720.65
TR-043073,2025-09-30,Dry Van,1736.2,True,1752.52,1702.35,1702.82,1771.27
TR-043074,2025-09-30,Dry Van,1480.19,True,1505.13,1429.54,1448.67,1512.83
TR-043075,2025-09-30,Reefer,1913.03,True,1937.74,1871.64,1888.67,1905.64
TR-043076,2025-09-30,Reefer,2600.14,True,2667.37,2521.61,2600.24,2652.57
TR-043077,2025-09-30,Dry Van,2522.62,False,1007.67,958.76,974.02,1006.9
TR-043078,2025-09-30,Dry Van,876.64,True,892.41,856.49,868.68,886.04
TR-043079,2025-09-30,Dry Van,434.29,True,427.42,421.25,414.0,410.56
TR-043080,2025-09-30,Dry Van,801.38,True,794.42,780.46,767.44,767.96
TR-043081,2025-09-30,Dry Van,989.5,True,987.33,970.89,955.93,988.47
TR-043082,2025-09-30,Flatbed,896.69,True,920.36,860.95,892.16,898.68
TR-043083,2025-09-30,Dry Van,2726.84,True,2725.1,2586.57,2646.67,2750.57
TR-043084,2025-09-30,Dry Van,1484.02,True,1493.83,1423.01,1448.39,1487.99
TR-043085,2025-09-30,Dry Van,940.89,True,940.62,890.78,911.64,968.95
TR-043086,2025-09-30,Dry Van,532.29,True,525.72,512.78,509.34,500.11
TR-043087,2025-09-30,Dry Van,1185.03,True,1182.21,1140.43,1150.16,1155.2
TR-043088,2025-09-30,Dry Van,3365.72,True,3371.91,3359.76,3279.97,3409.22
TR-043089,2025-09-30,Flatbed,365.66,True,377.28,337.68,364.93,361.82
TR-043090,2025-09-30,Flatbed,1200.94,True,1186.95,1152.13,1143.9,1167.68
TR-043091,2025-09-30,Reefer,1352.62,True,1347.82,1331.07,1302.46,1314.4
TR-043092,2025-09-30,Dry Van,2889.42,True,2877.66,2804.15,2797.35,2915.47
TR-043093,2025-09-30,Dry Van,1771.8,True,1799.86,1726.21,1739.53,1834.72
TR-043094,2025-09-30,Flatbed,1946.45,True,1950.78,1831.29,1881.14,1959.85
TR-043095,2025-09-30,Flatbed,3300.91,True,3354.77,3093.06,3260.23,3388.86
TR-043096,2025-09-30,Dry Van,715.18,True,736.5,723.58,709.62,727.25
TR-043097,2025-09-30,Dry Van,4299.66,True,4347.87,4231.3,4215.07,4365.88
TR-043098,2025-09-30,Reefer,1811.26,True,1833.95,1738.89,1782.84,1812.22
TR-043099,2025-09-30,Dry Van,4205.63,True,4267.85,4205.9,4142.04,4281.1
TR-043100,2025-09-30,Dry Van,838.67,True,836.44,797.43,808.8,836.62
TR-043101,2025-09-30,Flatbed,6610.21,True,6493.7,6090.53,6243.69,6209.77
TR-043102,2025-09-30,Reefer,7443.31,False,2003.59,1959.6,1931.77,1981.81
TR-043103,2025-09-30,Dry Van,1500.18,True,1460.87,1393.26,1413.75,1484.58
TR-043104,2025-09-30,Reefer,4526.15,True,4613.59,4322.39,4475.55,4615.35
TR-043105,2025-09-30,Reefer,5382.19,True,5314.33,5110.24,5180.22,5444.75
TR-043106,2025-09-30,Flatbed,3542.5,True,3568.99,3296.99,3464.7,3593.62
TR-043107,2025-09-30,Flatbed,4713.14,True,4709.14,4332.93,4570.7,4727.8
TR-043108,2025-09-30,Flatbed,2050.87,True,2070.3,1938.68,2000.57,2107.64
TR-043109,2025-09-30,Dry Van,4361.64,True,4386.59,4354.78,4260.8,4399.49
TR-043110,2025-09-30,Reefer,2023.59,True,2036.25,1965.96,1973.92,2054.13
TR-043111,2025-09-30,Reefer,2275.62,True,2253.05,2169.37,2174.68,2252.28
TR-043112,2025-09-30,Dry Van,2250.21,True,2228.4,2165.9,2159.37,2231.25
TR-043113,2025-09-30,Reefer,3981.2,True,3859.68,3734.83,3771.23,3797.2
TR-043114,2025-09-30,Dry Van,2489.82,True,2526.07,2437.19,2451.2,2537.84
TR-043115,2025-09-30,Flatbed,1856.04,True,1901.28,1747.63,1840.33,1923.64
TR-043116,2025-09-30,Dry Van,3878.4,True,3885.8,3778.06,3788.8,3897.18
TR-043117,2025-09-30,Flatbed,1371.12,True,1319.02,1283.24,1272.64,1332.94
TR-043118,2025-09-30,Flatbed,1818.34,True,1806.46,1765.97,1757.48,1804.11
TR-043119,2025-09-30,Dry Van,968.44,True,964.02,925.01,932.92,960.78
TR-043120,2025-09-30,Reefer,3308.06,True,3362.09,3163.84,3271.27,3291.2
TR-043121,2025-09-30,Dry Van,1454.09,True,1442.48,1384.86,1403.51,1436.67
TR-043122,2025-09-30,Flatbed,4726.9,True,4597.13,4255.0,4436.93,4512.06
TR-043123,2025-09-30,Dry Van,749.67,True,738.54,698.18,714.73,739.55
TR-043124,2025-09-30,Dry Van,2009.55,True,2043.3,2000.32,1975.72,1999.08
TR-043125,2025-09-30,Dry Van,3784.87,True,3696.83,3628.69,3610.39,3751.61
TR-043126,2025-09-30,Flatbed,4713.82,True,4748.94,4510.86,4594.26,4582.04
TR-043127,2025-09-30,Dry Van,1095.54,True,1106.59,1053.72,1070.07,1122.23
TR-043128,2025-09-30,Dry Van,2423.41,True,2430.65,2391.88,2357.33,2397.51
TR-043129,2025-09-30,Flatbed,6031.83,True,6054.8,5588.29,5877.9,5954.72
TR-043130,2025-09-30,Reefer,4633.29,True,4620.98,4359.58,4476.96,4423.28
TR-043131,2025-09-30,Dry Van,4000.2,False,1289.09,1248.59,1248.2,1303.86
TR-043132,2025-09-30,Flatbed,2040.44,True,2059.72,1928.43,2002.1,2022.86
TR-043133,2025-09-30,Dry Van,4265.6,True,4278.95,4172.47,4131.22,4226.93
TR-043134,2025-09-30,Dry Van,1280.48,True,1302.39,1250.13,1266.58,1303.65
TR-043135,2025-09-30,Flatbed,2711.58,True,2715.66,2509.67,2621.46,2661.58
TR-043136,2025-09-30,Dry Van,1997.28,True,1988.54,1915.51,1930.56,2005.01
TR-043137,2025-09-30,Flatbed,1351.46,True,1354.75,1296.0,1310.9,1365.27
TR-043138,2025-09-30,Dry Van,5812.69,True,5734.52,5593.05,5539.96,5602.01
TR-043139,2025-09-30,Flatbed,2108.23,True,2072.92,1976.66,2008.12,2108.86
TR-043140,2025-09-30,Dry Van,3252.91,True,3351.82,3305.82,3233.8,3372.23
TR-043141,2025-09-30,Reefer,5237.53,True,5291.31,4980.15,5158.84,5199.19
TR-043142,2025-09-30,Reefer,4514.51,True,4485.39,4248.83,4321.23,4536.41
TR-043143,2025-09-30,Dry Van,1980.3,True,1995.81,1937.27,1930.38,1997.02
TR-043144,2025-09-30,Reefer,1931.07,True,1938.58,1885.46,1885.63,1918.21
TR-043145,2025-09-30,Reefer,3707.12,True,3702.36,3518.12,3596.48,3716.39
TR-043146,2025-09-30,Dry Van,1650.2,True,1628.01,1573.38,1585.46,1636.16
TR-043147,2025-09-30,Dry Van,1938.61,True,1909.28,1830.51,1851.98,1847.88
TR-043148,2025-10-01,Dry Van,4001.45,True,3969.21,3898.68,3780.69,4020.67
TR-043149,2025-10-01,Dry Van,2466.25,True,2436.36,2446.56,2307.14,2400.02
TR-043150,2025-10-01,Reefer,2526.28,True,2517.7,2524.21,2404.07,2523.0
TR-043151,2025-10-01,Reefer,1518.22,True,1521.49,1473.8,1457.21,1501.51
TR-043152,2025-10-01,Dry Van,2999.76,True,3105.89,3044.68,2980.93,3000.55
TR-043153,2025-10-01,Dry Van,1704.26,True,1685.12,1644.69,1611.22,1692.39
TR-043154,2025-10-01,Reefer,605.83,True,617.45,624.25,585.28,602.71
TR-043155,2025-10-01,Dry Van,1176.88,True,1145.51,1131.47,1094.16,1158.05
TR-043156,2025-10-01,Dry Van,1900.8,True,1905.77,1870.04,1807.16,1931.59
TR-043157,2025-10-01,Dry Van,1914.59,True,1893.14,1879.87,1803.81,1906.64
TR-043158,2025-10-01,Reefer,1223.46,True,1194.2,1199.66,1133.06,1199.0
TR-043159,2025-10-01,Flatbed,1941.22,True,1900.68,1881.25,1804.76,1908.66
TR-043160,2025-10-01,Reefer,2156.97,True,2179.11,2123.03,2079.94,2193.71
TR-043161,2025-10-01,Dry Van,4262.62,True,4221.6,4192.98,4008.75,4307.29
TR-043162,2025-10-01,Dry Van,1430.05,True,1428.17,1406.7,1366.03,1446.59
TR-043163,2025-10-01,Dry Van,4744.55,True,4794.28,4768.9,4574.31,4797.25
TR-043164,2025-10-01,Dry Van,2022.34,True,1983.7,1958.23,1889.6,1965.04
TR-043165,2025-10-01,Flatbed,2990.31,True,2996.57,2974.54,2852.33,2968.12
TR-043166,2025-10-01,Reefer,982.16,True,993.57,975.02,946.58,999.36
TR-043167,2025-10-01,Reefer,1023.56,True,1028.91,1025.79,979.69,1032.91
TR-043168,2025-10-01,Reefer,2873.9,True,2858.01,2811.22,2717.92,2848.15
TR-043169,2025-10-01,Flatbed,4042.16,True,4105.22,4077.21,3898.0,4145.46
TR-043170,2025-10-01,Reefer,712.29,True,703.12,702.22,670.94,687.52
TR-043171,2025-10-01,Dry Van,1794.49,True,1780.36,1754.94,1702.28,1804.76
TR-043172,2025-10-01,Flatbed,5589.34,True,5570.61,5483.52,5354.49,5404.35
TR-043173,2025-10-01,Flatbed,2086.11,True,2066.87,2074.79,1966.9,2127.99
TR-043174,2025-10-01,Dry Van,579.08,True,570.21,569.62,542.63,572.36
TR-043175,2025-10-01,Dry Van,974.24,True,969.82,947.46,925.3,990.52
TR-043176,2025-10-01,Flatbed,755.24,True,757.29,755.25,725.4,755.68
TR-043177,2025-10-01,Flatbed,2004.9,True,2007.52,1988.24,1918.19,2022.68
TR-043178,2025-10-01,Dry Van,2015.6,True,1987.37,1975.72,1902.01,2022.82
TR-043179,2025-10-01,Flatbed,906.83,True,914.02,905.65,864.33,927.57
TR-043180,2025-10-01,Flatbed,4627.89,True,4645.45,4577.67,4411.31,4597.12
TR-043181,2025-10-01,Dry Van,1500.39,True,1483.35,1477.64,1417.47,1510.95
TR-043182,2025-10-01,Dry Van,628.71,True,638.0,635.4,606.33,619.79
TR-043183,2025-10-01,Reefer,1789.15,True,1756.75,1741.05,1667.92,1753.74
TR-043184,2025-10-01,Dry Van,1184.39,True,1183.8,1185.79,1130.04,1238.65
TR-043185,2025-10-01,Reefer,6477.13,False,1302.15,1288.16,1240.26,1329.22
TR-043186,2025-10-01,Flatbed,1498.58,True,1523.78,1504.93,1437.31,1558.73
TR-043187,2025-10-01,Reefer,757.75,True,734.5,717.46,701.18,713.41
TR-043188,2025-10-01,Dry Van,2022.07,True,2008.81,1977.95,1926.7,2009.24
TR-043189,2025-10-01,Dry Van,1372.49,True,1374.75,1358.49,1311.24,1378.71
TR-043190,2025-10-01,Dry Van,1000.3,True,1030.59,1036.64,974.95,1042.37
TR-043191,2025-10-01,Dry Van,1206.96,True,1227.84,1210.27,1168.37,1225.91
TR-043192,2025-10-01,Dry Van,1133.3,True,1125.39,1110.99,1073.27,1101.16
TR-043193,2025-10-01,Flatbed,4333.35,True,4298.56,4336.2,4125.99,4297.12
TR-043194,2025-10-01,Dry Van,2647.58,True,2629.73,2579.92,2504.59,2644.54
TR-043195,2025-10-01,Dry Van,1100.57,True,1097.97,1065.63,1047.62,1096.52
TR-043196,2025-10-01,Flatbed,1733.31,True,1725.73,1713.23,1648.26,1759.81
TR-043197,2025-10-01,Reefer,4360.08,True,4416.81,4341.73,4202.53,4401.38
TR-043198,2025-10-01,Dry Van,1310.24,True,1321.32,1293.87,1255.13,1316.17
TR-043199,2025-10-01,Dry Van,5448.66,True,5442.99,5394.65,5202.95,5376.0
TR-043200,2025-10-01,Dry Van,572.62,True,583.42,592.08,555.99,548.68
TR-043201,2025-10-01,Dry Van,2839.21,True,2797.07,2798.27,2680.2,2807.8
TR-043202,2025-10-01,Dry Van,1033.26,True,1024.72,1024.13,975.33,1023.0
TR-043203,2025-10-01,Dry Van,1986.82,True,2001.4,1960.61,1907.72,1989.16
TR-043204,2025-10-01,Reefer,2400.85,True,2448.31,2381.64,2329.79,2489.19
TR-043205,2025-10-01,Dry Van,1936.07,True,1975.08,1934.74,1886.42,2021.68
TR-043206,2025-10-01,Dry Van,1929.23,True,1977.4,1945.73,1888.25,1961.86
TR-043207,2025-10-01,Reefer,1483.98,True,1524.81,1490.17,1449.42,1566.26
TR-043208,2025-10-01,Dry Van,3829.84,True,3890.95,3897.02,3703.87,3867.19
TR-043209,2025-10-01,Dry Van,1217.54,True,1252.19,1230.13,1199.78,1289.96
TR-043210,2025-10-01,Dry Van,2360.65,True,2346.09,2322.25,2226.19,2340.46
TR-043211,2025-10-01,Reefer,2088.6,True,2099.65,2087.55,2005.18,2136.68
TR-043212,2025-10-01,Dry Van,4778.86,True,4936.94,4936.19,4697.91,4849.91
TR-043213,2025-10-01,Flatbed,1722.03,True,1697.75,1683.92,1615.47,1742.87
TR-043214,2025-10-01,Flatbed,1412.16,True,1415.12,1377.39,1345.11,1442.99
TR-043215,2025-10-01,Reefer,4500.92,True,4404.44,4398.93,4198.71,4398.61
TR-043216,2025-10-01,Dry Van,3181.84,True,3122.08,3076.6,2989.23,3096.86
TR-043217,2025-10-01,Dry Van,2498.9,True,2516.61,2500.54,2413.51,2527.35
TR-043218,2025-10-01,Dry Van,3208.55,True,3250.7,3159.07,3088.85,3271.44
TR-043219,2025-10-01,Dry Van,4900.51,True,4978.44,4898.1,4767.24,4802.53
TR-043220,2025-10-01,Dry Van,3028.96,True,3058.47,2996.6,2904.19,3050.53
TR-043221,2025-10-01,Dry Van,1008.48,True,1011.27,996.6,954.94,1026.07
TR-043222,2025-10-01,Reefer,1170.12,True,1185.62,1173.72,1126.68,1205.56
TR-043223,2025-10-01,Reefer,2521.43,True,2501.25,2424.86,2390.61,2461.24
TR-043224,2025-10-01,Dry Van,835.03,True,835.04,816.97,797.49,825.21
TR-043225,2025-10-01,Flatbed,4810.57,True,4813.38,4775.12,4586.09,4878.97
TR-043226,2025-10-01,Reefer,1244.63,True,1274.03,1227.81,1224.13,1267.32
TR-043227,2025-10-01,Dry Van,1446.38,True,1404.08,1365.55,1338.52,1414.56
TR-043228,2025-10-01,Dry Van,563.96,True,576.64,578.2,549.54,557.76
TR-043229,2025-10-01,Dry Van,1023.4,True,1019.85,998.11,974.01,1039.78
TR-043230,2025-10-01,Flatbed,1421.17,True,1386.79,1358.29,1331.72,1419.61
TR-043231,2025-10-01,Dry Van,1397.01,True,1405.87,1399.55,1333.1,1428.39
TR-043232,2025-10-01,Dry Van,2477.14,True,2543.11,2452.81,2415.05,2549.83
TR-043233,2025-10-01,Reefer,1490.25,True,1432.19,1421.12,1362.18,1482.33
TR-043234,2025-10-01,Dry Van,2459.43,True,2486.43,2450.27,2377.81,2559.92
TR-043235,2025-10-01,Dry Van,789.03,True,809.73,805.1,773.52,818.86
TR-043236,2025-10-01,Dry Van,1164.68,True,1162.36,1155.37,1108.8,1172.48
TR-043237,2025-10-01,Reefer,5555.29,True,5406.53,5368.08,5151.1,5392.07
TR-043238,2025-10-01,Dry Van,3533.64,True,3489.36,3436.34,3343.4,3571.83
TR-043239,2025-10-01,Dry Van,648.29,True,635.51,635.93,604.94,620.47
TR-043240,2025-10-01,Dry Van,2853.94,True,2893.53,2835.48,2767.9,2863.89
TR-043241,2025-10-01,Dry Van,2817.95,True,2778.04,2708.77,2642.74,2794.07
TR-043242,2025-10-01,Flatbed,1002.17,True,983.94,972.98,941.23,998.25
TR-043243,2025-10-01,Dry Van,2898.42,True,2897.75,2853.94,2767.01,2908.96
TR-043244,2025-10-01,Reefer,1968.55,True,1963.06,1963.96,1864.76,1999.01
TR-043245,2025-10-01,Dry Van,1398.29,True,1380.86,1389.16,1319.18,1396.39
TR-043246,2025-10-01,Dry Van,1614.53,True,1612.91,1561.49,1548.28,1633.45
TR-043247,2025-10-01,Dry Van,1793.3,True,1790.4,1751.51,1700.17,1778.84
TR-043248,2025-10-01,Dry Van,4537.86,True,4404.65,4402.13,4195.31,4482.09
TR-043249,2025-10-01,Dry Van,1641.95,True,1659.97,1659.47,1583.68,1651.62
TR-043250,2025-10-01,Flatbed,2505.88,True,2530.27,2554.77,2407.8,2549.16
TR-043251,2025-10-01,Dry Van,2902.34,True,2921.18,2859.82,2778.12,2921.85
TR-043252,2025-10-01,Reefer,311.26,True,317.82,293.81,303.41,321.25
TR-043253,2025-10-01,Dry Van,4200.14,True,4086.82,4135.26,3900.48,4104.71
TR-043254,2025-10-01,Dry Van,517.66,True,501.39,500.55,480.86,480.89
TR-043255,2025-10-01,Reefer,3773.93,True,3743.86,3811.51,3565.35,3843.3
TR-043256,2025-10-01,Reefer,2219.91,True,2218.21,2188.61,2118.71,2213.11
TR-043257,2025-10-01,Dry Van,1283.16,True,1264.47,1243.98,1203.34,1234.3
TR-043258,2025-10-01,Dry Van,2877.77,True,2906.01,2811.17,2751.03,2844.03
TR-043259,2025-10-01,Dry Van,3332.2,True,3375.59,3334.05,3228.89,3297.23
TR-043260,2025-10-01,Reefer,5124.5,True,5145.33,5129.63,4915.09,5187.08
TR-043261,2025-10-01,Reefer,4070.24,True,4051.15,4084.04,3871.62,4069.55
TR-043262,2025-10-01,Reefer,2458.0,True,2418.16,2320.82,2300.49,2432.93
TR-043263,2025-10-01,Dry Van,2010.76,True,2021.53,1985.43,1921.97,2074.82
TR-043264,2025-10-01,Dry Van,4221.49,True,4221.79,4122.69,4039.83,4279.92
TR-043265,2025-10-01,Reefer,2113.04,True,2138.0,2096.78,2036.36,2120.75
TR-043266,2025-10-01,Flatbed,4464.73,True,4395.85,4315.37,4186.41,4349.22
TR-043267,2025-10-01,Dry Van,4310.7,True,4289.66,4302.94,4089.61,4232.39
TR-043268,2025-10-01,Reefer,4298.29,True,4274.19,4254.38,4076.13,4268.52
TR-043269,2025-10-01,Dry Van,1487.21,True,1511.23,1486.06,1442.78,1541.45
TR-043270,2025-10-01,Dry Van,650.49,True,656.23,645.42,626.14,675.02
TR-043271,2025-10-01,Dry Van,1730.09,True,1759.94,1755.74,1685.67,1768.02
TR-043272,2025-10-01,Dry Van,841.42,True,828.87,812.42,785.57,831.4
TR-043273,2025-10-01,Dry Van,4384.26,True,4282.14,4276.27,4067.3,4324.52
TR-043274,2025-10-01,Dry Van,1274.28,True,1276.93,1239.39,1215.61,1270.17
TR-043275,2025-10-01,Dry Van,1749.18,True,1722.75,1721.46,1641.17,1713.96
TR-043276,2025-10-01,Dry Van,3134.93,True,3110.78,3054.14,2964.6,3141.05
TR-043277,2025-10-01,Dry Van,1791.66,True,1837.32,1808.88,1746.29,1845.87
TR-043278,2025-10-01,Reefer,1098.12,True,1115.23,1101.89,1059.2,1144.89
TR-043279,2025-10-01,Dry Van,977.98,True,979.51,950.21,932.35,997.35
TR-043280,2025-10-01,Flatbed,1398.37,True,1405.59,1409.58,1344.81,1413.93
TR-043281,2025-10-01,Dry Van,1927.67,True,1935.61,1884.31,1851.54,1944.35
TR-043282,2025-10-01,Dry Van,2331.68,True,2418.92,2371.34,2312.39,2402.4
TR-043283,2025-10-01,Dry Van,2846.07,True,2834.52,2898.57,2713.75,2795.39
TR-043284,2025-10-01,Reefer,1458.78,True,1461.33,1444.04,1388.03,1497.74
TR-043285,2025-10-01,Reefer,1157.74,True,1160.44,1149.2,1106.43,1171.21
TR-043286,2025-10-01,Dry Van,1443.07,True,1444.74,1428.56,1378.38,1453.85
TR-043287,2025-10-01,Dry Van,194.26,True,200.54,225.33,191.06,198.29
TR-043288,2025-10-01,Reefer,5076.68,True,5007.25,4903.97,4766.76,4888.35
TR-043289,2025-10-01,Dry Van,1140.24,True,1131.25,1094.62,1077.06,1159.2
TR-043290,2025-10-01,Reefer,1645.12,True,1641.18,1616.7,1560.37,1677.12
TR-043291,2025-10-01,Dry Van,921.92,True,912.48,921.19,869.61,922.61
TR-043292,2025-10-01,Dry Van,1498.47,True,1478.96,1466.38,1420.65,1488.56
TR-043293,2025-10-01,Reefer,1456.25,True,1479.7,1433.7,1405.76,1449.98
TR-043294,2025-10-01,Flatbed,1717.39,True,1697.62,1689.69,1620.22,1709.28
TR-043295,2025-10-01,Dry Van,3374.09,True,3319.58,3307.55,3177.06,3337.61
TR-043296,2025-10-01,Dry Van,1509.89,True,1510.19,1448.22,1424.62,1541.44
TR-043297,2025-10-01,Dry Van,203.0,True,201.97,225.72,193.52,198.39
TR-043298,2025-10-01,Dry Van,1013.72,True,999.41,995.77,952.06,978.44
TR-043299,2025-10-01,Flatbed,3856.36,True,3831.29,3798.7,3657.3,3815.77
TR-043300,2025-10-01,Dry Van,767.51,True,766.72,745.84,734.9,764.43
TR-043301,2025-10-01,Reefer,2447.96,True,2467.5,2466.4,2360.41,2476.91
TR-043302,2025-10-01,Reefer,280.13,True,274.3,270.98,262.0,268.69
TR-043303,2025-10-01,Reefer,13894.55,False,4511.15,4417.52,4287.84,4525.82
TR-043304,2025-10-01,Dry Van,1456.68,True,1466.48,1458.35,1395.73,1476.87
TR-043305,2025-10-01,Dry Van,2368.1,True,2375.6,2343.77,2259.35,2400.49
TR-043306,2025-10-01,Dry Van,2279.69,True,2308.16,2245.69,2191.79,2324.84
TR-043307,2025-10-01,Dry Van,4949.49,True,4923.98,4916.79,4716.88,4859.78
TR-043308,2025-10-01,Reefer,5510.91,True,5525.5,5508.82,5254.84,5499.85
TR-043309,2025-10-01,Dry Van,432.91,True,424.07,429.58,403.12,414.89
TR-043310,2025-10-02,Reefer,2142.88,True,2188.57,2127.53,2097.91,2219.45
TR-043311,2025-10-02,Reefer,1200.45,True,1179.5,1197.53,1119.75,1170.56
TR-043312,2025-10-02,Dry Van,2968.11,True,2972.24,2907.33,2845.11,2989.32
TR-043313,2025-10-02,Dry Van,3842.4,True,3881.34,3868.08,3722.31,3880.68
TR-043314,2025-10-02,Flatbed,1843.79,True,1853.11,1854.51,1773.79,1875.62
TR-043315,2025-10-02,Dry Van,3792.71,True,3848.63,3853.53,3673.62,3887.8
TR-043316,2025-10-02,Reefer,3421.97,True,3370.78,3388.54,3240.78,3399.45
TR-043317,2025-10-02,Dry Van,1467.83,True,1458.45,1429.38,1389.86,1470.57
TR-043318,2025-10-02,Dry Van,1236.69,True,1249.21,1224.64,1191.53,1263.05
TR-043319,2025-10-02,Dry Van,3405.12,True,3487.92,3432.17,3337.27,3514.79
TR-043320,2025-10-02,Dry Van,1143.93,True,1156.89,1141.31,1104.78,1191.29
TR-043321,2025-10-02,Dry Van,1378.93,True,1389.18,1375.42,1327.47,1430.62
TR-043322,2025-10-02,Dry Van,5012.79,True,5055.36,5059.22,4848.9,5023.85
TR-043323,2025-10-02,Reefer,2169.46,True,2219.64,2185.66,2116.05,2227.78
TR-043324,2025-10-02,Reefer,5024.96,True,5091.95,4956.34,4883.01,5054.6
TR-043325,2025-10-02,Reefer,2467.62,True,2447.85,2392.55,2341.35,2482.71
TR-043326,2025-10-02,Dry Van,4932.23,True,4904.51,4879.66,4692.57,4774.79
TR-043327,2025-10-02,Dry Van,2347.61,True,2401.17,2395.75,2300.19,2434.25
TR-043328,2025-10-02,Flatbed,4970.96,True,5078.59,5033.61,4868.99,5047.69
TR-043329,2025-10-02,Dry Van,2770.73,True,2777.54,2745.77,2644.75,2792.64
TR-043330,2025-10-02,Dry Van,2802.12,True,2772.86,2797.13,2647.98,2731.05
TR-043331,2025-10-02,Dry Van,2727.55,True,2684.24,2655.51,2562.96,2640.93
TR-043332,2025-10-02,Flatbed,3588.13,True,3528.68,3519.44,3387.07,3607.5
TR-043333,2025-10-02,Dry Van,2414.96,True,2463.63,2448.28,2351.06,2496.41
TR-043334,2025-10-02,Reefer,3168.66,True,3212.85,3136.45,3084.21,3234.04
TR-043335,2025-10-02,Reefer,274.24,True,276.35,251.08,263.15,275.43
TR-043336,2025-10-02,Flatbed,1429.94,True,1448.27,1437.57,1373.46,1472.47
TR-043337,2025-10-02,Dry Van,1729.78,True,1700.31,1662.79,1630.57,1686.55
TR-043338,2025-10-02,Reefer,745.43,True,748.75,752.69,717.41,761.25
TR-043339,2025-10-02,Reefer,5505.02,True,5576.62,5510.7,5320.14,5418.71
TR-043340,2025-10-02,Flatbed,1142.27,True,1183.14,1168.43,1131.1,1169.72
TR-043341,2025-10-02,Reefer,624.99,True,624.99,620.34,596.16,617.03
TR-043342,2025-10-02,Flatbed,2301.92,True,2330.55,2353.95,2229.61,2372.82
TR-043343,2025-10-02,Flatbed,1175.29,True,1200.39,1180.31,1150.2,1242.8
TR-043344,2025-10-02,Dry Van,2214.59,True,2207.28,2171.97,2103.31,2246.9
TR-043345,2025-10-02,Dry Van,2592.64,True,2510.83,2457.97,2395.06,2511.33
TR-043346,2025-10-02,Dry Van,2287.12,True,2247.11,2260.2,2149.52,2209.9
TR-043347,2025-10-02,Reefer,4754.03,True,4986.45,4944.64,4787.64,4971.39
TR-043348,2025-10-02,Dry Van,1140.26,True,1129.08,1097.38,1077.46,1152.11
TR-043349,2025-10-02,Dry Van,1672.88,True,1692.99,1672.1,1615.01,1723.3
TR-043350,2025-10-02,Flatbed,2718.68,True,2726.33,2742.87,2588.2,2747.19
TR-043351,2025-10-02,Dry Van,611.62,True,599.14,598.66,574.79,591.52
TR-043352,2025-10-02,Flatbed,3094.08,True,3082.62,3020.47,2931.92,3064.95
TR-043353,2025-10-02,Dry Van,2843.33,True,2809.4,2794.28,2673.15,2895.76
TR-043354,2025-10-02,Flatbed,2265.33,True,2256.07,2278.19,2152.24,2281.84
TR-043355,2025-10-02,Dry Van,2393.81,True,2352.71,2295.75,2238.77,2278.25
TR-043356,2025-10-02,Dry Van,1174.22,True,1150.45,1129.66,1095.53,1159.29
TR-043357,2025-10-02,Dry Van,2169.9,True,2203.66,2174.85,2090.94,2230.32
TR-043358,2025-10-02,Dry Van,2168.46,True,2162.0,2138.23,2066.73,2166.44
TR-043359,2025-10-02,Flatbed,3535.11,True,3523.46,3540.16,3362.21,3541.13
TR-043360,2025-10-02,Dry Van,2482.49,True,2506.52,2477.41,2388.91,2522.01
TR-043361,2025-10-02,Dry Van,2530.95,True,2584.38,2578.64,2459.82,2612.98
TR-043362,2025-10-02,Dry Van,1481.8,True,1446.18,1420.22,1385.2,1429.08
TR-043363,2025-10-02,Reefer,836.03,True,831.79,851.71,794.98,806.53
TR-043364,2025-10-02,Flatbed,1721.74,True,1737.91,1734.68,1651.39,1715.99
TR-043365,2025-10-02,Dry Van,2529.85,True,2548.43,2521.73,2426.02,2579.63
TR-043366,2025-10-02,Dry Van,4621.92,True,4610.63,4586.28,4393.91,4553.17
TR-043367,2025-10-02,Reefer,386.18,True,393.66,397.55,375.68,386.54
TR-043368,2025-10-02,Flatbed,3633.54,True,3613.57,3565.52,3455.15,3605.46
TR-043369,2025-10-02,Dry Van,4333.71,True,4356.18,4369.22,4159.69,4222.21
TR-043370,2025-10-02,Dry Van,2038.03,True,2076.43,2054.95,1997.84,2080.96
TR-043371,2025-10-02,Dry Van,2825.29,True,2915.24,2863.59,2787.92,2966.38
TR-043372,2025-10-02,Flatbed,974.77,True,968.82,967.16,924.99,973.8
TR-043373,2025-10-02,Reefer,1557.11,True,1561.15,1542.29,1485.55,1524.58
TR-043374,2025-10-02,Flatbed,1673.46,True,1684.54,1674.56,1623.1,1714.22
TR-043375,2025-10-02,Flatbed,378.74,True,378.46,373.96,363.12,371.68
TR-043376,2025-10-02,Dry Van,2084.23,True,2134.28,2110.0,2051.29,2104.14
TR-043377,2025-10-02,Reefer,901.41,True,905.29,910.07,862.88,908.01
TR-043378,2025-10-02,Flatbed,3087.75,True,3084.53,3022.93,2946.81,3105.69
TR-043379,2025-10-02,Dry Van,1262.04,True,1247.19,1225.36,1188.0,1273.41
TR-043380,2025-10-02,Reefer,1740.07,True,1751.22,1734.53,1671.33,1795.45
TR-043381,2025-10-02,Dry Van,4425.69,True,4440.78,4384.79,4244.25,4509.13
TR-043382,2025-10-02,Dry Van,1948.49,True,1939.1,1917.73,1851.79,1952.48
TR-043383,2025-10-02,Dry Van,1985.82,True,1991.84,1972.49,1908.61,2000.09
TR-043384,2025-10-02,Dry Van,3312.03,True,3370.09,3256.76,3213.86,3271.15
TR-043385,2025-10-02,Dry Van,11696.44,False,2377.08,2313.99,2267.06,2384.53
TR-043386,2025-10-02,Dry Van,487.55,True,489.52,491.2,467.79,475.48
TR-043387,2025-10-02,Dry Van,321.82,True,322.79,312.16,310.45,311.68
TR-043388,2025-10-02,Reefer,779.12,True,794.12,775.21,761.26,800.27
TR-043389,2025-10-02,Dry Van,946.74,True,941.4,918.51,900.59,935.93
TR-043390,2025-10-02,Reefer,825.3,True,828.59,862.35,789.92,816.33
TR-043391,2025-10-02,Flatbed,4936.62,True,4906.13,4915.19,4695.89,4958.78
TR-043392,2025-10-02,Dry Van,2706.68,True,2711.46,2685.5,2585.03,2687.21
TR-043393,2025-10-02,Flatbed,1096.8,True,1111.81,1116.49,1059.27,1123.5
TR-043394,2025-10-02,Dry Van,4472.5,True,4399.56,4350.44,4190.47,4214.19
TR-043395,2025-10-02,Dry Van,4946.27,True,5090.06,5198.27,4862.01,4977.48
TR-043396,2025-10-02,Dry Van,667.99,True,671.63,655.83,645.52,661.3
TR-043397,2025-10-02,Dry Van,1024.78,True,1027.09,1018.47,979.5,1033.88
TR-043398,2025-10-02,Flatbed,4743.82,True,4633.91,4610.12,4438.47,4612.24
TR-043399,2025-10-02,Dry Van,2930.65,True,2868.48,2859.04,2737.68,2908.03
TR-043400,2025-10-02,Dry Van,4983.92,True,4974.88,4914.26,4755.08,4881.46
TR-043401,2025-10-02,Dry Van,1229.98,True,1252.72,1243.02,1197.2,1259.4
TR-043402,2025-10-02,Flatbed,890.15,True,899.55,878.11,858.11,907.42
TR-043403,2025-10-02,Dry Van,2371.63,True,2382.61,2301.88,2271.01,2381.27
TR-043404,2025-10-02,Dry Van,1904.66,True,1888.44,1863.72,1800.13,1943.73
TR-043405,2025-10-02,Dry Van,1706.76,True,1671.9,1651.9,1590.7,1685.65
TR-043406,2025-10-02,Dry Van,3242.19,True,3205.88,3180.12,3061.38,3149.53
TR-043407,2025-10-02,Reefer,5196.65,True,5208.1,5076.78,4996.67,5128.59
TR-043408,2025-10-02,Dry Van,2278.96,True,2292.84,2218.47,2196.56,2256.06
TR-043409,2025-10-02,Dry Van,1485.65,True,1498.82,1504.29,1434.67,1529.82
TR-043410,2025-10-02,Dry Van,1545.59,True,1530.16,1506.19,1454.59,1555.86
TR-043411,2025-10-02,Flatbed,4135.86,True,4291.19,4323.54,4088.7,4349.81
TR-043412,2025-10-02,Flatbed,1399.65,True,1365.06,1362.49,1305.19,1363.69
TR-043413,2025-10-02,Dry Van,3762.94,True,3850.33,3873.22,3689.96,3845.89
TR-043414,2025-10-02,Reefer,3797.45,True,3927.65,3893.66,3762.54,3978.64
TR-043415,2025-10-02,Reefer,1869.49,True,1893.83,1888.08,1808.39,1953.05
TR-043416,2025-10-02,Flatbed,3241.54,True,3286.08,3206.31,3145.88,3276.83
TR-043417,2025-10-02,Dry Van,912.12,True,916.8,930.77,872.96,893.03
TR-043418,2025-10-02,Reefer,2326.48,True,2287.18,2290.19,2205.21,2280.65
TR-043419,2025-10-02,Flatbed,1397.82,True,1394.91,1367.42,1329.25,1428.14
TR-043420,2025-10-02,Dry Van,3790.2,True,3843.7,3756.48,3666.33,3770.95
TR-043421,2025-10-02,Dry Van,1211.06,True,1230.81,1193.4,1175.79,1292.64
TR-043422,2025-10-02,Dry Van,1251.72,True,1229.91,1222.94,1180.91,1262.54
TR-043423,2025-10-02,Dry Van,4337.3,True,4318.25,4272.42,4133.34,4337.31
TR-043424,2025-10-02,Reefer,1470.73,True,1466.69,1458.74,1396.66,1500.1
TR-043425,2025-10-02,Reefer,1414.03,True,1388.38,1396.96,1318.29,1421.82
TR-043426,2025-10-02,Dry Van,1606.91,True,1557.66,1532.85,1483.38,1603.07
TR-043427,2025-10-02,Reefer,2215.28,True,2229.97,2158.18,2135.95,2181.97
TR-043428,2025-10-02,Dry Van,1135.72,True,1141.02,1111.89,1088.2,1157.25
TR-043429,2025-10-02,Flatbed,2038.06,True,1972.69,1959.27,1891.43,1984.23
TR-043430,2025-10-02,Reefer,3407.25,True,3427.49,3456.01,3261.87,3520.19
TR-043431,2025-10-02,Reefer,5158.13,True,5219.03,5178.28,4995.23,5331.84
TR-043432,2025-10-02,Dry Van,1608.58,True,1626.26,1642.47,1550.98,1667.33
TR-043433,2025-10-02,Dry Van,3888.18,True,3926.59,3905.25,3749.56,3993.74
TR-043434,2025-10-02,Flatbed,614.52,True,609.24,623.45,584.67,610.55
TR-043435,2025-10-02,Dry Van,574.1,False,1457.29,1451.46,1393.34,1468.96
TR-043436,2025-10-02,Dry Van,1888.11,True,1899.63,1828.74,1822.91,1876.52
TR-043437,2025-10-02,Reefer,1595.86,True,1621.49,1589.87,1547.77,1671.69
TR-043438,2025-10-02,Dry Van,2339.89,True,2330.95,2281.12,2227.99,2341.78
TR-043439,2025-10-02,Reefer,4530.09,True,4611.72,4508.87,4401.21,4443.08
TR-043440,2025-10-02,Dry Van,822.57,True,814.45,807.68,774.58,806.9
TR-043441,2025-10-02,Flatbed,4517.4,True,4414.45,4456.55,4219.36,4489.99
TR-043442,2025-10-02,Flatbed,1992.02,True,1989.05,1953.5,1902.3,2037.95
TR-043443,2025-10-02,Dry Van,1401.38,True,1416.25,1388.79,1353.51,1449.98
TR-043444,2025-10-02,Dry Van,2099.72,True,2089.21,2053.73,1992.09,2096.67
TR-043445,2025-10-02,Dry Van,1326.06,True,1346.32,1336.58,1287.24,1372.17
TR-043446,2025-10-02,Dry Van,5179.39,True,5244.29,5281.11,4996.08,5229.88
TR-043447,2025-10-02,Dry Van,2440.48,True,2504.61,2475.09,2395.46,2519.21
TR-043448,2025-10-02,Flatbed,5393.16,True,5473.38,5321.03,5239.4,5276.25
TR-043449,2025-10-02,Dry Van,2941.66,True,2896.52,2860.64,2771.24,2913.16
TR-043450,2025-10-02,Dry Van,907.34,True,905.06,885.68,862.75,912.55
TR-043451,2025-10-02,Dry Van,1115.99,True,1120.33,1112.88,1075.73,1117.86
TR-043452,2025-10-02,Reefer,2066.62,True,2070.53,2018.62,1979.06,2054.9
TR-043453,2025-10-02,Reefer,1850.9,True,1945.6,1898.27,1858.28,1945.54
TR-043454,2025-10-02,Dry Van,544.03,True,531.25,532.31,507.58,517.48
TR-043455,2025-10-02,Reefer,3455.38,True,3501.92,3514.49,3347.52,3531.7
TR-043456,2025-10-02,Reefer,3247.42,True,3269.8,3213.71,3124.06,3314.12
TR-043457,2025-10-02,Reefer,2055.14,True,2038.17,2010.66,1948.2,2034.5
TR-043458,2025-10-02,Dry Van,561.81,True,561.44,559.7,538.07,549.16
TR-043459,2025-10-02,Reefer,1530.92,True,1549.38,1537.77,1481.0,1570.27
TR-043460,2025-10-02,Reefer,3338.08,True,3331.95,3308.96,3170.13,3326.91
TR-043461,2025-10-02,Reefer,3912.89,True,3976.67,3913.51,3794.0,3888.78
TR-043462,2025-10-02,Dry Van,5059.84,True,5097.26,5014.5,4895.99,5000.07
TR-043463,2025-10-02,Dry Van,3626.2,True,3666.45,3649.14,3511.23,3719.34
TR-043464,2025-10-03,Flatbed,2208.66,True,2177.26,2154.78,2103.27,2218.09
TR-043465,2025-10-03,Reefer,1870.73,True,1888.24,1879.24,1837.41,1927.06
TR-043466,2025-10-03,Flatbed,884.41,True,877.44,853.01,842.7,867.63
TR-043467,2025-10-03,Flatbed,2283.48,True,2140.01,2132.16,2073.36,2161.62
TR-043468,2025-10-03,Flatbed,1149.7,True,1164.51,1139.6,1131.21,1167.09
TR-043469,2025-10-03,Dry Van,2383.72,True,2393.97,2387.63,2316.32,2389.86
TR-043470,2025-10-03,Dry Van,4527.45,True,4482.07,4521.54,4328.55,4390.55
TR-043471,2025-10-03,Flatbed,1279.64,True,1243.01,1247.72,1199.19,1303.12
TR-043472,2025-10-03,Dry Van,1207.78,True,1226.18,1210.27,1184.98,1261.09
TR-043473,2025-10-03,Dry Van,4573.2,True,4543.33,4504.06,4403.49,4471.46
TR-043474,2025-10-03,Reefer,3926.18,True,3946.34,3942.37,3830.87,3909.21
TR-043475,2025-10-03,Reefer,2107.89,True,2070.3,1997.62,2010.11,2086.56
TR-043476,2025-10-03,Dry Van,2069.38,True,2061.76,2045.98,1998.56,2074.54
TR-043477,2025-10-03,Flatbed,3639.69,True,3576.11,3516.77,3444.97,3621.6
TR-043478,2025-10-03,Flatbed,4325.53,True,4216.68,4170.88,4085.09,4220.98
TR-043479,2025-10-03,Dry Van,541.62,True,539.12,522.87,521.0,535.06
TR-043480,2025-10-03,Dry Van,864.05,True,856.51,831.89,823.14,845.16
TR-043481,2025-10-03,Dry Van,789.67,True,789.51,794.53,768.32,777.11
TR-043482,2025-10-03,Dry Van,3694.25,True,3623.96,3563.24,3500.24,3648.37
TR-043483,2025-10-03,Dry Van,3102.58,True,3104.1,3111.73,2999.11,3155.53
TR-043484,2025-10-03,Reefer,2760.6,True,2798.62,2817.33,2699.09,2817.16
TR-043485,2025-10-03,Reefer,1347.45,True,1344.13,1332.44,1304.36,1398.1
TR-043486,2025-10-03,Dry Van,1703.91,True,1718.85,1691.4,1656.13,1744.8
TR-043487,2025-10-03,Dry Van,1365.42,True,1358.12,1337.95,1311.91,1376.56
TR-043488,2025-10-03,Dry Van,2648.98,True,2588.23,2549.29,2497.19,2630.68
TR-043489,2025-10-03,Flatbed,2110.12,True,2080.15,2076.57,2009.23,2116.42
TR-043490,2025-10-03,Reefer,1536.64,True,1561.74,1516.55,1506.7,1549.15
TR-043491,2025-10-03,Dry Van,1116.63,True,1121.89,1098.53,1084.95,1140.53
TR-043492,2025-10-03,Dry Van,3806.59,True,3620.18,3549.74,3520.94,3702.16
TR-043493,2025-10-03,Dry Van,2122.53,True,2096.53,2042.13,2025.1,2089.34
TR-043494,2025-10-03,Dry Van,1531.3,True,1503.56,1503.21,1449.04,1535.5
TR-043495,2025-10-03,Dry Van,2744.43,True,2751.8,2685.27,2653.88,2687.46
TR-043496,2025-10-03,Dry Van,4490.45,True,4477.43,4487.12,4337.92,4514.55
TR-043497,2025-10-03,Flatbed,1104.16,True,1118.19,1114.73,1079.0,1146.44
TR-043498,2025-10-03,Flatbed,1433.36,True,1475.11,1461.64,1437.06,1489.43
TR-043499,2025-10-03,Dry Van,1645.35,True,1654.64,1619.11,1602.81,1686.85
TR-043500,2025-10-03,Reefer,2662.01,True,2654.36,2664.31,2592.32,2689.06
TR-043501,2025-10-03,Flatbed,2864.16,True,2872.42,2892.17,2771.93,2913.6
TR-043502,2025-10-03,Dry Van,815.37,True,801.79,796.63,775.35,800.37
TR-043503,2025-10-03,Flatbed,3618.39,True,3521.64,3412.23,3388.38,3439.4
TR-043504,2025-10-03,Dry Van,1740.91,True,1776.69,1755.66,1726.72,1784.9
TR-043505,2025-10-03,Reefer,1969.27,True,1925.91,1867.52,1863.36,1937.06
TR-043506,2025-10-03,Dry Van,2147.08,True,2135.9,2125.74,2064.86,2132.58
TR-043507,2025-10-03,Flatbed,3819.43,True,3677.39,3680.5,3540.89,3689.45
TR-043508,2025-10-03,Reefer,4201.07,True,4167.39,4100.91,4053.58,4207.76
TR-043509,2025-10-03,Reefer,3590.52,True,3554.21,3541.11,3429.67,3566.11
TR-043510,2025-10-03,Dry Van,2398.53,True,2319.31,2276.13,2235.78,2335.2
TR-043511,2025-10-03,Reefer,1711.77,True,1694.46,1686.96,1645.16,1762.48
TR-043512,2025-10-03,Dry Van,774.59,True,758.97,754.56,732.64,761.2
TR-043513,2025-10-03,Reefer,5521.8,True,5428.11,5464.14,5222.49,5349.86
TR-043514,2025-10-03,Reefer,3646.15,True,3647.02,3624.43,3541.96,3707.36
TR-043515,2025-10-03,Reefer,2132.15,True,2101.65,2077.81,2028.76,2086.93
TR-043516,2025-10-03,Flatbed,4849.98,True,4746.97,4670.87,4571.65,4629.26
TR-043517,2025-10-03,Dry Van,620.43,True,614.75,610.27,594.42,589.63
TR-043518,2025-10-03,Reefer,1011.24,True,983.42,1021.9,949.58,977.16
TR-043519,2025-10-03,Dry Van,1629.83,True,1596.28,1575.33,1545.48,1601.17
TR-043520,2025-10-03,Dry Van,4652.93,True,4622.56,4540.13,4442.54,4597.38
TR-043521,2025-10-03,Dry Van,1385.93,True,1362.04,1360.49,1311.57,1363.56
TR-043522,2025-10-03,Dry Van,2201.44,True,2147.99,2116.83,2059.96,2163.19
TR-043523,2025-10-03,Flatbed,4040.38,True,4008.75,3952.27,3878.82,4076.02
TR-043524,2025-10-03,Dry Van,1176.24,True,1163.66,1162.79,1114.95,1161.3
TR-043525,2025-10-03,Dry Van,323.69,True,320.01,319.66,309.09,321.96
TR-043526,2025-10-03,Dry Van,5465.63,True,5479.43,5519.06,5300.69,5398.08
TR-043527,2025-10-03,Dry Van,3633.88,True,3567.53,3501.21,3437.18,3531.25
TR-043528,2025-10-03,Dry Van,4131.55,True,4137.64,4117.26,3961.96,4134.89
TR-043529,2025-10-03,Dry Van,1913.02,True,1882.47,1819.51,1825.87,1880.41
TR-043530,2025-10-03,Dry Van,4305.39,True,4327.5,4248.26,4198.79,4323.89
TR-043531,2025-10-03,Dry Van,2020.28,True,2030.06,2035.64,1981.1,2087.8
TR-043532,2025-10-03,Dry Van,920.36,True,889.44,907.24,858.44,872.95
TR-043533,2025-10-03,Reefer,4962.26,True,4915.74,4824.75,4770.81,4946.41
TR-043534,2025-10-03,Dry Van,4484.17,True,4368.41,4330.14,4238.89,4367.32
TR-043535,2025-10-03,Dry Van,2279.97,True,2219.4,2219.94,2148.64,2268.22
TR-043536,2025-10-03,Dry Van,2676.0,True,2631.96,2567.73,2550.4,2657.67
TR-043537,2025-10-03,Flatbed,3216.36,True,3150.45,3118.84,3035.78,3131.41
TR-043538,2025-10-03,Dry Van,2925.73,True,2899.17,2886.27,2803.73,2781.84
TR-043539,2025-10-03,Reefer,5231.69,True,4940.51,4868.59,4768.48,4890.52
TR-043540,2025-10-03,Dry Van,17514.11,False,3664.4,3578.25,3562.68,3644.28
TR-043541,2025-10-03,Dry Van,2131.74,True,2146.42,2092.85,2086.76,2172.93
TR-043542,2025-10-03,Dry Van,1419.12,True,1402.26,1382.51,1359.17,1447.76
TR-043543,2025-10-03,Dry Van,1590.91,True,1598.1,1563.6,1542.21,1609.47
TR-043544,2025-10-03,Reefer,2135.05,True,2150.29,2108.43,2075.53,2163.7
TR-043545,2025-10-03,Dry Van,3795.8,True,3792.66,3728.27,3680.19,3813.7
TR-043546,2025-10-03,Dry Van,841.39,True,832.22,835.23,809.43,813.02
TR-043547,2025-10-03,Dry Van,1881.14,True,1905.16,1840.4,1849.34,1890.45
TR-043548,2025-10-03,Dry Van,2584.5,True,2530.97,2480.91,2447.34,2485.49
TR-043549,2025-10-03,Dry Van,3867.37,True,3816.5,3792.54,3656.56,3949.04
TR-043550,2025-10-03,Flatbed,1992.33,True,1986.98,1927.72,1917.85,1978.96
TR-043551,2025-10-03,Dry Van,2854.85,True,2845.62,2819.42,2735.0,2800.55
TR-043552,2025-10-03,Dry Van,634.0,True,622.92,620.29,602.71,619.78
TR-043553,2025-10-03,Reefer,4305.52,True,4265.76,4127.89,4115.49,4241.14
TR-043554,2025-10-03,Flatbed,896.64,True,894.41,891.53,864.57,895.23
TR-043555,2025-10-03,Dry Van,750.47,True,751.41,735.21,723.93,758.79
TR-043556,2025-10-03,Dry Van,2426.3,True,2382.53,2364.31,2316.38,2371.23
TR-043557,2025-10-03,Dry Van,3888.25,True,3856.39,3809.64,3714.07,3932.74
TR-043558,2025-10-03,Dry Van,2007.17,True,1930.15,1876.12,1856.1,1970.06
TR-043559,2025-10-03,Dry Van,3858.38,True,3786.59,3720.68,3637.25,3795.93
TR-043560,2025-10-03,Dry Van,620.2,True,576.42,578.12,558.89,576.88
TR-043561,2025-10-03,Dry Van,5909.05,True,5860.05,5646.46,5672.31,5716.4
TR-043562,2025-10-03,Dry Van,4774.43,True,4770.62,4776.86,4636.52,4813.04
TR-043563,2025-10-03,Reefer,1693.26,True,1642.22,1643.76,1588.37,1670.62
TR-043564,2025-10-03,Dry Van,2056.32,True,2056.87,2043.11,1984.03,2094.28
TR-043565,2025-10-03,Dry Van,602.77,True,579.3,574.2,560.06,586.04
TR-043566,2025-10-03,Dry Van,649.32,True,656.3,653.51,637.9,663.74
TR-043567,2025-10-03,Flatbed,4603.49,True,4469.8,4486.22,4300.82,4476.63
TR-043568,2025-10-03,Dry Van,2092.92,True,2111.73,2100.04,2041.25,2111.28
TR-043569,2025-10-03,Reefer,1619.31,True,1570.79,1566.75,1521.97,1581.94
TR-043570,2025-10-03,Reefer,1988.15,True,1939.15,1917.19,1859.21,1943.93
TR-043571,2025-10-03,Dry Van,1403.26,True,1413.17,1385.54,1365.81,1424.21
TR-043572,2025-10-03,Dry Van,1748.97,True,1724.63,1732.37,1660.65,1779.96
TR-043573,2025-10-03,Flatbed,1277.48,True,1267.97,1275.33,1225.18,1291.36
TR-043574,2025-10-03,Dry Van,678.25,True,663.27,664.33,642.01,665.87
TR-043575,2025-10-03,Dry Van,1704.81,True,1721.69,1700.68,1662.12,1759.81
TR-043576,2025-10-03,Flatbed,1501.24,True,1487.19,1478.91,1438.26,1514.82
TR-043577,2025-10-03,Flatbed,3245.38,True,3192.66,3164.74,3075.82,3228.86
TR-043578,2025-10-03,Flatbed,3858.97,True,3841.56,3731.96,3735.31,3822.52
TR-043579,2025-10-03,Dry Van,3163.93,True,3193.93,3162.79,3066.36,3112.82
TR-043580,2025-10-03,Reefer,4077.19,True,3994.42,3958.66,3851.38,4113.91
TR-043581,2025-10-03,Reefer,2037.82,True,2026.96,1986.29,1959.45,2061.97
TR-043582,2025-10-03,Reefer,3653.22,True,3633.53,3526.18,3509.34,3642.88
TR-043583,2025-10-03,Reefer,4179.42,True,4245.45,4194.98,4112.84,4309.12
TR-043584,2025-10-03,Dry Van,4155.33,True,4086.74,4028.3,3959.36,4124.7
TR-043585,2025-10-03,Reefer,1141.76,True,1148.47,1132.4,1116.77,1182.58
TR-043586,2025-10-03,Dry Van,729.41,True,733.06,715.83,708.15,737.08
TR-043587,2025-10-03,Dry Van,2059.41,True,2060.58,2040.65,1987.88,2101.45
TR-043588,2025-10-03,Dry Van,1550.98,True,1545.37,1534.54,1496.77,1577.72
TR-043589,2025-10-03,Reefer,846.72,True,829.21,841.96,800.77,821.64
TR-043590,2025-10-03,Dry Van,4391.59,True,4375.57,4299.05,4245.96,4412.97
TR-043591,2025-10-03,Reefer,6011.56,True,6021.74,5899.88,5855.78,5946.45
TR-043592,2025-10-03,Dry Van,360.5,True,350.64,341.63,337.45,342.75
TR-043593,2025-10-03,Dry Van,3719.42,True,3682.61,3635.29,3545.9,3728.84
TR-043594,2025-10-03,Dry Van,1138.44,True,1116.26,1079.71,1085.11,1134.05
TR-043595,2025-10-03,Dry Van,1815.62,True,1818.35,1775.68,1757.4,1831.45
TR-043596,2025-10-03,Dry Van,3392.57,True,3439.23,3367.03,3328.67,3471.02
TR-043597,2025-10-03,Flatbed,2040.58,True,1970.9,1909.73,1897.36,1984.79
TR-043598,2025-10-03,Dry Van,2373.1,True,2395.94,2368.75,2319.54,2410.47
TR-043599,2025-10-03,Dry Van,3871.02,True,3860.98,3854.51,3748.52,3934.3
TR-043600,2025-10-03,Reefer,1782.45,True,1793.03,1758.98,1737.82,1812.43
TR-043601,2025-10-03,Dry Van,4020.29,True,3888.41,3798.54,3741.03,3866.58
TR-043602,2025-10-03,Flatbed,1312.03,True,1315.31,1303.06,1272.09,1357.5
TR-043603,2025-10-03,Dry Van,2342.27,True,2350.49,2318.23,2281.04,2339.76
TR-043604,2025-10-03,Dry Van,3220.84,True,3163.2,3126.6,3052.72,3160.79
TR-043605,2025-10-03,Flatbed,2734.86,True,2665.25,2699.37,2575.69,2704.54
TR-043606,2025-10-03,Dry Van,4300.69,True,4283.95,4295.67,4114.83,4270.0
TR-043607,2025-10-03,Reefer,4309.19,True,4265.29,4241.05,4125.66,4336.15
TR-043608,2025-10-03,Reefer,2768.84,True,2732.63,2719.62,2646.04,2761.1
TR-043609,2025-10-03,Dry Van,5421.97,True,5274.2,5308.22,5158.06,5006.4
TR-043610,2025-10-03,Dry Van,4008.9,True,3982.25,3887.1,3874.38,4052.09
TR-043611,2025-10-03,Dry Van,1170.72,True,1159.97,1163.54,1122.31,1179.6
TR-043612,2025-10-03,Flatbed,5165.38,True,5233.43,5192.68,5071.05,5221.25
TR-043613,2025-10-03,Reefer,903.02,True,891.83,924.57,859.35,901.45
TR-043614,2025-10-03,Dry Van,1652.81,True,1652.2,1609.97,1600.25,1661.62
TR-043615,2025-10-03,Dry Van,953.94,True,949.23,929.51,913.39,993.28
TR-043616,2025-10-03,Flatbed,1842.01,True,1842.36,1802.27,1779.16,1872.11
TR-043617,2025-10-03,Dry Van,1055.81,True,1067.45,1043.29,1029.54,1042.14
TR-043618,2025-10-03,Dry Van,2471.27,True,2409.53,2364.69,2344.15,2404.0
TR-043619,2025-10-03,Reefer,2713.34,True,2587.88,2596.72,2496.51,2566.14
TR-043620,2025-10-03,Dry Van,1681.52,True,1642.42,1607.57,1592.5,1645.75
TR-043621,2025-10-03,Dry Van,3102.36,True,3123.75,3003.73,3012.52,3100.24
TR-043622,2025-10-03,Dry Van,1954.35,True,1922.94,1892.81,1856.39,1997.92
TR-043623,2025-10-03,Dry Van,2099.59,True,2019.53,1999.79,1932.81,2000.66
TR-043624,2025-10-03,Reefer,6260.64,True,6097.2,5824.5,5929.81,5954.79
TR-043625,2025-10-03,Dry Van,2574.34,True,2587.56,2557.79,2504.73,2642.56
TR-043626,2025-10-03,Dry Van,2164.69,True,2150.81,2130.85,2061.16,2179.93
TR-043627,2025-10-03,Flatbed,920.52,True,913.33,917.69,889.07,913.28
TR-043628,2025-10-03,Reefer,1923.65,True,1878.28,1844.89,1807.14,1927.98
TR-043629,2025-10-03,Flatbed,1990.73,True,1998.82,1973.1,1938.09,2001.79
TR-043630,2025-10-03,Flatbed,1664.69,True,1605.11,1588.8,1556.23,1643.0
TR-043631,2025-10-03,Dry Van,1137.99,True,1127.96,1105.29,1088.57,1130.84
TR-043632,2025-10-03,Flatbed,1504.21,True,1508.56,1495.84,1459.58,1528.37
TR-043633,2025-10-03,Dry Van,1469.29,True,1480.34,1456.66,1434.41,1504.32
TR-043634,2025-10-03,Dry Van,1151.86,True,1153.84,1161.55,1118.41,1151.38
TR-043635,2025-10-03,Dry Van,1411.05,True,1409.06,1398.75,1353.71,1405.53
TR-043636,2025-10-03,Dry Van,2798.24,True,2777.19,2780.2,2686.14,2783.28
TR-043637,2025-10-03,Dry Van,4336.33,True,4266.39,4208.65,4115.55,4230.87
TR-043638,2025-10-03,Dry Van,4743.68,True,4782.24,4702.94,4604.74,4630.96
TR-043639,2025-10-03,Dry Van,3959.56,True,3917.92,3828.6,3831.01,3941.47
TR-043640,2025-10-03,Reefer,1369.01,True,1341.7,1355.86,1300.24,1331.99
TR-043641,2025-10-04,Dry Van,3116.04,True,3029.75,3011.39,2930.98,3089.26
TR-043642,2025-10-04,Reefer,4712.14,True,4618.0,4530.64,4452.19,4469.75
TR-043643,2025-10-04,Dry Van,8236.26,False,1873.02,1851.4,1815.47,1861.25
TR-043644,2025-10-04,Flatbed,2107.24,True,2086.67,2103.74,2004.38,2091.55
TR-043645,2025-10-04,Reefer,1636.11,True,1643.16,1624.26,1585.92,1669.69
TR-043646,2025-10-04,Reefer,4496.97,True,4435.47,4354.22,4274.89,4419.97
TR-043647,2025-10-04,Dry Van,1760.84,True,1739.37,1714.05,1687.97,1747.3
TR-043648,2025-10-04,Dry Van,714.11,True,721.84,706.16,700.42,708.12
TR-043649,2025-10-04,Reefer,3624.75,True,3701.24,3635.73,3575.31,3751.86
TR-043650,2025-10-04,Reefer,4847.61,True,4734.03,4727.88,4563.51,4803.26
TR-043651,2025-10-04,Dry Van,820.92,True,804.67,799.87,775.84,805.37
TR-043652,2025-10-04,Flatbed,993.82,True,996.77,979.86,963.75,968.91
TR-043653,2025-10-04,Dry Van,3708.06,True,3720.84,3700.88,3587.33,3680.8
TR-043654,2025-10-04,Dry Van,2419.17,True,2377.25,2314.73,2293.71,2316.24
TR-043655,2025-10-04,Flatbed,4046.09,True,3992.2,3988.09,3862.65,4098.94
TR-043656,2025-10-04,Dry Van,4938.57,True,4990.6,4999.97,4808.2,4906.58
TR-043657,2025-10-04,Flatbed,4076.29,True,4028.71,4057.7,3913.8,4106.86
TR-043658,2025-10-04,Reefer,2792.04,True,2803.9,2693.83,2703.48,2790.7
TR-043659,2025-10-04,Dry Van,4024.07,True,4000.98,3897.5,3845.07,3991.52
TR-043660,2025-10-04,Dry Van,3412.66,True,3296.64,3225.25,3186.54,3239.63
TR-043661,2025-10-04,Dry Van,1506.16,True,1465.44,1457.25,1416.19,1470.24
TR-043662,2025-10-04,Dry Van,2798.93,True,2733.25,2729.74,2643.01,2711.45
TR-043663,2025-10-04,Flatbed,4036.53,True,3944.38,3990.87,3833.41,4022.46
TR-043664,2025-10-04,Dry Van,1861.61,True,1845.63,1831.55,1785.4,1824.7
TR-043665,2025-10-04,Dry Van,1419.09,True,1380.66,1361.13,1330.76,1390.52
TR-043666,2025-10-04,Flatbed,1329.77,True,1292.26,1263.6,1251.11,1325.45
TR-043667,2025-10-04,Dry Van,1776.12,True,1733.46,1700.15,1680.44,1753.93
TR-043668,2025-10-04,Flatbed,1577.96,True,1587.15,1581.98,1534.4,1618.78
TR-043669,2025-10-04,Reefer,4340.8,True,4285.91,4243.86,4109.8,4374.32
TR-043670,2025-10-04,Reefer,3787.11,True,3655.84,3613.69,3527.99,3657.89
TR-043671,2025-10-04,Dry Van,3276.76,True,3246.07,3207.91,3133.47,3239.12
TR-043672,2025-10-04,Dry Van,3482.73,True,3468.12,3425.99,3340.91,3467.71
TR-043673,2025-10-04,Flatbed,2257.75,True,2208.26,2211.33,2132.65,2225.17
TR-043674,2025-10-04,Flatbed,1274.95,False,4284.59,4190.1,4110.99,4274.83
TR-043675,2025-10-04,Flatbed,2050.65,True,2010.01,1987.83,1946.9,2044.76
TR-043676,2025-10-04,Dry Van,328.91,True,326.3,315.99,316.55,313.44
TR-043677,2025-10-04,Flatbed,5235.99,True,5040.63,5009.9,4862.26,5070.47
TR-043678,2025-10-04,Dry Van,1666.27,True,1668.41,1676.77,1614.66,1717.08
TR-043679,2025-10-04,Dry Van,620.95,True,637.22,631.53,613.97,628.94
TR-043680,2025-10-04,Reefer,2192.5,True,2169.9,2109.18,2098.57,2191.53
TR-043681,2025-10-04,Reefer,1227.83,True,1180.42,1163.62,1141.96,1145.83
TR-043682,2025-10-04,Flatbed,1880.52,True,1883.74,1846.39,1818.68,1889.94
TR-043683,2025-10-04,Dry Van,3260.47,True,3197.0,3157.62,3082.49,3204.76
TR-043684,2025-10-04,Dry Van,1327.19,True,1320.92,1303.78,1272.01,1354.46
TR-043685,2025-10-04,Reefer,3302.07,True,3231.45,3227.77,3113.63,3206.59
TR-043686,2025-10-04,Reefer,823.97,True,807.69,840.64,780.97,790.06
TR-043687,2025-10-04,Dry Van,3109.53,True,3019.4,3003.12,2905.11,2978.74
TR-043688,2025-10-04,Flatbed,459.09,True,454.87,466.13,441.26,436.6
TR-043689,2025-10-04,Dry Van,2945.56,True,2893.21,2818.52,2791.31,2846.55
TR-043690,2025-10-04,Flatbed,1314.59,True,1300.34,1323.6,1243.79,1291.36
TR-043691,2025-10-04,Flatbed,548.16,False,1492.59,1468.25,1437.32,1523.83
TR-043692,2025-10-04,Flatbed,367.01,True,362.25,380.79,350.6,347.0
TR-043693,2025-10-04,Reefer,2476.11,True,2522.96,2557.4,2454.96,2560.69
TR-043694,2025-10-04,Dry Van,1283.4,True,1297.91,1287.2,1259.01,1321.4
TR-043695,2025-10-04,Flatbed,4203.77,True,4143.18,4090.7,3991.49,4053.46
TR-043696,2025-10-04,Dry Van,1475.54,True,1466.36,1424.29,1414.27,1490.21
TR-043697,2025-10-04,Reefer,1033.03,True,1003.19,982.44,965.36,1006.8
TR-043698,2025-10-04,Dry Van,1697.51,True,1659.78,1632.59,1612.55,1634.7
TR-043699,2025-10-04,Dry Van,1321.52,True,1293.08,1287.44,1255.6,1306.71
TR-043700,2025-10-04,Reefer,1474.42,True,1475.35,1472.77,1428.01,1499.55
TR-043701,2025-10-04,Dry Van,1832.33,True,1809.03,1796.65,1746.63,1805.18
TR-043702,2025-10-04,Reefer,1604.25,True,1576.87,1563.81,1525.21,1586.95
TR-043703,2025-10-04,Dry Van,1206.42,True,1172.3,1165.24,1126.02,1159.84
TR-043704,2025-10-04,Flatbed,236.92,True,234.72,244.49,225.42,223.52
TR-043705,2025-10-04,Reefer,785.33,False,4232.67,4125.78,4095.37,4148.78
TR-043706,2025-10-04,Dry Van,1021.77,True,1013.81,982.85,977.2,1023.8
TR-043707,2025-10-04,Dry Van,2768.1,True,2711.17,2664.53,2631.17,2748.61
TR-043708,2025-10-04,Flatbed,1208.93,True,1189.2,1177.15,1146.42,1172.24
TR-043709,2025-10-04,Flatbed,5280.63,True,5139.72,5030.46,4973.88,5110.26
TR-043710,2025-10-04,Dry Van,2130.66,True,2136.86,2103.77,2065.39,2130.07
TR-043711,2025-10-04,Dry Van,1231.13,True,1229.51,1203.39,1189.95,1248.66
TR-043712,2025-10-04,Reefer,3788.94,True,3740.57,3680.62,3607.8,3788.99
TR-043713,2025-10-04,Flatbed,1530.87,True,1517.67,1529.25,1461.88,1533.6
TR-043714,2025-10-04,Flatbed,2663.29,True,2625.39,2637.2,2537.18,2602.33
TR-043715,2025-10-04,Dry Van,2579.7,True,2562.22,2504.61,2471.8,2609.26
TR-043716,2025-10-04,Reefer,1324.87,True,1300.15,1298.38,1257.16,1327.2
TR-043717,2025-10-04,Reefer,3270.72,True,3278.19,3265.45,3172.7,3350.42
TR-043718,2025-10-04,Reefer,6619.87,True,6492.78,6448.75,6291.54,6410.57
TR-043719,2025-10-04,Dry Van,659.64,True,639.36,640.97,616.58,632.14
TR-043720,2025-10-04,Reefer,5192.29,True,5084.87,5027.78,4894.25,5117.14
TR-043721,2025-10-04,Reefer,2769.33,True,2775.08,2776.3,2677.21,2777.58
TR-043722,2025-10-04,Dry Van,2299.67,True,2251.05,2266.95,2168.36,2260.68
TR-043723,2025-10-04,Dry Van,628.7,True,632.2,617.01,613.48,639.58
TR-043724,2025-10-04,Dry Van,1229.26,True,1213.21,1218.49,1173.75,1217.58
TR-043725,2025-10-04,Reefer,5479.97,True,5369.34,5196.1,5182.13,5261.38
TR-043726,2025-10-04,Dry Van,3853.49,True,3776.01,3813.59,3646.84,3806.94
TR-043727,2025-10-04,Dry Van,8592.93,False,3667.92,3658.4,3550.91,3729.08
TR-043728,2025-10-04,Flatbed,1252.52,True,1209.59,1217.06,1171.2,1229.87
TR-043729,2025-10-04,Flatbed,878.24,True,851.4,860.55,820.82,809.39
TR-043730,2025-10-04,Dry Van,1000.57,True,970.01,977.81,939.54,938.39
TR-043731,2025-10-04,Dry Van,1173.39,True,1148.35,1133.29,1109.04,1173.71
TR-043732,2025-10-04,Dry Van,5555.83,True,5634.07,5705.72,5465.88,5419.43
TR-043733,2025-10-04,Dry Van,1938.54,True,1894.11,1862.51,1814.06,1930.07
TR-043734,2025-10-04,Dry Van,729.62,True,702.03,700.88,675.93,697.7
TR-043735,2025-10-04,Dry Van,3909.68,True,3863.92,3817.69,3715.85,3817.33
TR-043736,2025-10-04,Flatbed,544.04,True,540.77,553.37,521.76,528.54
TR-043737,2025-10-04,Dry Van,311.38,True,316.24,317.22,305.67,305.47
TR-043738,2025-10-04,Dry Van,2523.73,True,2439.58,2469.86,2367.11,2460.75
TR-043739,2025-10-04,Reefer,5601.89,True,5567.69,5525.06,5369.4,5496.37
TR-043740,2025-10-04,Dry Van,584.56,True,576.31,572.42,556.44,565.61
TR-043741,2025-10-04,Reefer,1977.98,True,1926.64,1873.51,1875.53,1942.85
TR-043742,2025-10-04,Dry Van,1708.09,True,1717.34,1684.54,1657.39,1719.98
TR-043743,2025-10-04,Reefer,2682.14,True,2638.88,2650.78,2543.88,2624.66
TR-043744,2025-10-04,Dry Van,850.3,True,824.73,823.68,794.75,805.89
TR-043745,2025-10-04,Dry Van,1297.39,True,1234.58,1200.66,1194.39,1225.28
TR-043746,2025-10-04,Dry Van,4845.69,True,4801.98,4829.43,4666.74,4699.89
TR-043747,2025-10-04,Reefer,3598.91,True,3527.95,3407.63,3382.1,3453.62
TR-043748,2025-10-04,Dry Van,4429.13,True,4356.39,4308.09,4210.43,4285.33
TR-043749,2025-10-04,Dry Van,533.64,True,524.65,508.94,505.0,511.52
TR-043750,2025-10-04,Reefer,3891.84,True,3821.79,3681.56,3681.41,3658.78
TR-043751,2025-10-04,Reefer,2290.3,True,2267.7,2221.96,2177.51,2285.02
TR-043752,2025-10-04,Flatbed,475.85,True,469.26,491.3,453.22,457.23
TR-043753,2025-10-04,Dry Van,3865.88,True,3824.96,3782.21,3687.56,3823.47
TR-043754,2025-10-04,Flatbed,2070.69,True,2060.51,2021.89,1983.9,2084.05
TR-043755,2025-10-04,Dry Van,1756.9,True,1689.68,1676.72,1631.45,1691.31
TR-043756,2025-10-04,Dry Van,4610.23,True,4493.36,4391.73,4336.6,4460.76
TR-043757,2025-10-04,Dry Van,3297.05,True,3297.12,3246.07,3191.0,3336.49
TR-043758,2025-10-04,Dry Van,3828.19,True,3707.72,3631.52,3578.17,3564.2
TR-043759,2025-10-04,Reefer,382.8,True,374.28,398.94,363.54,357.77
TR-043760,2025-10-04,Dry Van,3873.89,True,3875.49,3880.05,3726.73,3883.56
TR-043761,2025-10-04,Reefer,966.85,True,983.72,968.56,950.11,976.45
TR-043762,2025-10-04,Dry Van,1479.39,True,1436.78,1414.02,1390.49,1447.02
TR-043763,2025-10-04,Dry Van,1312.59,True,1290.19,1252.21,1248.35,1306.44
TR-043764,2025-10-04,Reefer,1058.82,True,1038.84,1046.34,1001.11,1068.76
TR-043765,2025-10-04,Flatbed,4554.3,True,4428.93,4432.04,4284.54,4382.48
TR-043766,2025-10-04,Dry Van,3893.45,True,3847.03,3795.17,3703.21,3906.48
TR-043767,2025-10-04,Reefer,2911.9,True,2830.7,2811.8,2745.03,2815.6
TR-043768,2025-10-04,Flatbed,666.14,True,663.61,656.01,640.86,648.12
TR-043769,2025-10-04,Dry Van,2671.78,True,2624.89,2619.45,2531.86,2657.5
TR-043770,2025-10-04,Flatbed,3207.15,True,3130.44,3111.16,3020.59,3087.94
TR-043771,2025-10-04,Reefer,3377.25,True,3333.54,3273.77,3219.56,3315.32
TR-043772,2025-10-04,Reefer,3892.47,True,3850.63,3750.06,3715.33,3821.67
TR-043773,2025-10-04,Dry Van,5122.83,True,5045.67,4916.87,4870.09,4930.62
TR-043774,2025-10-04,Dry Van,1527.39,True,1506.33,1489.3,1450.82,1548.81
TR-043775,2025-10-04,Dry Van,1810.92,True,1767.95,1740.02,1702.97,1789.95
TR-043776,2025-10-04,Dry Van,1358.72,True,1317.65,1310.7,1268.85,1318.11
TR-043777,2025-10-04,Dry Van,1445.2,True,1435.3,1399.15,1391.67,1453.06
TR-043778,2025-10-04,Dry Van,2882.24,True,2859.52,2819.38,2753.42,2886.85
TR-043779,2025-10-04,Reefer,5443.87,True,5341.14,5251.53,5168.56,5287.39
TR-043780,2025-10-04,Dry Van,1859.45,True,1851.12,1825.88,1794.94,1861.67
TR-043781,2025-10-04,Flatbed,2008.07,True,1975.3,1965.1,1912.93,2008.95
TR-043782,2025-10-04,Dry Van,4695.78,True,4595.07,4541.67,4421.89,4612.19
TR-043783,2025-10-04,Dry Van,4291.14,True,4299.19,4340.21,4185.0,4358.17
TR-043784,2025-10-04,Dry Van,1321.48,True,1296.78,1285.92,1255.19,1323.9
TR-043785,2025-10-04,Flatbed,1832.78,True,1775.31,1768.74,1712.44,1796.34
TR-043786,2025-10-04,Reefer,2841.05,True,2916.55,2857.97,2838.94,2932.76
TR-043787,2025-10-04,Dry Van,1171.18,True,1137.43,1117.67,1097.53,1164.59
TR-043788,2025-10-04,Flatbed,3781.63,True,3766.09,3726.16,3639.65,3775.49
TR-043789,2025-10-04,Flatbed,589.08,True,572.64,586.69,550.82,549.37
TR-043790,2025-10-04,Dry Van,2476.4,True,2441.35,2388.6,2357.17,2432.65
TR-043791,2025-10-04,Dry Van,454.21,True,452.75,456.21,438.56,437.33
TR-043792,2025-10-04,Dry Van,608.66,True,578.11,586.57,558.2,573.76
TR-043793,2025-10-04,Dry Van,1589.78,True,1553.25,1520.77,1502.57,1568.71
TR-043794,2025-10-05,Dry Van,362.84,True,360.85,357.12,344.4,354.96
TR-043795,2025-10-05,Reefer,2190.49,True,2137.51,2120.78,2060.2,2135.23
TR-043796,2025-10-05,Dry Van,2930.08,True,2890.1,2913.64,2752.07,2786.14
TR-043797,2025-10-05,Reefer,4821.17,True,4772.92,4709.52,4644.64,4748.4
TR-043798,2025-10-05,Dry Van,4297.75,True,4330.37,4407.3,4114.7,4148.08
TR-043799,2025-10-05,Dry Van,2227.95,True,2187.03,2141.92,2105.05,2198.93
TR-043800,2025-10-05,Flatbed,2175.85,True,2150.7,2131.29,2065.07,2127.51
TR-043801,2025-10-05,Flatbed,3724.48,True,3704.57,3725.56,3535.99,3683.8
TR-043802,2025-10-05,Flatbed,2032.14,True,2013.75,2001.54,1959.15,2006.52
TR-043803,2025-10-05,Dry Van,1539.19,True,1526.7,1517.75,1463.44,1563.64
TR-043804,2025-10-05,Reefer,4145.69,True,4082.56,4071.12,3923.87,4110.68
TR-043805,2025-10-05,Reefer,3099.4,True,3037.07,2960.35,2918.58,2943.82
TR-043806,2025-10-05,Flatbed,2437.21,True,2407.79,2357.56,2326.56,2425.42
TR-043807,2025-10-05,Reefer,5540.6,True,5581.25,5530.81,5409.35,5505.22
TR-043808,2025-10-05,Reefer,3262.76,True,3209.48,3177.26,3100.98,3202.6
TR-043809,2025-10-05,Flatbed,1125.42,True,1104.38,1127.12,1066.22,1114.26
TR-043810,2025-10-05,Reefer,3858.91,True,3800.01,3724.45,3688.5,3813.06
TR-043811,2025-10-05,Flatbed,439.04,True,446.09,419.21,433.33,433.11
TR-043812,2025-10-05,Dry Van,4057.63,True,4004.69,3995.85,3901.29,3951.38
TR-043813,2025-10-05,Dry Van,2331.03,True,2250.85,2209.68,2181.09,2274.02
TR-043814,2025-10-05,Dry Van,2384.15,True,2317.49,2291.07,2250.03,2306.15
TR-043815,2025-10-05,Reefer,1122.82,True,1118.8,1099.19,1071.94,1111.49
TR-043816,2025-10-05,Dry Van,1729.91,True,1671.97,1683.84,1606.19,1677.5
TR-043817,2025-10-05,Reefer,1118.16,True,1111.08,1112.76,1070.97,1157.15
TR-043818,2025-10-05,Reefer,868.53,True,861.07,861.48,828.75,849.49
TR-043819,2025-10-05,Flatbed,263.56,True,257.75,224.13,250.62,250.39
TR-043820,2025-10-05,Dry Van,1633.97,True,1620.3,1594.66,1560.96,1596.66
TR-043821,2025-10-05,Flatbed,4178.31,True,4213.4,4191.19,4057.99,4151.24
TR-043822,2025-10-05,Reefer,2094.64,True,2059.12,2014.61,1987.87,2044.85
TR-043823,2025-10-05,Dry Van,4177.17,True,4114.27,4153.23,3967.65,4131.6
TR-043824,2025-10-05,Flatbed,646.74,True,627.1,637.94,605.53,615.43
TR-043825,2025-10-05,Flatbed,632.92,True,613.29,633.4,592.59,606.27
TR-043826,2025-10-05,Reefer,1652.34,True,1647.93,1629.86,1586.85,1662.57
TR-043827,2025-10-05,Dry Van,5079.21,True,5047.94,5112.82,4858.45,4931.96
TR-043828,2025-10-05,Flatbed,6152.73,True,6045.32,5903.28,5835.4,5667.26
TR-043829,2025-10-05,Dry Van,2785.51,True,2733.12,2672.06,2619.69,2691.62
TR-043830,2025-10-05,Flatbed,4402.88,True,4396.04,4416.66,4243.32,4425.6
TR-043831,2025-10-05,Flatbed,5433.87,True,5408.14,5368.97,5180.99,5428.34
TR-043832,2025-10-05,Dry Van,1429.58,True,1407.98,1369.3,1373.27,1438.58
TR-043833,2025-10-05,Dry Van,3352.17,True,3287.63,3209.35,3156.3,3268.41
TR-043834,2025-10-05,Dry Van,3063.16,True,3026.0,2968.58,2950.17,3009.2
TR-043835,2025-10-05,Dry Van,1606.06,True,1628.98,1635.95,1561.77,1633.05
TR-043836,2025-10-05,Dry Van,584.99,True,574.68,580.87,553.45,539.65
TR-043837,2025-10-05,Dry Van,651.87,True,645.55,639.88,623.48,636.17
TR-043838,2025-10-05,Flatbed,1355.11,True,1344.59,1333.38,1296.66,1368.05
TR-043839,2025-10-05,Dry Van,3490.4,True,3482.43,3439.93,3358.58,3486.84
TR-043840,2025-10-05,Dry Van,1243.66,True,1226.35,1215.59,1183.81,1222.22
TR-043841,2025-10-05,Flatbed,1688.78,True,1623.15,1623.47,1563.42,1634.01
TR-043842,2025-10-05,Reefer,1502.59,True,1500.11,1475.87,1456.64,1504.7
TR-043843,2025-10-05,Dry Van,2109.69,True,2108.12,2113.86,2018.52,2088.8
TR-043844,2025-10-05,Dry Van,955.05,True,955.03,954.89,926.24,940.05
TR-043845,2025-10-05,Dry Van,1574.04,True,1555.28,1557.38,1513.61,1578.43
TR-043846,2025-10-05,Dry Van,1652.68,True,1610.8,1556.51,1560.86,1639.66
TR-043847,2025-10-05,Dry Van,409.03,True,402.7,376.18,389.88,387.87
TR-043848,2025-10-05,Dry Van,2029.81,True,2002.82,1991.42,1918.27,1979.41
TR-043849,2025-10-05,Dry Van,1291.36,True,1273.86,1271.0,1231.88,1292.79
TR-043850,2025-10-05,Dry Van,462.62,True,454.54,445.6,438.34,441.34
TR-043851,2025-10-05,Reefer,2438.43,True,2375.39,2369.9,2290.47,2379.01
TR-043852,2025-10-05,Dry Van,1094.31,True,1083.55,1085.46,1046.72,1069.6
TR-043853,2025-10-05,Dry Van,688.95,True,688.3,684.51,669.41,664.32
TR-043854,2025-10-05,Reefer,1055.69,True,1051.17,1041.6,1018.75,1013.49
TR-043855,2025-10-05,Reefer,3402.93,True,3392.56,3337.32,3292.93,3452.41
TR-043856,2025-10-05,Reefer,3850.45,True,3770.32,3752.87,3626.37,3761.15
TR-043857,2025-10-05,Dry Van,3761.16,True,3668.66,3653.72,3534.58,3544.75
TR-043858,2025-10-05,Dry Van,4124.94,True,4016.67,3957.6,3882.38,3981.04
TR-043859,2025-10-05,Flatbed,1464.25,True,1393.49,1366.0,1352.27,1377.78
TR-043860,2025-10-05,Dry Van,2569.74,True,2580.94,2520.88,2470.38,2516.63
TR-043861,2025-10-05,Dry Van,4474.48,True,4400.38,4464.3,4230.63,4394.95
TR-043862,2025-10-05,Flatbed,679.73,True,677.4,673.56,655.83,674.16
TR-043863,2025-10-05,Dry Van,1641.35,True,1648.59,1618.81,1600.79,1655.98
TR-043864,2025-10-05,Flatbed,5800.91,True,5760.61,5668.26,5567.54,5729.77
TR-043865,2025-10-05,Flatbed,766.17,True,752.9,768.14,724.6,743.66
TR-043866,2025-10-05,Flatbed,1232.04,True,1225.76,1246.48,1180.56,1186.31
TR-043867,2025-10-05,Dry Van,4487.22,True,4405.54,4408.36,4253.22,4468.94
TR-043868,2025-10-05,Reefer,4287.3,True,4208.11,4198.94,4073.57,4228.27
TR-043869,2025-10-05,Dry Van,4614.15,True,4518.11,4611.47,4349.9,4514.36
TR-043870,2025-10-05,Reefer,3454.75,True,3418.23,3374.68,3309.67,3459.16
TR-043871,2025-10-05,Dry Van,3896.22,True,3817.46,3772.45,3686.38,3841.07
TR-043872,2025-10-05,Reefer,737.2,True,724.74,724.96,693.29,724.1
TR-043873,2025-10-05,Reefer,1295.99,True,1280.97,1265.25,1234.74,1273.58
TR-043874,2025-10-05,Dry Van,1462.8,True,1516.45,1501.47,1461.97,1552.54
TR-043875,2025-10-05,Dry Van,3359.38,True,3334.6,3320.83,3219.21,3372.0
TR-043876,2025-10-05,Flatbed,4200.54,True,4158.93,4120.35,3999.43,4112.98
TR-043877,2025-10-05,Reefer,1814.57,True,1825.74,1793.8,1755.11,1826.01
TR-043878,2025-10-05,Dry Van,593.84,True,594.31,582.01,578.04,578.76
TR-043879,2025-10-05,Dry Van,1804.12,True,1782.79,1777.92,1720.21,1785.18
TR-043880,2025-10-05,Dry Van,2935.08,True,2922.4,2883.83,2798.96,2868.03
TR-043881,2025-10-05,Reefer,1530.9,True,1517.75,1483.76,1472.15,1517.01
TR-043882,2025-10-05,Dry Van,4209.75,True,4109.88,4206.71,3959.79,4042.22
TR-043883,2025-10-05,Dry Van,957.06,True,952.66,943.46,918.72,922.01
TR-043884,2025-10-05,Dry Van,2958.24,True,2959.91,2954.99,2877.5,3013.53
TR-043885,2025-10-05,Reefer,2491.41,True,2466.47,2462.76,2394.37,2477.78
TR-043886,2025-10-05,Reefer,1643.22,True,1631.09,1629.48,1572.55,1634.16
TR-043887,2025-10-05,Reefer,11052.72,False,2966.29,2966.78,2862.43,2887.46
TR-043888,2025-10-05,Reefer,3737.91,True,3782.7,3783.06,3655.48,3784.96
TR-043889,2025-10-05,Flatbed,1765.8,True,1731.02,1740.47,1674.02,1774.93
TR-043890,2025-10-05,Dry Van,1911.29,True,1855.72,1843.18,1787.63,1868.74
TR-043891,2025-10-05,Dry Van,779.31,True,774.76,777.69,745.52,758.03
TR-043892,2025-10-05,Reefer,4284.86,True,4207.2,4160.61,4088.79,4238.62
TR-043893,2025-10-05,Reefer,3396.71,True,3380.72,3357.4,3257.73,3318.72
TR-043894,2025-10-05,Reefer,279.76,True,273.06,245.65,265.34,265.39
TR-043895,2025-10-05,Dry Van,1160.12,True,1139.63,1129.61,1099.03,1145.85
TR-043896,2025-10-05,Reefer,2848.75,True,2845.9,2800.29,2722.26,2829.91
TR-043897,2025-10-05,Dry Van,1167.81,True,1138.93,1107.35,1100.03,1119.56
TR-043898,2025-10-05,Dry Van,507.62,True,505.91,503.29,487.73,501.68
TR-043899,2025-10-05,Reefer,1472.72,True,1435.62,1419.2,1389.99,1479.05
TR-043900,2025-10-05,Flatbed,1393.73,True,1409.51,1391.61,1366.4,1433.48
TR-043901,2025-10-05,Flatbed,1607.33,True,1598.31,1588.57,1552.39,1636.67
TR-043902,2025-10-05,Dry Van,3247.32,True,3206.31,3205.35,3074.54,3203.79
TR-043903,2025-10-05,Flatbed,1689.73,True,1642.13,1654.91,1587.94,1663.51
TR-043904,2025-10-05,Dry Van,1531.51,True,1506.07,1474.99,1460.82,1539.5
TR-043905,2025-10-05,Flatbed,1830.18,True,1822.86,1791.35,1749.61,1831.32
TR-043906,2025-10-05,Dry Van,3017.98,True,2956.6,2904.87,2876.62,2966.68
TR-043907,2025-10-05,Dry Van,809.89,True,796.74,789.0,767.65,774.04
TR-043908,2025-10-05,Dry Van,1697.73,True,1695.55,1691.96,1632.5,1669.05
TR-043909,2025-10-05,Dry Van,3194.09,True,3166.93,3113.1,3047.89,3163.58
TR-043910,2025-10-05,Dry Van,875.46,True,835.73,820.43,802.1,830.5
TR-043911,2025-10-05,Flatbed,1330.8,True,1326.72,1296.49,1285.94,1353.39
TR-043912,2025-10-05,Dry Van,4904.69,True,4876.11,4913.58,4722.56,4791.69
TR-043913,2025-10-05,Reefer,811.04,True,774.12,783.37,751.8,752.94
TR-043914,2025-10-05,Reefer,1843.84,True,1823.32,1808.16,1764.91,1856.09
TR-043915,2025-10-05,Reefer,953.32,True,938.97,938.75,910.64,945.29
TR-043916,2025-10-05,Dry Van,808.69,True,800.89,782.3,772.32,799.73
TR-043917,2025-10-05,Dry Van,4646.65,False,941.63,922.04,912.27,940.97
TR-043918,2025-10-05,Dry Van,698.11,True,700.98,694.47,674.83,687.85
TR-043919,2025-10-05,Dry Van,1017.32,True,1019.02,994.53,979.75,1019.09
TR-043920,2025-10-05,Dry Van,3621.78,True,3590.23,3596.27,3444.33,3643.8
TR-043921,2025-10-05,Flatbed,3572.79,True,3559.31,3540.28,3456.12,3504.49
TR-043922,2025-10-05,Flatbed,4471.7,True,4258.28,4248.64,4081.7,4143.45
TR-043923,2025-10-05,Dry Van,960.58,True,923.47,908.29,893.86,926.44
TR-043924,2025-10-05,Dry Van,742.04,True,742.92,742.35,717.78,739.27
TR-043925,2025-10-05,Dry Van,2256.96,True,2214.03,2140.97,2137.83,2230.4
TR-043926,2025-10-05,Dry Van,442.63,True,431.83,417.93,415.71,415.43
TR-043927,2025-10-05,Flatbed,2343.92,True,2275.87,2208.8,2208.56,2316.36
TR-043928,2025-10-05,Dry Van,963.41,True,973.43,950.54,937.42,977.4
TR-043929,2025-10-05,Dry Van,1354.82,True,1360.85,1329.66,1312.34,1327.87
TR-043930,2025-10-05,Dry Van,1881.9,True,1857.89,1815.5,1793.79,1888.93
TR-043931,2025-10-05,Flatbed,2080.68,True,2026.92,1985.88,1951.79,2050.78
TR-043932,2025-10-05,Dry Van,1426.28,True,1427.59,1411.06,1362.89,1425.17
TR-043933,2025-10-05,Dry Van,2509.73,True,2497.5,2468.71,2416.29,2457.61
TR-043934,2025-10-05,Reefer,579.38,True,579.74,576.86,559.66,566.78
TR-043935,2025-10-05,Flatbed,829.88,True,825.98,845.87,794.94,788.76
TR-043936,2025-10-05,Reefer,4697.97,True,4578.23,4542.18,4375.44,4484.93
TR-043937,2025-10-05,Dry Van,2865.78,True,2799.31,2782.57,2712.09,2793.61
TR-043938,2025-10-05,Dry Van,2220.22,True,2176.94,2180.51,2095.53,2178.99
TR-043939,2025-10-05,Reefer,1922.64,True,1871.85,1861.1,1805.27,1858.2
TR-043940,2025-10-05,Flatbed,3299.32,True,3357.31,3307.07,3251.52,3463.61
TR-043941,2025-10-06,Reefer,4468.77,True,4377.44,4433.57,4206.47,4461.78
TR-043942,2025-10-06,Dry Van,2034.14,True,2041.08,2011.33,1946.22,2027.3
TR-043943,2025-10-06,Dry Van,3118.92,True,3070.56,3049.16,2972.42,3123.29
TR-043944,2025-10-06,Dry Van,1020.65,True,1008.69,984.69,966.64,997.45
TR-043945,2025-10-06,Dry Van,4138.77,True,4052.48,3943.75,3897.43,3904.83
TR-043946,2025-10-06,Dry Van,4043.62,True,4026.44,3983.34,3867.57,4032.6
TR-043947,2025-10-06,Dry Van,1573.69,True,1601.7,1566.73,1538.81,1571.83
TR-043948,2025-10-06,Dry Van,2537.6,True,2626.27,2602.42,2532.9,2604.7
TR-043949,2025-10-06,Reefer,1354.69,True,1341.45,1345.84,1297.38,1320.03
TR-043950,2025-10-06,Flatbed,1810.66,True,1744.92,1712.54,1691.86,1748.87
TR-043951,2025-10-06,Reefer,5246.48,True,5128.62,5007.77,4957.62,5071.61
TR-043952,2025-10-06,Dry Van,3971.46,True,4015.01,3986.64,3849.94,4063.65
TR-043953,2025-10-06,Dry Van,1552.77,True,1532.33,1497.01,1477.28,1527.37
TR-043954,2025-10-06,Dry Van,624.15,True,604.01,617.44,581.72,591.11
TR-043955,2025-10-06,Dry Van,858.03,True,847.44,832.6,815.52,817.55
TR-043956,2025-10-06,Reefer,1486.69,True,1486.02,1461.15,1441.02,1521.71
TR-043957,2025-10-06,Reefer,2718.63,True,2685.84,2650.67,2594.93,2713.95
TR-043958,2025-10-06,Dry Van,2460.16,True,2478.25,2430.53,2402.63,2430.27
TR-043959,2025-10-06,Dry Van,947.3,True,955.76,938.07,928.42,993.16
TR-043960,2025-10-06,Dry Van,618.64,True,611.96,607.27,590.38,603.94
TR-043961,2025-10-06,Reefer,6161.01,True,6081.5,5984.79,5825.51,5874.14
TR-043962,2025-10-06,Flatbed,946.19,True,946.03,921.12,906.12,927.21
TR-043963,2025-10-06,Reefer,4912.37,True,4895.71,4871.85,4707.73,4980.98
TR-043964,2025-10-06,Reefer,747.96,True,747.29,748.22,725.7,765.39
TR-043965,2025-10-06,Dry Van,3624.9,True,3642.59,3636.74,3500.81,3718.43
TR-043966,2025-10-06,Reefer,2061.34,True,2016.3,2009.44,1945.33,1999.67
TR-043967,2025-10-06,Dry Van,1761.62,True,1745.73,1701.9,1676.29,1736.85
TR-043968,2025-10-06,Flatbed,1293.64,True,1245.51,1229.31,1198.92,1269.68
TR-043969,2025-10-06,Reefer,1318.59,True,1267.73,1271.97,1215.28,1292.69
TR-043970,2025-10-06,Dry Van,3182.58,True,3142.72,3094.65,3041.09,3127.28
TR-043971,2025-10-06,Reefer,1408.96,True,1386.23,1418.26,1326.6,1397.79
TR-043972,2025-10-06,Dry Van,2653.8,True,2666.09,2649.94,2570.96,2723.09
TR-043973,2025-10-06,Dry Van,4564.71,True,4452.56,4547.8,4288.98,4470.87
TR-043974,2025-10-06,Dry Van,3230.92,True,3156.33,3128.44,3049.61,3133.64
TR-043975,2025-10-06,Dry Van,1890.03,True,1879.73,1848.63,1819.21,1880.17
TR-043976,2025-10-06,Dry Van,903.04,True,889.86,871.65,856.74,888.04
TR-043977,2025-10-06,Reefer,3330.57,True,3302.19,3227.95,3176.29,3348.44
TR-043978,2025-10-06,Flatbed,1290.78,True,1288.44,1252.54,1236.83,1283.0
TR-043979,2025-10-06,Flatbed,1136.45,True,1125.23,1137.3,1081.78,1141.81
TR-043980,2025-10-06,Reefer,863.94,True,854.73,827.48,823.91,860.58
TR-043981,2025-10-06,Dry Van,2609.34,True,2564.1,2498.65,2462.83,2578.04
TR-043982,2025-10-06,Dry Van,1061.3,True,1053.02,1021.71,1011.37,1070.16
TR-043983,2025-10-06,Reefer,2172.14,True,2174.38,2154.58,2098.06,2198.63
TR-043984,2025-10-06,Dry Van,363.74,True,368.49,375.1,355.24,356.29
TR-043985,2025-10-06,Reefer,3195.86,True,3117.97,3070.83,2963.39,2998.96
TR-043986,2025-10-06,Reefer,1974.12,True,1998.34,1986.8,1926.39,1975.64
TR-043987,2025-10-06,Reefer,3107.72,True,3111.79,3034.08,2995.97,3147.63
TR-043988,2025-10-06,Flatbed,363.14,True,372.81,360.48,357.13,360.47
TR-043989,2025-10-06,Reefer,2586.91,True,2532.89,2506.8,2452.67,2526.96
TR-043990,2025-10-06,Dry Van,2332.39,True,2243.64,2242.79,2161.89,2247.77
TR-043991,2025-10-06,Reefer,1795.1,True,1776.53,1727.46,1712.61,1762.68
TR-043992,2025-10-06,Dry Van,1546.97,True,1543.18,1512.35,1482.7,1549.02
TR-043993,2025-10-06,Reefer,1796.04,True,1800.92,1779.97,1744.17,1809.66
TR-043994,2025-10-06,Reefer,1058.89,True,1036.05,1033.53,998.13,1023.98
TR-043995,2025-10-06,Reefer,3165.13,True,3149.38,3074.09,3066.42,3164.81
TR-043996,2025-10-06,Dry Van,1067.6,True,1022.31,998.27,986.86,1030.95
TR-043997,2025-10-06,Flatbed,4472.27,True,4349.06,4366.69,4189.42,4309.18
TR-043998,2025-10-06,Reefer,3579.44,True,3534.19,3474.95,3420.13,3549.31
TR-043999,2025-10-06,Dry Van,1662.93,True,1650.17,1646.59,1594.66,1679.1
TR-044000,2025-10-06,Dry Van,5836.48,True,5662.17,5537.21,5472.63,5451.43
TR-044001,2025-10-06,Reefer,3215.63,True,3212.55,3165.74,3109.48,3124.27
TR-044002,2025-10-06,Dry Van,4373.47,True,4302.92,4271.95,4177.61,4206.73
TR-044003,2025-10-06,Dry Van,1363.25,True,1327.44,1320.25,1269.32,1340.5
TR-044004,2025-10-06,Dry Van,3980.77,True,3947.54,3910.93,3804.15,3955.24
TR-044005,2025-10-06,Dry Van,2030.02,True,2039.35,2052.1,1957.38,2056.11
TR-044006,2025-10-06,Flatbed,3811.81,True,3883.2,3877.11,3761.38,3831.72
TR-044007,2025-10-06,Dry Van,807.11,True,796.49,781.7,766.56,804.39
TR-044008,2025-10-06,Dry Van,905.93,True,896.42,897.03,861.46,864.13
TR-044009,2025-10-06,Reefer,2506.97,True,2549.79,2489.1,2452.83,2541.92
TR-044010,2025-10-06,Reefer,291.93,True,284.36,255.76,270.95,277.18
TR-044011,2025-10-06,Flatbed,3918.02,True,3878.83,3869.11,3740.23,3888.69
TR-044012,2025-10-06,Reefer,5501.66,True,5615.99,5592.56,5397.89,5537.49
TR-044013,2025-10-06,Reefer,875.47,True,880.11,879.83,848.68,859.1
TR-044014,2025-10-06,Flatbed,2275.74,True,2273.85,2208.71,2180.68,2263.86
TR-044015,2025-10-06,Dry Van,337.89,False,1356.2,1354.58,1310.84,1389.94
TR-044016,2025-10-06,Reefer,956.77,True,978.16,946.75,943.46,972.04
TR-044017,2025-10-06,Dry Van,3218.43,True,3139.96,3114.49,3039.3,3126.92
TR-044018,2025-10-06,Dry Van,1879.08,True,1858.76,1813.72,1773.56,1851.79
TR-044019,2025-10-06,Dry Van,3286.71,True,3292.94,3281.54,3176.11,3251.53
TR-044020,2025-10-06,Dry Van,1656.21,True,1649.66,1602.53,1599.21,1669.28
TR-044021,2025-10-06,Flatbed,2929.0,True,2909.08,2861.7,2791.1,2843.66
TR-044022,2025-10-06,Flatbed,4098.02,True,4170.46,4084.62,4011.15,3997.32
TR-044023,2025-10-06,Flatbed,1687.81,True,1688.84,1670.42,1629.24,1702.78
TR-044024,2025-10-06,Dry Van,1235.98,True,1219.39,1186.57,1172.82,1217.58
TR-044025,2025-10-06,Dry Van,1504.38,True,1530.98,1529.63,1487.13,1523.97
TR-044026,2025-10-06,Dry Van,1204.0,True,1194.1,1185.01,1146.18,1197.06
TR-044027,2025-10-06,Flatbed,1044.13,True,1007.12,997.82,976.08,1008.16
TR-044028,2025-10-06,Dry Van,1759.53,True,1748.4,1694.24,1680.13,1755.42
TR-044029,2025-10-06,Flatbed,2734.73,True,2684.13,2683.62,2600.99,2699.37
TR-044030,2025-10-06,Reefer,2246.92,True,2207.05,2167.68,2141.96,2234.35
TR-044031,2025-10-06,Flatbed,1171.5,True,1189.08,1169.91,1142.96,1180.91
TR-044032,2025-10-06,Dry Van,1942.68,True,1936.13,1964.33,1869.64,1960.11
TR-044033,2025-10-06,Dry Van,811.41,True,789.4,796.94,761.82,779.62
TR-044034,2025-10-06,Dry Van,1954.55,True,1917.09,1881.7,1869.56,1912.81
TR-044035,2025-10-06,Dry Van,848.67,True,821.72,822.92,790.1,795.96
TR-044036,2025-10-06,Reefer,5870.7,True,5775.81,5754.13,5581.21,5838.01
TR-044037,2025-10-06,Dry Van,2574.17,True,2556.27,2517.31,2471.51,2592.98
TR-044038,2025-10-06,Dry Van,2346.53,True,2322.21,2300.87,2240.55,2300.78
TR-044039,2025-10-06,Reefer,2491.67,True,2453.49,2472.12,2367.88,2425.33
TR-044040,2025-10-06,Dry Van,3773.44,True,3755.31,3705.04,3629.04,3779.76
TR-044041,2025-10-06,Dry Van,1856.42,True,1866.8,1828.74,1793.55,1878.24
TR-044042,2025-10-06,Dry Van,1532.18,True,1511.98,1518.22,1449.33,1522.01
TR-044043,2025-10-06,Reefer,350.78,True,351.47,381.47,338.71,342.03
TR-044044,2025-10-06,Reefer,3533.81,True,3497.95,3430.15,3370.82,3360.84
TR-044045,2025-10-06,Dry Van,3900.6,True,3800.67,3730.28,3640.73,3820.63
TR-044046,2025-10-06,Reefer,2340.45,True,2328.65,2285.99,2229.49,2315.35
TR-044047,2025-10-06,Dry Van,474.64,True,463.69,453.9,449.26,444.75
TR-044048,2025-10-06,Dry Van,5573.55,True,5472.85,5423.22,5309.86,5286.69
TR-044049,2025-10-06,Dry Van,864.11,True,839.05,833.93,810.05,829.3
TR-044050,2025-10-06,Dry Van,2352.33,True,2319.95,2289.12,2245.06,2342.12
TR-044051,2025-10-06,Dry Van,1676.58,True,1600.94,1559.13,1538.69,1596.16
TR-044052,2025-10-06,Dry Van,784.02,True,787.24,782.61,755.09,779.55
TR-044053,2025-10-06,Reefer,891.23,True,879.96,895.2,845.21,853.14
TR-044054,2025-10-06,Flatbed,610.58,True,607.24,602.95,584.21,594.44
TR-044055,2025-10-06,Flatbed,4116.8,True,4124.55,4076.56,3976.24,4031.85
TR-044056,2025-10-06,Reefer,1320.52,True,1322.13,1313.66,1268.24,1313.76
TR-044057,2025-10-06,Reefer,1877.91,True,1898.28,1839.12,1835.31,1910.61
TR-044058,2025-10-06,Dry Van,2863.58,True,2767.98,2737.93,2647.58,2694.61
TR-044059,2025-10-06,Flatbed,2169.35,True,2135.38,2154.08,2063.17,2158.43
TR-044060,2025-10-06,Dry Van,1929.48,True,1896.97,1859.74,1822.42,1902.12
TR-044061,2025-10-06,Dry Van,1203.53,True,1220.13,1200.86,1166.48,1248.15
TR-044062,2025-10-06,Dry Van,2541.47,True,2579.51,2505.48,2487.88,2472.41
TR-044063,2025-10-06,Dry Van,626.22,True,614.87,613.25,592.74,593.27
TR-044064,2025-10-06,Flatbed,1779.27,True,1749.09,1747.09,1690.37,1794.85
TR-044065,2025-10-06,Flatbed,882.45,True,855.62,868.2,826.06,855.3
TR-044066,2025-10-06,Reefer,2885.04,True,2828.83,2831.7,2724.77,2840.15
TR-044067,2025-10-06,Dry Van,1687.5,True,1669.5,1609.86,1619.5,1680.92
TR-044068,2025-10-06,Dry Van,3118.32,True,3060.85,3015.59,2953.41,3025.26
TR-044069,2025-10-06,Dry Van,2401.07,True,2391.87,2341.21,2323.44,2439.67
TR-044070,2025-10-06,Dry Van,969.91,True,980.93,963.01,942.32,971.04
TR-044071,2025-10-06,Flatbed,3518.03,True,3583.84,3517.86,3447.75,3612.35
TR-044072,2025-10-06,Flatbed,1636.43,True,1585.81,1565.95,1524.94,1589.41
TR-044073,2025-10-06,Dry Van,4831.89,True,4690.7,4625.89,4551.36,4678.58
TR-044074,2025-10-06,Dry Van,4100.88,True,4075.18,3998.01,3919.69,4031.81
TR-044075,2025-10-06,Dry Van,4337.77,True,4245.96,4226.19,4091.33,4239.1
TR-044076,2025-10-06,Dry Van,1872.82,True,1882.41,1888.18,1809.32,1831.61
TR-044077,2025-10-06,Reefer,2474.26,True,2499.44,2417.65,2399.32,2514.46
TR-044078,2025-10-06,Dry Van,867.2,True,864.96,844.87,829.34,847.4
TR-044079,2025-10-06,Dry Van,561.58,True,547.81,541.83,528.16,541.36
TR-044080,2025-10-06,Dry Van,880.74,True,872.09,861.14,841.93,856.84
TR-044081,2025-10-06,Flatbed,1607.56,True,1636.7,1634.15,1586.02,1652.42
TR-044082,2025-10-06,Flatbed,568.52,True,564.89,568.21,544.79,526.24
TR-044083,2025-10-06,Dry Van,595.93,True,589.35,583.49,566.17,554.56
TR-044084,2025-10-06,Reefer,1612.8,True,1583.28,1549.85,1537.13,1606.96
TR-044085,2025-10-06,Dry Van,309.64,True,311.31,312.74,299.51,307.78
TR-044086,2025-10-06,Reefer,3379.8,True,3282.51,3275.67,3163.1,3250.26
TR-044087,2025-10-06,Flatbed,3604.59,True,3583.56,3469.82,3467.22,3544.2
TR-044088,2025-10-06,Dry Van,3621.3,True,3578.36,3578.31,3459.8,3443.33
TR-044089,2025-10-06,Dry Van,3520.84,True,3471.22,3442.11,3341.24,3513.49
TR-044090,2025-10-06,Flatbed,1865.44,True,1834.01,1793.63,1778.07,1883.04
TR-044091,2025-10-06,Dry Van,3796.72,True,3749.0,3769.09,3610.36,3807.96
TR-044092,2025-10-06,Dry Van,3400.27,True,3400.7,3370.99,3299.28,3387.81
TR-044093,2025-10-06,Dry Van,641.14,True,620.88,632.47,600.17,602.96
TR-044094,2025-10-07,Dry Van,3521.79,True,3555.05,3507.12,3442.97,3573.21
TR-044095,2025-10-07,Dry Van,1081.64,True,1053.21,1028.26,1014.86,1067.22
TR-044096,2025-10-07,Dry Van,4002.03,True,3959.77,3878.43,3808.54,3933.54
TR-044097,2025-10-07,Reefer,3613.18,True,3539.29,3449.43,3419.28,3511.16
TR-044098,2025-10-07,Reefer,1129.78,True,1124.85,1144.73,1081.24,1115.04
TR-044099,2025-10-07,Dry Van,543.25,True,528.08,543.4,510.5,516.13
TR-044100,2025-10-07,Dry Van,1191.94,True,1204.87,1193.59,1167.33,1194.08
TR-044101,2025-10-07,Flatbed,1221.71,True,1213.63,1228.63,1164.14,1247.85
TR-044102,2025-10-07,Dry Van,941.96,True,937.57,931.97,906.02,918.07
TR-044103,2025-10-07,Dry Van,810.34,True,813.37,822.11,786.06,786.33
TR-044104,2025-10-07,Dry Van,5766.93,True,5570.19,5738.17,5379.11,5378.37
TR-044105,2025-10-07,Reefer,4281.85,True,4228.72,4098.16,4080.6,4126.21
TR-044106,2025-10-07,Dry Van,417.09,True,408.13,419.01,393.53,420.82
TR-044107,2025-10-07,Dry Van,1254.51,True,1241.22,1214.1,1195.99,1258.25
TR-044108,2025-10-07,Dry Van,347.21,True,347.07,338.99,334.13,347.13
TR-044109,2025-10-07,Reefer,2628.55,True,2586.4,2599.02,2498.35,2575.52
TR-044110,2025-10-07,Dry Van,4005.12,True,3970.96,3850.17,3837.83,3978.14
TR-044111,2025-10-07,Reefer,4566.62,True,4424.56,4349.41,4265.8,4416.92
TR-044112,2025-10-07,Dry Van,378.59,True,371.32,354.85,359.26,362.21
TR-044113,2025-10-07,Reefer,2202.48,True,2202.79,2169.19,2128.69,2213.98
TR-044114,2025-10-07,Dry Van,467.61,True,460.69,456.17,448.08,445.08
TR-044115,2025-10-07,Reefer,1276.25,True,1257.07,1278.61,1214.31,1300.07
TR-044116,2025-10-07,Dry Van,1459.87,True,1463.51,1442.09,1404.31,1502.64
TR-044117,2025-10-07,Flatbed,4654.5,True,4519.88,4526.58,4347.0,4479.9
TR-044118,2025-10-07,Dry Van,1495.33,True,1469.43,1470.58,1421.5,1527.58
TR-044119,2025-10-07,Flatbed,2550.13,True,2501.59,2492.02,2410.06,2516.3
TR-044120,2025-10-07,Dry Van,5368.81,True,5332.48,5327.22,5173.93,5163.98
TR-044121,2025-10-07,Flatbed,764.04,True,755.31,757.79,733.86,751.33
TR-044122,2025-10-07,Reefer,4560.49,True,4518.69,4494.51,4374.62,4636.98
TR-044123,2025-10-07,Reefer,2492.07,True,2402.18,2370.55,2323.1,2380.72
TR-044124,2025-10-07,Dry Van,3882.76,True,3831.3,3745.28,3684.41,3862.18
TR-044125,2025-10-07,Dry Van,1329.78,True,1328.29,1304.7,1281.33,1327.58
TR-044126,2025-10-07,Reefer,3987.15,True,3843.29,3753.92,3730.75,3887.69
TR-044127,2025-10-07,Dry Van,2199.94,True,2178.18,2143.84,2109.27,2168.91
TR-044128,2025-10-07,Flatbed,5209.11,True,5195.22,5167.86,5016.47,5281.71
TR-044129,2025-10-07,Reefer,3013.41,True,2977.3,3009.49,2880.32,2937.25
TR-044130,2025-10-07,Dry Van,3930.32,True,3880.2,3862.54,3742.97,3916.75
TR-044131,2025-10-07,Dry Van,1076.93,True,1052.29,1041.42,1015.23,1055.16
TR-044132,2025-10-07,Dry Van,2481.63,True,2445.67,2430.61,2361.63,2471.92
TR-044133,2025-10-07,Dry Van,2596.05,True,2496.67,2484.45,2413.31,2538.08
TR-044134,2025-10-07,Reefer,1188.47,True,1191.82,1173.49,1147.29,1224.39
TR-044135,2025-10-07,Reefer,872.03,True,860.4,838.47,829.08,861.39
TR-044136,2025-10-07,Flatbed,2120.59,True,2111.2,2060.48,2041.97,2091.07
TR-044137,2025-10-07,Dry Van,3521.73,True,3539.43,3472.55,3412.36,3571.55
TR-044138,2025-10-07,Dry Van,2442.27,True,2339.62,2310.04,2245.07,2374.74
TR-044139,2025-10-07,Dry Van,3713.4,True,3675.44,3625.03,3545.72,3715.54
TR-044140,2025-10-07,Dry Van,383.5,True,379.09,345.37,365.34,366.48
TR-044141,2025-10-07,Dry Van,3098.51,True,3031.31,3030.99,2939.3,3075.8
TR-044142,2025-10-07,Flatbed,1996.97,True,1971.98,1937.51,1899.35,1996.85
TR-044143,2025-10-07,Dry Van,3494.0,True,3437.99,3448.83,3325.54,3443.56
TR-044144,2025-10-07,Flatbed,950.43,True,954.31,931.44,923.07,957.69
TR-044145,2025-10-07,Dry Van,2486.75,True,2504.37,2500.64,2418.31,2516.32
TR-044146,2025-10-07,Flatbed,4845.95,True,4759.35,4797.27,4628.49,4681.86
TR-044147,2025-10-07,Reefer,5058.57,True,4976.89,4838.12,4809.59,4984.04
TR-044148,2025-10-07,Dry Van,5346.93,True,5406.91,5369.64,5222.77,5274.61
TR-044149,2025-10-07,Reefer,3549.06,True,3444.99,3478.18,3327.6,3450.36
TR-044150,2025-10-07,Dry Van,2303.95,True,2264.83,2227.86,2187.81,2262.98
TR-044151,2025-10-07,Reefer,2964.61,True,2841.65,2808.01,2729.76,2795.15
TR-044152,2025-10-07,Dry Van,3303.47,True,3233.33,3201.92,3127.28,3255.91
TR-044153,2025-10-07,Dry Van,910.55,True,896.83,871.65,860.09,901.42
TR-044154,2025-10-07,Dry Van,1743.43,True,1713.38,1702.66,1655.06,1707.02
TR-044155,2025-10-07,Dry Van,1101.55,True,1096.21,1082.03,1058.51,1100.66
TR-044156,2025-10-07,Dry Van,1525.43,True,1449.93,1455.09,1403.48,1450.62
TR-044157,2025-10-07,Flatbed,1554.33,True,1510.5,1480.77,1455.6,1530.94
TR-044158,2025-10-07,Dry Van,2448.67,True,2441.17,2430.77,2354.18,2473.07
TR-044159,2025-10-07,Dry Van,3635.27,True,3579.92,3562.36,3448.34,3625.63
TR-044160,2025-10-07,Flatbed,3181.62,True,3042.27,3037.39,2941.77,3069.31
TR-044161,2025-10-07,Dry Van,1778.31,True,1739.5,1689.43,1676.73,1734.99
TR-044162,2025-10-07,Flatbed,8425.34,False,2532.89,2470.17,2435.97,2531.16
TR-044163,2025-10-07,Dry Van,2928.06,True,2970.25,2900.5,2864.52,3016.66
TR-044164,2025-10-07,Dry Van,5768.57,True,5586.76,5546.33,5361.44,5413.18
TR-044165,2025-10-07,Dry Van,3282.71,True,3190.12,3153.55,3084.65,3201.62
TR-044166,2025-10-07,Dry Van,3603.1,True,3626.36,3571.67,3492.57,3543.43
TR-044167,2025-10-07,Dry Van,3028.7,True,2978.61,2971.31,2883.84,3035.22
TR-044168,2025-10-07,Reefer,4204.74,True,4182.95,4097.13,4047.55,4085.74
TR-044169,2025-10-07,Reefer,4287.51,True,4156.18,4080.26,4011.39,4101.08
TR-044170,2025-10-07,Reefer,2085.87,True,2045.38,2038.21,1982.4,2054.99
TR-044171,2025-10-07,Dry Van,2005.58,True,1959.57,1936.63,1888.29,1956.88
TR-044172,2025-10-07,Flatbed,2142.38,True,2114.42,2096.71,2038.51,2176.31
TR-044173,2025-10-07,Reefer,1277.52,True,1272.17,1277.99,1229.13,1255.26
TR-044174,2025-10-07,Dry Van,1734.56,True,1743.33,1701.32,1674.9,1765.71
TR-044175,2025-10-07,Reefer,4817.58,True,4764.26,4747.71,4575.58,4782.4
TR-044176,2025-10-07,Flatbed,463.05,False,1754.76,1752.12,1691.91,1789.94
TR-044177,2025-10-07,Reefer,2293.83,True,2248.17,2206.0,2177.13,2257.07
TR-044178,2025-10-07,Flatbed,4489.14,True,4293.56,4214.95,4149.2,4166.97
TR-044179,2025-10-07,Dry Van,713.84,True,686.35,690.27,662.73,678.5
TR-044180,2025-10-07,Reefer,1671.84,True,1658.79,1629.41,1604.76,1663.74
TR-044181,2025-10-07,Dry Van,2193.1,True,2249.48,2271.69,2175.02,2223.88
TR-044182,2025-10-07,Reefer,2518.87,True,2469.36,2471.86,2385.69,2501.85
TR-044183,2025-10-07,Reefer,1147.73,True,1149.33,1140.98,1108.22,1172.12
TR-044184,2025-10-07,Flatbed,2193.67,True,2217.91,2214.14,2141.53,2231.02
TR-044185,2025-10-07,Dry Van,777.68,True,793.31,773.18,765.55,764.24
TR-044186,2025-10-07,Dry Van,2903.55,True,2848.46,2801.21,2739.5,2885.94
TR-044187,2025-10-07,Dry Van,1013.2,True,1019.19,999.69,982.31,1021.58
TR-044188,2025-10-07,Flatbed,1561.6,True,1538.64,1531.52,1485.17,1579.64
TR-044189,2025-10-07,Reefer,4752.22,True,4690.08,4610.03,4540.24,4779.25
TR-044190,2025-10-07,Flatbed,1234.37,True,1217.69,1231.22,1171.06,1236.26
TR-044191,2025-10-07,Dry Van,1460.12,True,1451.78,1407.03,1405.48,1490.41
TR-044192,2025-10-07,Dry Van,2074.22,True,2061.25,2035.86,1994.84,2055.65
TR-044193,2025-10-07,Dry Van,3829.1,True,3766.88,3662.7,3646.28,3713.09
TR-044194,2025-10-07,Dry Van,760.31,True,741.3,739.33,719.22,725.92
TR-044195,2025-10-07,Dry Van,1451.78,True,1444.22,1411.85,1396.19,1432.0
TR-044196,2025-10-07,Dry Van,1086.79,True,1064.13,1043.6,1020.78,1056.21
TR-044197,2025-10-07,Reefer,3527.99,True,3548.12,3440.7,3433.04,3463.29
TR-044198,2025-10-07,Flatbed,1109.09,True,1081.08,1089.86,1047.39,1089.92
TR-044199,2025-10-07,Dry Van,600.81,True,578.73,604.41,561.65,558.01
TR-044200,2025-10-07,Dry Van,2342.36,True,2372.56,2366.37,2294.64,2367.18
TR-044201,2025-10-07,Reefer,5264.82,True,5277.92,5125.33,5104.09,5217.4
TR-044202,2025-10-07,Dry Van,934.61,True,934.01,923.69,902.56,928.28
TR-044203,2025-10-07,Dry Van,3669.51,True,3583.25,3505.85,3484.8,3499.26
TR-044204,2025-10-07,Dry Van,1561.47,True,1525.73,1471.46,1474.42,1540.98
TR-044205,2025-10-07,Reefer,343.65,True,346.99,350.07,335.8,332.93
TR-044206,2025-10-07,Dry Van,1050.79,True,1032.44,1050.06,994.86,1015.43
TR-044207,2025-10-07,Reefer,1843.82,True,1825.03,1806.28,1765.57,1835.4
TR-044208,2025-10-07,Dry Van,646.5,True,648.82,654.08,629.78,628.36
TR-044209,2025-10-07,Flatbed,5552.48,True,5512.21,5471.36,5351.72,5426.31
TR-044210,2025-10-07,Reefer,1769.05,True,1797.01,1771.36,1733.09,1841.01
TR-044211,2025-10-07,Reefer,2209.39,True,2190.56,2144.74,2127.31,2218.66
TR-044212,2025-10-07,Flatbed,1246.09,True,1202.71,1201.31,1158.06,1244.94
TR-044213,2025-10-07,Dry Van,1148.19,True,1143.38,1127.44,1102.61,1133.4
TR-044214,2025-10-07,Flatbed,2411.14,True,2435.13,2430.11,2366.89,2506.52
TR-044215,2025-10-07,Dry Van,725.75,False,3372.04,3273.58,3267.58,3409.65
TR-044216,2025-10-07,Dry Van,1548.72,True,1549.3,1538.91,1491.92,1578.98
TR-044217,2025-10-07,Dry Van,2462.56,True,2412.34,2401.11,2329.14,2404.45
TR-044218,2025-10-07,Flatbed,1145.57,True,1146.59,1125.93,1102.95,1179.21
TR-044219,2025-10-07,Dry Van,1054.4,True,1038.02,1025.79,1001.44,1054.24
TR-044220,2025-10-07,Dry Van,3137.27,True,3133.01,3086.36,3018.53,3194.66
TR-044221,2025-10-07,Flatbed,2978.41,True,2879.86,2834.08,2781.32,2857.75
TR-044222,2025-10-07,Reefer,3087.54,True,3079.27,3070.46,2986.64,3172.78
TR-044223,2025-10-07,Flatbed,4294.78,True,4197.06,4167.48,4055.31,4171.13
TR-044224,2025-10-07,Dry Van,3853.42,True,3765.18,3771.33,3646.87,3865.55
TR-044225,2025-10-07,Dry Van,1195.74,True,1196.7,1169.08,1152.64,1209.86
TR-044226,2025-10-07,Dry Van,2100.06,True,2092.35,2071.01,2020.81,2128.58
TR-044227,2025-10-07,Reefer,2338.11,True,2357.24,2346.72,2265.66,2419.68
TR-044228,2025-10-07,Flatbed,981.78,True,975.57,958.74,942.11,948.75
TR-044229,2025-10-07,Reefer,979.31,True,966.23,945.4,933.61,976.72
TR-044230,2025-10-07,Dry Van,1628.75,True,1618.56,1611.33,1559.43,1666.92
TR-044231,2025-10-07,Reefer,2527.69,True,2560.58,2471.64,2469.47,2521.13
TR-044232,2025-10-07,Dry Van,2997.84,True,2879.04,2857.14,2788.48,2886.09
TR-044233,2025-10-07,Reefer,2996.55,True,3023.58,3015.28,2917.18,2985.12
TR-044234,2025-10-07,Flatbed,1751.13,True,1709.19,1724.76,1652.7,1749.07
TR-044235,2025-10-07,Dry Van,1697.88,True,1691.25,1652.09,1633.92,1737.52
TR-044236,2025-10-07,Reefer,2134.87,True,2136.89,2083.91,2064.66,2095.61
TR-044237,2025-10-07,Dry Van,2838.8,True,2849.76,2833.62,2756.93,2809.7
TR-044238,2025-10-07,Dry Van,1458.81,True,1442.32,1440.42,1393.89,1473.04
TR-044239,2025-10-07,Dry Van,798.7,True,783.25,792.35,752.75,748.24
TR-044240,2025-10-07,Reefer,2936.32,True,2852.0,2821.05,2757.69,2862.44
TR-044241,2025-10-07,Dry Van,896.02,True,882.09,868.68,854.57,910.27
TR-044242,2025-10-07,Flatbed,1807.79,True,1771.85,1739.72,1706.0,1785.57
TR-044243,2025-10-07,Dry Van,1912.19,True,1887.04,1834.45,1828.19,1917.38
TR-044244,2025-10-07,Reefer,4914.48,True,4798.13,4743.05,4637.77,4805.29
TR-044245,2025-10-07,Flatbed,1341.93,True,1301.96,1301.03,1255.74,1282.15
TR-044246,2025-10-07,Dry Van,4578.11,True,4469.43,4449.99,4313.72,4490.2
TR-044247,2025-10-07,Flatbed,1934.91,True,1903.38,1907.64,1837.63,1913.49
TR-044248,2025-10-07,Flatbed,4255.76,True,4140.93,4102.08,4007.2,4122.84
TR-044249,2025-10-07,Dry Van,5055.75,True,5024.06,5110.47,4856.7,4976.47
TR-044250,2025-10-07,Dry Van,3200.14,True,3165.48,3106.62,3048.56,3223.06
TR-044251,2025-10-07,Reefer,2812.67,True,2867.73,2851.23,2773.37,2909.07
TR-044252,2025-10-07,Dry Van,1139.45,True,1115.41,1107.41,1070.65,1098.28
TR-044253,2025-10-07,Dry Van,4886.24,True,4872.52,4925.19,4697.94,4806.91
TR-044254,2025-10-07,Dry Van,1369.5,True,1338.73,1330.95,1292.94,1345.87
TR-044255,2025-10-07,Dry Van,2443.14,True,2393.45,2411.08,2301.97,2397.21
TR-044256,2025-10-07,Dry Van,3332.67,True,3327.68,3210.36,3203.45,3395.03
TR-044257,2025-10-07,Reefer,3461.27,True,3361.47,3281.39,3258.8,3399.93
TR-044258,2025-10-07,Dry Van,3016.26,True,3069.19,3040.97,2964.58,3043.91
TR-044259,2025-10-07,Dry Van,2714.39,True,2642.93,2642.53,2555.8,2647.48
TR-044260,2025-10-08,Reefer,5189.95,True,5176.62,5154.77,5004.1,5228.43
TR-044261,2025-10-08,Reefer,6037.04,True,6010.03,5963.45,5773.53,5817.3
TR-044262,2025-10-08,Reefer,3142.74,True,3146.96,3115.45,3057.24,3118.86
TR-044263,2025-10-08,Reefer,855.24,True,828.76,846.37,798.13,810.52
TR-044264,2025-10-08,Dry Van,950.68,True,957.52,965.18,931.75,964.12
TR-044265,2025-10-08,Dry Van,1071.43,True,1052.96,1034.32,1009.26,1046.22
TR-044266,2025-10-08,Dry Van,1578.75,True,1556.78,1521.26,1507.08,1563.72
TR-044267,2025-10-08,Dry Van,1441.53,True,1465.45,1447.37,1426.48,1493.01
TR-044268,2025-10-08,Dry Van,14425.42,False,4369.02,4352.37,4232.62,4374.76
TR-044269,2025-10-08,Dry Van,1423.7,True,1400.49,1383.67,1353.04,1425.57
TR-044270,2025-10-08,Reefer,3015.04,True,2969.05,2964.26,2879.51,3014.97
TR-044271,2025-10-08,Reefer,313.15,False,1523.36,1503.8,1470.94,1559.53
TR-044272,2025-10-08,Reefer,3157.99,True,3112.43,3037.87,3019.72,3103.62
TR-044273,2025-10-08,Dry Van,4227.08,True,4285.71,4303.17,4120.55,4340.12
TR-044274,2025-10-08,Dry Van,222.72,True,212.95,231.88,205.93,218.91
TR-044275,2025-10-08,Dry Van,1222.99,True,1196.73,1181.27,1161.98,1197.82
TR-044276,2025-10-08,Dry Van,2211.67,True,2178.71,2167.96,2085.2,2196.65
TR-044277,2025-10-08,Reefer,895.44,True,903.47,906.35,879.44,906.72
TR-044278,2025-10-08,Flatbed,372.9,True,376.93,383.28,366.93,369.71
TR-044279,2025-10-08,Flatbed,882.73,True,891.35,891.93,865.21,909.74
TR-044280,2025-10-08,Flatbed,3785.69,True,3762.67,3678.35,3635.06,3693.98
TR-044281,2025-10-08,Dry Van,3332.32,True,3300.75,3272.47,3194.93,3288.56
TR-044282,2025-10-08,Flatbed,1186.99,True,1164.65,1151.05,1119.54,1161.0
TR-044283,2025-10-08,Dry Van,1331.38,True,1326.37,1305.18,1281.54,1368.91
TR-044284,2025-10-08,Reefer,5018.12,True,4943.54,4873.15,4783.78,4867.25
TR-044285,2025-10-08,Dry Van,3965.18,True,3898.05,3914.61,3760.52,3958.5
TR-044286,2025-10-08,Dry Van,820.16,True,818.29,800.21,793.2,829.99
TR-044287,2025-10-08,Dry Van,4729.66,False,2001.7,1950.34,1931.18,2015.13
TR-044288,2025-10-08,Flatbed,2571.46,True,2547.03,2539.11,2474.37,2596.98
TR-044289,2025-10-08,Dry Van,1318.04,True,1345.59,1315.73,1302.71,1374.49
TR-044290,2025-10-08,Dry Van,1802.45,True,1787.44,1769.91,1737.99,1835.61
TR-044291,2025-10-08,Flatbed,1551.27,True,1580.58,1589.85,1523.28,1614.18
TR-044292,2025-10-08,Reefer,4277.65,True,4260.84,4200.52,4131.97,4343.04
TR-044293,2025-10-08,Reefer,1950.32,True,1869.99,1812.29,1815.06,1878.9
TR-044294,2025-10-08,Reefer,917.6,True,910.82,922.76,886.44,901.17
TR-044295,2025-10-08,Dry Van,302.65,True,300.56,306.62,289.77,297.23
TR-044296,2025-10-08,Flatbed,1548.61,True,1519.35,1507.15,1472.49,1545.6
TR-044297,2025-10-08,Reefer,6263.27,True,6190.18,6092.57,5960.51,6018.43
TR-044298,2025-10-08,Reefer,837.86,True,819.71,838.16,794.03,803.27
TR-044299,2025-10-08,Dry Van,906.63,True,913.44,931.42,877.8,881.91
TR-044300,2025-10-08,Flatbed,2996.39,True,2960.81,2934.96,2848.33,2908.52
TR-044301,2025-10-08,Flatbed,825.14,True,819.69,813.79,790.5,824.1
TR-044302,2025-10-08,Dry Van,1315.64,True,1291.53,1266.68,1243.56,1275.82
TR-044303,2025-10-08,Dry Van,1103.62,True,1093.64,1095.92,1059.24,1089.37
TR-044304,2025-10-08,Dry Van,3801.19,True,3809.56,3729.63,3676.71,3818.68
TR-044305,2025-10-08,Dry Van,981.87,True,968.17,945.77,939.71,993.48
TR-044306,2025-10-08,Reefer,1659.84,True,1665.04,1620.63,1601.06,1743.24
TR-044307,2025-10-08,Dry Van,812.96,True,793.76,787.48,761.02,781.01
TR-044308,2025-10-08,Reefer,1719.38,True,1713.28,1695.85,1655.33,1757.7
TR-044309,2025-10-08,Flatbed,4330.69,True,4098.52,4126.36,3950.01,4203.3
TR-044310,2025-10-08,Dry Van,3208.13,True,3156.44,3116.68,3049.53,3234.27
TR-044311,2025-10-08,Dry Van,5697.12,True,5774.64,5606.41,5597.44,5559.29
TR-044312,2025-10-08,Dry Van,411.17,False,1100.39,1102.65,1055.78,1092.06
TR-044313,2025-10-08,Dry Van,3197.76,True,3261.47,3186.24,3148.78,3235.1
TR-044314,2025-10-08,Dry Van,1387.71,True,1394.44,1385.89,1349.25,1408.38
TR-044315,2025-10-08,Dry Van,2051.57,True,2079.22,2024.59,2024.61,2072.03
TR-044316,2025-10-08,Dry Van,1066.71,True,1057.99,1043.58,1014.59,1036.9
TR-044317,2025-10-08,Reefer,2517.8,True,2503.68,2520.75,2427.47,2521.95
TR-044318,2025-10-08,Dry Van,2121.19,True,2121.01,2097.97,2062.3,2139.88
TR-044319,2025-10-08,Dry Van,3384.59,True,3374.6,3337.3,3267.88,3443.13
TR-044320,2025-10-08,Dry Van,988.67,True,980.14,965.55,953.67,985.44
TR-044321,2025-10-08,Dry Van,626.31,True,611.64,609.97,596.53,613.03
TR-044322,2025-10-08,Reefer,3896.37,True,3869.43,3886.17,3720.81,3751.92
TR-044323,2025-10-08,Flatbed,923.77,True,931.02,935.13,902.5,938.45
TR-044324,2025-10-08,Flatbed,1025.83,True,1013.68,985.8,978.77,1041.67
TR-044325,2025-10-08,Reefer,2880.8,True,2822.8,2838.14,2718.94,2779.95
TR-044326,2025-10-08,Dry Van,2475.13,True,2495.71,2423.74,2419.25,2554.27
TR-044327,2025-10-08,Dry Van,779.8,True,770.65,755.05,746.03,776.68
TR-044328,2025-10-08,Flatbed,919.26,True,912.99,936.45,887.43,920.88
TR-044329,2025-10-08,Flatbed,3104.79,True,3197.57,3194.53,3097.55,3260.36
TR-044330,2025-10-08,Flatbed,977.05,True,949.7,926.34,918.97,957.6
TR-044331,2025-10-08,Dry Van,578.45,True,583.4,570.19,565.87,561.06
TR-044332,2025-10-08,Reefer,2499.24,True,2406.11,2370.28,2323.8,2401.72
TR-044333,2025-10-08,Dry Van,1188.73,True,1172.89,1151.58,1132.19,1219.35
TR-044334,2025-10-08,Dry Van,1778.52,True,1716.47,1685.51,1662.88,1752.17
TR-044335,2025-10-08,Dry Van,5920.59,True,5889.07,5939.67,5685.22,5683.93
TR-044336,2025-10-08,Reefer,2154.76,True,2171.97,2123.39,2102.57,2210.21
TR-044337,2025-10-08,Dry Van,895.22,True,863.52,856.2,834.74,888.36
TR-044338,2025-10-08,Dry Van,3124.21,True,3070.32,3051.07,2977.17,3139.46
TR-044339,2025-10-08,Dry Van,2842.65,True,2788.55,2740.4,2704.4,2782.46
TR-044340,2025-10-08,Flatbed,1249.95,True,1224.74,1226.01,1178.79,1262.94
TR-044341,2025-10-08,Flatbed,6512.76,True,6255.97,6202.72,6069.07,6079.6
TR-044342,2025-10-08,Flatbed,3955.44,True,3914.21,3876.44,3807.32,3977.92
TR-044343,2025-10-08,Dry Van,1216.74,True,1191.99,1181.24,1156.0,1202.7
TR-044344,2025-10-08,Dry Van,2089.49,True,2053.3,2056.45,1994.96,2098.38
TR-044345,2025-10-08,Dry Van,10566.25,False,2089.48,2084.19,2028.19,2086.45
TR-044346,2025-10-08,Dry Van,4668.25,True,4682.34,4660.76,4510.36,4636.32
TR-044347,2025-10-08,Reefer,1334.51,True,1315.67,1328.05,1276.51,1359.23
TR-044348,2025-10-08,Reefer,972.88,True,937.4,955.8,906.77,920.26
TR-044349,2025-10-08,Dry Van,3174.36,True,3135.59,3057.89,3038.35,3088.7
TR-044350,2025-10-08,Dry Van,3098.28,True,3007.83,2916.98,2908.39,3027.14
TR-044351,2025-10-08,Flatbed,6080.94,True,6118.24,6011.86,5893.57,5965.26
TR-044352,2025-10-08,Reefer,5136.23,True,5066.5,5029.23,4919.52,4991.64
TR-044353,2025-10-08,Dry Van,1984.99,True,1990.44,1944.03,1934.72,2008.36
TR-044354,2025-10-08,Reefer,1763.19,True,1685.55,1679.42,1626.77,1741.53
TR-044355,2025-10-08,Flatbed,2070.12,True,2035.21,2010.66,1981.46,2054.28
TR-044356,2025-10-08,Dry Van,1645.67,True,1612.55,1594.29,1574.05,1642.26
TR-044357,2025-10-08,Reefer,5333.52,True,5316.12,5178.64,5104.26,5298.94
TR-044358,2025-10-08,Reefer,585.34,True,576.34,577.21,560.53,565.49
TR-044359,2025-10-08,Flatbed,2056.8,True,2086.13,2057.44,2028.24,2094.59
TR-044360,2025-10-08,Flatbed,4397.12,True,4276.17,4291.47,4153.62,4321.09
TR-044361,2025-10-08,Dry Van,2071.17,True,2064.95,2019.69,2010.16,2116.36
TR-044362,2025-10-08,Flatbed,2242.32,True,2281.65,2252.58,2192.44,2279.76
TR-044363,2025-10-08,Dry Van,1085.63,True,1068.67,1045.78,1038.2,1064.36
TR-044364,2025-10-08,Dry Van,3277.97,True,3319.29,3263.55,3208.4,3295.66
TR-044365,2025-10-08,Dry Van,1712.04,True,1671.85,1639.67,1622.49,1714.1
TR-044366,2025-10-08,Reefer,2247.82,True,2209.49,2178.42,2132.2,2237.92
TR-044367,2025-10-08,Reefer,4165.0,True,4147.98,4075.46,4012.33,4133.2
TR-044368,2025-10-08,Flatbed,1396.12,True,1339.0,1354.15,1289.44,1327.94
TR-044369,2025-10-08,Dry Van,501.69,True,498.12,487.05,484.3,490.31
TR-044370,2025-10-08,Dry Van,1152.09,True,1148.93,1133.48,1111.02,1156.32
TR-044371,2025-10-08,Reefer,1461.55,True,1439.44,1421.89,1390.27,1447.21
TR-044372,2025-10-08,Dry Van,4493.05,True,4469.92,4431.64,4330.63,4538.61
TR-044373,2025-10-08,Dry Van,3534.58,True,3479.45,3406.82,3370.53,3545.6
TR-044374,2025-10-08,Flatbed,2917.59,True,2816.95,2810.7,2725.71,2861.47
TR-044375,2025-10-08,Dry Van,3657.67,True,3587.22,3552.54,3454.67,3663.76
TR-044376,2025-10-08,Dry Van,1838.07,True,1845.25,1824.28,1778.5,1890.7
TR-044377,2025-10-08,Reefer,3042.93,True,2964.26,2950.12,2871.03,2966.56
TR-044378,2025-10-08,Dry Van,2100.15,True,2155.68,2151.57,2093.65,2198.77
TR-044379,2025-10-08,Dry Van,257.52,True,258.64,266.9,250.56,253.15
TR-044380,2025-10-08,Dry Van,741.71,True,743.15,741.67,715.29,718.66
TR-044381,2025-10-08,Dry Van,3741.48,True,3635.63,3617.77,3507.55,3643.35
TR-044382,2025-10-08,Dry Van,1996.66,True,2035.79,1988.87,1982.77,2091.6
TR-044383,2025-10-08,Dry Van,621.68,True,608.83,611.54,591.52,584.65
TR-044384,2025-10-08,Reefer,1700.19,True,1660.32,1625.47,1613.55,1658.3
TR-044385,2025-10-08,Reefer,1500.99,True,1474.54,1475.84,1430.51,1493.65
TR-044386,2025-10-08,Dry Van,2666.75,True,2668.53,2634.69,2580.13,2665.87
TR-044387,2025-10-08,Reefer,1875.44,True,1840.48,1795.25,1775.59,1854.0
TR-044388,2025-10-08,Flatbed,2445.03,True,2468.46,2520.27,2393.37,2482.6
TR-044389,2025-10-08,Dry Van,5670.75,True,5658.69,5616.2,5483.38,5587.81
TR-044390,2025-10-08,Dry Van,3544.19,True,3488.12,3444.12,3371.9,3531.98
TR-044391,2025-10-08,Dry Van,1308.91,True,1302.53,1288.46,1250.0,1359.66
TR-044392,2025-10-08,Flatbed,2945.22,True,2812.83,2819.16,2715.72,2726.6
TR-044393,2025-10-08,Flatbed,5009.84,True,4909.4,4879.72,4703.49,4975.41
TR-044394,2025-10-08,Dry Van,1847.58,True,1811.18,1768.19,1749.13,1823.35
TR-044395,2025-10-08,Flatbed,4694.66,True,4675.63,4612.49,4501.53,4508.51
TR-044396,2025-10-08,Flatbed,2735.4,True,2679.71,2692.11,2566.35,2729.2
TR-044397,2025-10-08,Dry Van,4225.88,True,4235.34,4159.05,4080.02,4365.59
TR-044398,2025-10-08,Dry Van,3194.31,True,3070.6,3033.24,2971.94,3113.41
TR-044399,2025-10-08,Reefer,3375.73,True,3324.95,3302.02,3217.39,3336.36
TR-044400,2025-10-08,Reefer,1438.13,True,1434.64,1393.92,1377.23,1443.87
TR-044401,2025-10-08,Dry Van,1719.59,True,1688.96,1657.27,1634.56,1713.57
TR-044402,2025-10-08,Flatbed,2735.62,True,2686.23,2706.9,2582.9,2690.88
TR-044403,2025-10-08,Flatbed,3817.37,True,3686.18,3603.01,3565.54,3729.52
TR-044404,2025-10-08,Dry Van,3441.81,True,3349.43,3244.45,3240.23,3279.57
TR-044405,2025-10-08,Dry Van,1053.16,True,1024.33,1031.54,988.06,1032.0
TR-044406,2025-10-08,Dry Van,2584.59,True,2522.03,2484.83,2439.86,2574.59
TR-044407,2025-10-08,Dry Van,3962.36,True,3955.49,3852.19,3819.68,3972.3
TR-044408,2025-10-08,Dry Van,3502.63,True,3391.23,3338.99,3275.65,3308.37
TR-044409,2025-10-08,Reefer,1196.54,True,1170.89,1196.57,1127.7,1187.75
TR-044410,2025-10-08,Reefer,2670.34,True,2651.53,2644.9,2563.32,2602.71
TR-044411,2025-10-08,Reefer,2641.96,True,2619.4,2616.94,2547.24,2647.15
TR-044412,2025-10-08,Reefer,515.65,True,518.48,504.43,503.51,520.23
TR-044413,2025-10-08,Reefer,2047.8,True,2004.81,1992.11,1946.3,2038.37
TR-044414,2025-10-08,Dry Van,2281.75,False,621.28,617.14,602.49,614.43
TR-044415,2025-10-08,Flatbed,1264.02,True,1253.74,1248.66,1213.92,1285.18
TR-044416,2025-10-08,Dry Van,4584.93,True,4544.52,4472.75,4395.04,4624.45
TR-044417,2025-10-08,Dry Van,3093.95,True,3027.61,2956.66,2950.02,3061.71
TR-044418,2025-10-08,Flatbed,1945.36,True,1941.41,1914.58,1886.31,1987.69
TR-044419,2025-10-08,Dry Van,1324.61,True,1339.21,1312.26,1300.37,1372.66
TR-044420,2025-10-08,Dry Van,350.21,True,346.89,340.83,334.66,345.71
TR-044421,2025-10-08,Dry Van,1777.07,True,1776.72,1742.4,1723.56,1826.37
TR-044422,2025-10-08,Dry Van,596.8,True,601.27,587.57,580.86,579.99
TR-044423,2025-10-08,Dry Van,4747.88,False,1505.54,1479.79,1462.61,1514.81
TR-044424,2025-10-09,Reefer,2664.93,True,2599.82,2590.85,2520.32,2615.46
TR-044425,2025-10-09,Dry Van,1880.05,True,1846.41,1807.88,1789.06,1854.17
TR-044426,2025-10-09,Dry Van,2542.03,True,2582.3,2499.07,2504.51,2559.25
TR-044427,2025-10-09,Dry Van,5016.11,True,4935.62,4891.62,4774.02,4876.06
TR-044428,2025-10-09,Dry Van,599.05,True,577.84,566.83,564.24,581.3
TR-044429,2025-10-09,Reefer,4113.37,True,4064.67,4002.99,3949.47,4080.82
TR-044430,2025-10-09,Flatbed,2121.88,True,2070.91,2020.85,2005.17,2105.33
TR-044431,2025-10-09,Reefer,2658.76,True,2625.7,2639.57,2535.27,2612.43
TR-044432,2025-10-09,Flatbed,1313.69,True,1296.12,1281.47,1256.0,1320.12
TR-044433,2025-10-09,Dry Van,1849.4,True,1763.85,1705.41,1710.46,1775.77
TR-044434,2025-10-09,Dry Van,1021.86,True,1000.03,955.37,972.38,1016.57
TR-044435,2025-10-09,Reefer,961.45,True,963.46,953.77,929.82,941.77
TR-044436,2025-10-09,Dry Van,2090.03,True,2056.24,2037.87,1988.94,2077.31
TR-044437,2025-10-09,Dry Van,2211.15,True,2134.91,2064.76,2069.69,2177.41
TR-044438,2025-10-09,Flatbed,911.78,True,911.78,910.43,880.27,923.64
TR-044439,2025-10-09,Flatbed,3852.58,True,3757.66,3709.15,3646.75,3780.65
TR-044440,2025-10-09,Dry Van,5332.05,True,5378.69,5283.32,5232.54,5289.5
TR-044441,2025-10-09,Reefer,1585.9,True,1598.01,1557.22,1535.19,1619.21
TR-044442,2025-10-09,Flatbed,5938.75,True,5918.32,5836.2,5730.91,5719.0
TR-044443,2025-10-09,Dry Van,995.1,True,1005.96,1000.91,975.75,1023.85
TR-044444,2025-10-09,Dry Van,4275.91,True,4254.92,4282.72,4108.6,4260.1
TR-044445,2025-10-09,Reefer,4782.28,True,4692.86,4649.35,4550.02,4789.77
TR-044446,2025-10-09,Dry Van,1266.91,True,1233.98,1182.63,1191.89,1265.04
TR-044447,2025-10-09,Flatbed,4404.31,True,4463.86,4335.35,4312.77,4448.52
TR-044448,2025-10-09,Dry Van,4516.71,True,4430.68,4393.69,4288.94,4460.35
TR-044449,2025-10-09,Dry Van,1119.61,True,1088.54,1088.45,1049.06,1066.76
TR-044450,2025-10-09,Flatbed,2617.72,True,2653.92,2595.87,2565.22,2712.86
TR-044451,2025-10-09,Dry Van,1954.43,True,1903.33,1846.67,1846.5,1912.26
TR-044452,2025-10-09,Dry Van,506.9,True,501.32,506.76,484.27,494.28
TR-044453,2025-10-09,Dry Van,920.64,True,902.93,903.76,874.78,880.62
TR-044454,2025-10-09,Reefer,3737.47,True,3699.75,3566.33,3601.21,3739.72
TR-044455,2025-10-09,Dry Van,4327.96,True,4308.8,4196.14,4166.5,4269.67
TR-044456,2025-10-09,Reefer,2254.47,True,2286.66,2253.88,2215.41,2281.23
TR-044457,2025-10-09,Dry Van,1795.99,True,1752.26,1720.48,1700.04,1778.93
TR-044458,2025-10-09,Dry Van,1922.84,True,1894.8,1848.02,1836.88,1896.32
TR-044459,2025-10-09,Reefer,4049.21,True,3987.9,3950.29,3851.89,4017.21
TR-044460,2025-10-09,Reefer,1371.17,True,1332.01,1323.82,1288.17,1335.11
TR-044461,2025-10-09,Dry Van,5791.84,True,5712.05,5568.22,5553.46,5598.55
TR-044462,2025-10-09,Dry Van,1058.31,True,1038.43,1021.69,1010.74,1066.76
TR-044463,2025-10-09,Dry Van,2054.89,True,2003.23,1973.09,1945.7,2030.68
TR-044464,2025-10-09,Reefer,3037.14,True,3039.91,3031.65,2944.8,3065.45
TR-044465,2025-10-09,Dry Van,816.77,True,806.71,797.14,785.51,816.35
TR-044466,2025-10-09,Reefer,1573.0,True,1540.31,1546.93,1496.02,1590.51
TR-044467,2025-10-09,Dry Van,1260.89,True,1244.28,1245.39,1204.03,1267.05
TR-044468,2025-10-09,Dry Van,2916.35,True,2830.78,2784.38,2736.69,2793.0
TR-044469,2025-10-09,Dry Van,223.86,True,220.95,230.58,212.24,226.61
TR-044470,2025-10-09,Flatbed,1777.76,True,1716.65,1699.96,1673.39,1751.51
TR-044471,2025-10-09,Dry Van,4774.04,True,4708.77,4655.04,4572.06,4601.72
TR-044472,2025-10-09,Dry Van,3423.01,True,3388.37,3335.33,3281.99,3445.61
TR-044473,2025-10-09,Reefer,2413.73,True,2322.44,2325.53,2258.75,2357.82
TR-044474,2025-10-09,Dry Van,3383.17,True,3336.85,3302.9,3241.58,3298.87
TR-044475,2025-10-09,Reefer,1029.53,True,1020.6,1007.3,980.38,983.49
TR-044476,2025-10-09,Reefer,1550.3,True,1534.03,1511.55,1491.86,1581.74
TR-044477,2025-10-09,Dry Van,1544.43,True,1515.25,1502.41,1460.18,1536.74
TR-044478,2025-10-09,Dry Van,4135.5,True,4018.42,3907.77,3903.21,4052.58
TR-044479,2025-10-09,Dry Van,707.53,True,687.51,672.15,662.28,685.92
TR-044480,2025-10-09,Flatbed,4078.06,True,4055.16,3986.97,3937.83,4185.21
TR-044481,2025-10-09,Dry Van,1955.55,True,1947.47,1908.87,1893.27,1948.56
TR-044482,2025-10-09,Dry Van,2973.63,True,2926.65,2859.42,2832.16,2909.9
TR-044483,2025-10-09,Dry Van,1956.4,True,1877.92,1822.75,1822.85,1887.52
TR-044484,2025-10-09,Reefer,1643.75,True,1647.14,1626.69,1605.08,1680.22
TR-044485,2025-10-09,Flatbed,811.54,True,817.01,842.42,793.45,799.04
TR-044486,2025-10-09,Dry Van,802.51,True,805.72,788.34,782.26,801.53
TR-044487,2025-10-09,Dry Van,2089.95,True,2062.71,2018.16,1984.59,2074.76
TR-044488,2025-10-09,Reefer,1834.67,True,1822.88,1815.26,1767.5,1836.01
TR-044489,2025-10-09,Dry Van,841.52,True,864.23,863.49,841.21,905.44
TR-044490,2025-10-09,Dry Van,3969.29,True,3891.37,3859.3,3790.29,3947.98
TR-044491,2025-10-09,Dry Van,1521.83,True,1469.53,1438.74,1423.05,1460.43
TR-044492,2025-10-09,Dry Van,464.23,True,461.83,455.05,446.51,449.16
TR-044493,2025-10-09,Dry Van,2195.41,True,2152.68,2160.17,2102.95,2178.99
TR-044494,2025-10-09,Dry Van,1962.57,True,1967.98,1924.15,1911.5,1990.75
TR-044495,2025-10-09,Flatbed,905.33,True,903.67,890.78,877.52,896.99
TR-044496,2025-10-09,Reefer,1125.21,True,1108.88,1108.52,1079.33,1166.76
TR-044497,2025-10-09,Reefer,6610.87,True,6567.12,6210.22,6354.25,6432.7
TR-044498,2025-10-09,Dry Van,2958.24,True,2948.58,2890.06,2852.12,2931.99
TR-044499,2025-10-09,Reefer,5686.14,True,5559.29,5457.08,5407.83,5489.03
TR-044500,2025-10-09,Reefer,3519.69,True,3500.43,3479.23,3386.98,3540.12
TR-044501,2025-10-09,Dry Van,3828.39,True,3775.17,3734.55,3633.23,3807.24
TR-044502,2025-10-09,Dry Van,4282.29,True,4196.87,4094.92,4026.63,4104.74
TR-044503,2025-10-09,Dry Van,5511.27,False,1399.48,1377.43,1360.68,1416.58
TR-044504,2025-10-09,Reefer,656.59,True,656.1,650.81,637.66,658.01
TR-044505,2025-10-09,Dry Van,1044.29,True,1030.19,1022.68,995.93,1043.41
TR-044506,2025-10-09,Flatbed,2611.99,True,2580.41,2529.3,2495.35,2669.38
TR-044507,2025-10-09,Reefer,3806.22,True,3801.02,3728.18,3689.13,3890.95
TR-044508,2025-10-09,Reefer,1457.28,True,1463.23,1488.8,1420.58,1479.77
TR-044509,2025-10-09,Flatbed,973.83,True,961.37,970.17,931.23,949.78
TR-044510,2025-10-09,Reefer,1926.36,True,1905.68,1879.7,1850.45,1952.7
TR-044511,2025-10-09,Reefer,1431.35,True,1403.39,1394.5,1358.63,1418.04
TR-044512,2025-10-09,Flatbed,2149.17,True,2080.31,2040.52,2012.38,2058.49
TR-044513,2025-10-09,Dry Van,1241.75,True,1248.09,1208.69,1205.68,1263.66
TR-044514,2025-10-09,Dry Van,5053.13,True,5075.66,4982.25,4931.66,4979.69
TR-044515,2025-10-09,Flatbed,958.28,True,926.52,906.95,899.2,917.22
TR-044516,2025-10-09,Dry Van,1203.76,True,1195.84,1176.71,1161.82,1207.54
TR-044517,2025-10-09,Dry Van,2237.63,True,2242.11,2239.61,2184.33,2265.53
TR-044518,2025-10-09,Dry Van,1117.48,True,1112.92,1082.77,1085.31,1163.4
TR-044519,2025-10-09,Flatbed,3466.55,True,3487.49,3439.48,3382.14,3585.48
TR-044520,2025-10-09,Reefer,1571.77,True,1588.89,1552.96,1543.01,1579.09
TR-044521,2025-10-09,Reefer,1901.84,True,1880.88,1860.4,1824.77,1933.76
TR-044522,2025-10-09,Reefer,2504.88,True,2487.18,2524.57,2405.71,2482.77
TR-044523,2025-10-09,Flatbed,611.91,True,598.38,619.57,577.18,586.67
TR-044524,2025-10-09,Dry Van,2940.49,False,736.08,735.27,714.69,710.68
TR-044525,2025-10-09,Dry Van,3704.53,True,3653.77,3635.28,3528.15,3709.85
TR-044526,2025-10-09,Dry Van,1095.83,True,1068.03,1058.07,1028.67,1090.12
TR-044527,2025-10-09,Dry Van,4016.71,True,4010.75,3951.0,3880.96,4042.71
TR-044528,2025-10-09,Dry Van,1701.51,True,1690.82,1658.68,1643.2,1723.35
TR-044529,2025-10-09,Reefer,5687.25,True,5660.53,5559.11,5510.4,5603.27
TR-044530,2025-10-09,Reefer,4901.87,True,4909.71,5015.81,4755.55,4947.2
TR-044531,2025-10-09,Flatbed,4501.42,True,4434.47,4401.93,4304.38,4507.5
TR-044532,2025-10-09,Reefer,4628.73,True,4631.94,4557.77,4477.25,4664.88
TR-044533,2025-10-09,Reefer,5069.63,True,4815.05,4632.23,4659.52,4797.21
TR-044534,2025-10-09,Flatbed,3540.21,True,3530.23,3465.07,3422.09,3566.07
TR-044535,2025-10-09,Dry Van,3957.89,True,3932.81,3820.78,3822.87,3827.59
TR-044536,2025-10-09,Dry Van,3939.62,True,3886.45,3818.62,3791.13,3985.86
TR-044537,2025-10-09,Dry Van,1639.77,True,1636.31,1631.04,1595.56,1676.58
TR-044538,2025-10-09,Dry Van,665.88,True,642.19,634.94,623.27,632.0
TR-044539,2025-10-09,Dry Van,942.96,True,930.82,941.0,900.84,926.53
TR-044540,2025-10-09,Dry Van,2603.65,True,2635.88,2573.66,2552.57,2651.66
TR-044541,2025-10-09,Reefer,2071.76,True,2070.47,2046.98,2002.54,2138.98
TR-044542,2025-10-09,Dry Van,1691.61,True,1653.17,1666.23,1600.76,1671.8
TR-044543,2025-10-09,Dry Van,4241.74,True,4358.95,4334.86,4208.35,4426.35
TR-044544,2025-10-09,Dry Van,3757.74,True,3674.11,3590.31,3576.74,3558.33
TR-044545,2025-10-09,Dry Van,1152.84,True,1152.86,1159.19,1115.13,1169.24
TR-044546,2025-10-09,Dry Van,1789.11,True,1771.01,1734.41,1723.25,1784.88
TR-044547,2025-10-09,Dry Van,742.74,True,743.07,739.69,721.23,719.41
TR-044548,2025-10-09,Dry Van,794.34,True,788.67,794.31,765.61,804.88
TR-044549,2025-10-09,Dry Van,1612.45,True,1614.19,1578.54,1566.92,1665.11
TR-044550,2025-10-09,Flatbed,4242.66,True,4194.48,4130.61,4055.35,4180.01
TR-044551,2025-10-09,Dry Van,1769.34,True,1731.56,1700.15,1675.01,1802.11
TR-044552,2025-10-09,Dry Van,1423.71,True,1374.35,1351.74,1324.2,1404.94
TR-044553,2025-10-09,Dry Van,1653.45,True,1614.13,1607.17,1564.38,1604.31
TR-044554,2025-10-09,Dry Van,2008.89,True,1994.46,1961.18,1939.28,2012.61
TR-044555,2025-10-09,Dry Van,1077.79,True,1080.32,1060.1,1048.58,1075.1
TR-044556,2025-10-09,Dry Van,367.67,False,1009.23,1005.56,976.8,1025.62
TR-044557,2025-10-09,Flatbed,874.67,True,874.42,864.76,845.27,863.03
TR-044558,2025-10-09,Reefer,856.91,True,842.63,815.64,822.68,842.18
TR-044559,2025-10-09,Flatbed,5584.9,True,5434.72,5370.94,5290.3,5494.58
TR-044560,2025-10-09,Dry Van,1059.7,True,1035.82,1028.14,1002.43,1023.43
TR-044561,2025-10-09,Reefer,2781.77,True,2801.24,2792.9,2709.98,2812.88
TR-044562,2025-10-09,Dry Van,1776.94,True,1684.62,1642.45,1633.7,1714.81
TR-044563,2025-10-09,Dry Van,1556.42,True,1559.82,1569.78,1508.95,1573.23
TR-044564,2025-10-09,Flatbed,2283.31,True,2266.44,2251.32,2206.3,2283.72
TR-044565,2025-10-09,Reefer,1484.72,True,1468.37,1440.04,1424.13,1451.26
TR-044566,2025-10-09,Flatbed,1264.57,True,1267.98,1281.02,1225.31,1281.64
TR-044567,2025-10-09,Dry Van,2415.68,True,2366.66,2343.1,2297.75,2389.28
TR-044568,2025-10-09,Dry Van,231.71,True,224.19,237.12,217.38,227.81
TR-044569,2025-10-09,Dry Van,3521.35,True,3472.22,3321.52,3359.51,3435.46
TR-044570,2025-10-09,Dry Van,2405.13,True,2374.93,2356.26,2300.93,2362.39
TR-044571,2025-10-09,Reefer,282.04,True,281.53,251.86,275.42,277.78
TR-044572,2025-10-09,Dry Van,1163.86,True,1156.32,1154.0,1120.23,1165.68
TR-044573,2025-10-09,Dry Van,1445.85,True,1422.42,1405.87,1381.35,1402.22
TR-044574,2025-10-09,Dry Van,3348.58,True,3313.27,3223.32,3205.77,3272.2
TR-044575,2025-10-09,Dry Van,396.7,True,396.6,373.96,382.76,393.48
TR-044576,2025-10-09,Flatbed,4226.48,True,4143.63,4062.26,4015.3,4185.79
TR-044577,2025-10-09,Dry Van,1415.91,True,1395.3,1384.42,1352.49,1407.47
TR-044578,2025-10-10,Reefer,5360.52,True,5353.03,5436.11,5166.92,5425.43
TR-044579,2025-10-10,Flatbed,2275.93,True,2257.58,2251.39,2188.97,2322.57
TR-044580,2025-10-10,Dry Van,1853.27,True,1787.74,1738.94,1714.16,1787.23
TR-044581,2025-10-10,Reefer,1128.32,True,1114.09,1118.11,1070.63,1122.83
TR-044582,2025-10-10,Dry Van,1898.58,True,1891.98,1904.31,1843.46,1928.1
TR-044583,2025-10-10,Dry Van,3378.19,True,3295.23,3272.17,3158.44,3219.69
TR-044584,2025-10-10,Dry Van,1028.21,True,1030.89,1009.55,997.59,1046.51
TR-044585,2025-10-10,Reefer,1244.46,True,1224.94,1243.83,1181.31,1219.71
TR-044586,2025-10-10,Reefer,2302.46,True,2253.54,2221.8,2176.39,2245.07
TR-044587,2025-10-10,Flatbed,3759.04,True,3685.44,3561.64,3563.48,3723.14
TR-044588,2025-10-10,Dry Van,2435.89,True,2346.04,2283.08,2251.47,2372.32
TR-044589,2025-10-10,Dry Van,2421.18,True,2340.58,2308.27,2271.23,2409.53
TR-044590,2025-10-10,Reefer,4254.93,True,4126.92,4081.42,3992.16,4152.74
TR-044591,2025-10-10,Dry Van,2033.38,True,2040.94,1963.12,1980.8,2053.36
TR-044592,2025-10-10,Dry Van,993.54,True,1001.01,1000.17,955.96,1009.15
TR-044593,2025-10-10,Dry Van,789.41,True,787.29,781.04,754.01,782.53
TR-044594,2025-10-10,Reefer,2242.33,True,2176.5,2162.16,2100.31,2192.36
TR-044595,2025-10-10,Flatbed,4589.65,True,4524.93,4398.06,4336.77,4469.38
TR-044596,2025-10-10,Reefer,3217.79,True,3234.78,3207.7,3126.28,3241.78
TR-044597,2025-10-10,Dry Van,2864.16,True,2812.83,2772.83,2694.86,2778.25
TR-044598,2025-10-10,Reefer,2174.63,True,2119.05,2119.36,2056.78,2114.7
TR-044599,2025-10-10,Dry Van,2343.86,True,2354.74,2291.78,2271.52,2329.4
TR-044600,2025-10-10,Dry Van,4335.83,True,4347.84,4305.56,4196.59,4326.65
TR-044601,2025-10-10,Reefer,3522.2,True,3546.2,3551.81,3406.3,3580.91
TR-044602,2025-10-10,Dry Van,915.66,True,898.06,892.07,871.93,915.7
TR-044603,2025-10-10,Reefer,2507.38,True,2505.12,2486.87,2416.49,2564.7
TR-044604,2025-10-10,Flatbed,3614.88,True,3634.1,3555.7,3507.16,3508.94
TR-044605,2025-10-10,Flatbed,2154.79,True,2127.41,2090.95,2067.63,2176.62
TR-044606,2025-10-10,Flatbed,5539.54,True,5480.88,5382.63,5269.62,5419.94
TR-044607,2025-10-10,Dry Van,3574.14,True,3508.09,3488.32,3382.48,3524.19
TR-044608,2025-10-10,Dry Van,1984.11,True,2005.81,1935.28,1943.81,2074.48
TR-044609,2025-10-10,Reefer,4085.99,True,3881.54,3855.83,3764.54,3880.85
TR-044610,2025-10-10,Dry Van,3224.7,True,3198.18,3112.51,3087.84,3294.9
TR-044611,2025-10-10,Dry Van,3692.86,True,3701.28,3649.52,3571.18,3730.91
TR-044612,2025-10-10,Reefer,3564.26,True,3597.77,3579.92,3483.3,3635.52
TR-044613,2025-10-10,Dry Van,2527.85,True,2431.0,2455.57,2352.56,2471.16
TR-044614,2025-10-10,Reefer,2094.59,False,895.48,903.5,866.6,885.81
TR-044615,2025-10-10,Dry Van,1264.94,True,1257.34,1280.53,1208.24,1245.3
TR-044616,2025-10-10,Dry Van,2194.61,True,2148.38,2123.65,2085.65,2204.63
TR-044617,2025-10-10,Dry Van,4045.17,True,3989.02,3868.81,3877.08,4109.0
TR-044618,2025-10-10,Reefer,3893.83,True,3835.32,3796.56,3704.79,3817.22
TR-044619,2025-10-10,Flatbed,1653.38,True,1639.64,1619.18,1568.71,1646.66
TR-044620,2025-10-10,Flatbed,4118.68,True,4061.26,4045.01,3903.56,4094.22
TR-044621,2025-10-10,Flatbed,4176.34,True,4099.68,4071.1,3923.21,4137.33
TR-044622,2025-10-10,Dry Van,2062.28,True,2080.92,2030.68,2000.59,2160.86
TR-044623,2025-10-10,Reefer,1806.72,True,1736.35,1713.6,1674.06,1803.78
TR-044624,2025-10-10,Dry Van,4782.29,True,4701.46,4734.05,4528.51,4724.71
TR-044625,2025-10-10,Dry Van,1473.33,True,1475.07,1467.1,1427.73,1495.44
TR-044626,2025-10-10,Reefer,1562.83,True,1526.81,1522.17,1473.48,1532.12
TR-044627,2025-10-10,Reefer,2032.95,True,1982.06,1933.28,1914.74,2021.14
TR-044628,2025-10-10,Reefer,3836.59,True,3705.2,3684.72,3594.2,3765.5
TR-044629,2025-10-10,Flatbed,4088.24,True,4067.03,4103.88,3929.16,4064.84
TR-044630,2025-10-10,Dry Van,3500.41,True,3419.83,3362.69,3289.71,3339.32
TR-044631,2025-10-10,Dry Van,1738.92,True,1750.62,1697.33,1683.47,1782.89
TR-044632,2025-10-10,Flatbed,5899.4,True,5759.28,5591.78,5604.86,5647.64
TR-044633,2025-10-10,Flatbed,4160.02,True,4048.24,3991.24,3910.83,4014.81
TR-044634,2025-10-10,Reefer,4594.27,True,4519.62,4512.0,4345.43,4427.24
TR-044635,2025-10-10,Flatbed,960.78,True,958.56,936.2,928.41,954.06
TR-044636,2025-10-10,Dry Van,2855.05,True,2808.18,2791.24,2704.95,2832.25
TR-044637,2025-10-10,Dry Van,379.54,True,371.61,363.77,359.39,368.38
TR-044638,2025-10-10,Flatbed,1199.69,True,1171.79,1172.53,1128.85,1162.38
TR-044639,2025-10-10,Dry Van,2093.43,True,2057.09,2023.68,1986.76,2072.68
TR-044640,2025-10-10,Reefer,5694.27,True,5590.63,5484.94,5352.08,5406.85
TR-044641,2025-10-10,Flatbed,3828.99,True,3833.32,3814.6,3709.72,3862.67
TR-044642,2025-10-10,Reefer,3758.85,True,3762.84,3755.86,3630.76,3798.7
TR-044643,2025-10-10,Flatbed,5681.14,True,5631.41,5484.22,5418.27,5482.61
TR-044644,2025-10-10,Dry Van,803.07,True,781.08,771.49,752.85,773.62
TR-044645,2025-10-10,Dry Van,1590.39,True,1558.78,1539.37,1500.27,1603.25
TR-044646,2025-10-10,Dry Van,3398.84,True,3414.27,3360.61,3314.74,3466.11
TR-044647,2025-10-10,Dry Van,4761.97,True,4642.47,4664.83,4489.86,4669.84
TR-044648,2025-10-10,Flatbed,2890.9,True,2789.17,2787.96,2704.63,2824.91
TR-044649,2025-10-10,Reefer,866.98,True,876.47,845.43,846.76,840.0
TR-044650,2025-10-10,Dry Van,2545.24,True,2489.79,2456.21,2420.91,2471.81
TR-044651,2025-10-10,Reefer,2601.44,True,2493.76,2456.1,2410.79,2492.64
TR-044652,2025-10-10,Dry Van,1283.49,True,1246.73,1247.36,1201.98,1220.68
TR-044653,2025-10-10,Dry Van,1327.27,True,1322.57,1306.63,1271.84,1293.85
TR-044654,2025-10-10,Flatbed,2213.71,True,2248.67,2177.15,2169.61,2274.36
TR-044655,2025-10-10,Dry Van,2460.2,True,2445.11,2404.19,2360.97,2481.71
TR-044656,2025-10-10,Reefer,798.7,True,777.62,805.21,750.25,769.47
TR-044657,2025-10-10,Dry Van,906.37,True,898.13,886.15,867.38,895.48
TR-044658,2025-10-10,Dry Van,2636.13,True,2623.38,2544.68,2536.6,2703.62
TR-044659,2025-10-10,Dry Van,1146.59,True,1154.77,1128.34,1108.39,1160.44
TR-044660,2025-10-10,Dry Van,1430.83,True,1389.5,1387.58,1335.48,1451.23
TR-044661,2025-10-10,Dry Van,2381.74,True,2367.74,2317.56,2292.05,2396.4
TR-044662,2025-10-10,Flatbed,1862.97,True,1808.66,1792.37,1757.58,1862.36
TR-044663,2025-10-10,Dry Van,634.08,True,618.73,608.27,597.5,618.82
TR-044664,2025-10-10,Dry Van,877.06,True,849.76,847.78,816.84,826.66
TR-044665,2025-10-10,Flatbed,2343.09,True,2383.05,2346.75,2296.97,2440.59
TR-044666,2025-10-10,Dry Van,770.02,True,752.19,752.27,724.82,740.71
TR-044667,2025-10-10,Dry Van,1180.98,True,1175.53,1158.68,1121.91,1171.88
TR-044668,2025-10-10,Dry Van,2260.68,True,2268.06,2176.29,2184.02,2319.54
TR-044669,2025-10-10,Reefer,3613.73,True,3656.63,3538.92,3514.14,3661.82
TR-044670,2025-10-10,Dry Van,1431.42,True,1399.27,1381.53,1360.12,1431.62
TR-044671,2025-10-10,Dry Van,200.31,False,1018.99,1002.3,980.06,1020.45
TR-044672,2025-10-10,Dry Van,2740.91,True,2747.98,2697.22,2666.14,2712.34
TR-044673,2025-10-10,Dry Van,3052.02,True,3094.73,3035.5,2997.1,3062.0
TR-044674,2025-10-10,Dry Van,3638.92,True,3562.35,3501.08,3429.42,3455.51
TR-044675,2025-10-10,Dry Van,3223.52,True,3223.73,3174.67,3115.13,3173.86
TR-044676,2025-10-10,Reefer,5148.13,True,5090.83,5052.36,4909.98,5120.08
TR-044677,2025-10-10,Reefer,6336.16,True,6140.52,6098.93,5908.72,6026.74
TR-044678,2025-10-10,Dry Van,1505.85,True,1478.38,1457.45,1431.3,1502.24
TR-044679,2025-10-10,Dry Van,2540.67,True,2496.19,2431.03,2406.74,2483.35
TR-044680,2025-10-10,Dry Van,1331.84,True,1306.7,1290.99,1263.98,1348.8
TR-044681,2025-10-10,Dry Van,1633.71,True,1573.18,1535.02,1511.04,1571.7
TR-044682,2025-10-10,Flatbed,4065.44,True,3942.21,3926.52,3841.76,4075.98
TR-044683,2025-10-10,Reefer,2737.93,True,2740.13,2712.08,2648.44,2804.64
TR-044684,2025-10-10,Dry Van,1092.65,True,1128.0,1113.42,1087.7,1176.47
TR-044685,2025-10-10,Dry Van,4871.12,True,4775.34,4664.42,4627.64,4784.12
TR-044686,2025-10-10,Dry Van,1190.14,True,1175.57,1175.38,1133.07,1213.47
TR-044687,2025-10-10,Dry Van,905.9,True,881.98,877.41,846.46,865.89
TR-044688,2025-10-10,Dry Van,875.41,True,873.13,867.12,838.22,884.05
TR-044689,2025-10-10,Flatbed,2080.96,True,2094.2,2046.28,2018.24,2110.61
TR-044690,2025-10-10,Flatbed,3355.91,True,3290.02,3211.37,3191.0,3302.32
TR-044691,2025-10-10,Flatbed,2357.78,True,2299.83,2272.43,2215.99,2326.38
TR-044692,2025-10-10,Reefer,3711.34,True,3705.59,3630.61,3579.53,3727.91
TR-044693,2025-10-10,Dry Van,362.69,False,1774.73,1756.54,1726.1,1787.35
TR-044694,2025-10-10,Flatbed,3873.54,True,3668.88,3677.51,3537.24,3613.92
TR-044695,2025-10-10,Dry Van,833.33,True,817.33,827.58,788.81,821.61
TR-044696,2025-10-10,Dry Van,2599.36,True,2542.03,2498.9,2468.45,2600.24
TR-044697,2025-10-10,Dry Van,2073.63,True,2072.23,2036.08,2007.64,2078.91
TR-044698,2025-10-10,Dry Van,838.28,True,831.01,839.94,799.16,809.41
TR-044699,2025-10-10,Dry Van,961.44,True,938.15,921.72,908.53,970.6
TR-044700,2025-10-10,Reefer,1654.14,True,1641.71,1625.55,1578.75,1659.9
TR-044701,2025-10-10,Dry Van,1747.88,True,1738.36,1754.06,1683.38,1781.7
TR-044702,2025-10-10,Flatbed,710.97,True,700.45,720.29,677.4,687.79
TR-044703,2025-10-10,Reefer,610.44,True,606.07,615.11,582.35,580.83
TR-044704,2025-10-10,Dry Van,1258.79,True,1234.86,1220.36,1184.04,1241.04
TR-044705,2025-10-10,Dry Van,1787.06,True,1757.32,1724.77,1701.9,1740.94
TR-044706,2025-10-10,Dry Van,637.89,True,638.22,630.5,615.12,619.65
TR-044707,2025-10-10,Reefer,2339.21,True,2314.9,2259.33,2247.11,2335.82
TR-044708,2025-10-10,Dry Van,1608.79,True,1543.55,1526.51,1491.35,1583.0
TR-044709,2025-10-10,Dry Van,3775.5,True,3694.94,3658.48,3578.95,3765.29
TR-044710,2025-10-10,Dry Van,1003.34,True,993.15,982.68,953.33,1014.08
TR-044711,2025-10-10,Dry Van,1226.9,True,1231.34,1218.21,1181.87,1225.63
TR-044712,2025-10-10,Dry Van,3849.77,True,3761.79,3693.74,3631.28,3769.55
TR-044713,2025-10-10,Dry Van,1328.5,True,1315.53,1295.68,1271.8,1314.36
TR-044714,2025-10-10,Dry Van,2169.55,True,2131.81,2080.69,2051.88,2170.0
TR-044715,2025-10-10,Flatbed,2089.85,True,2035.39,2048.99,1962.64,2070.75
TR-044716,2025-10-10,Dry Van,1909.37,True,1847.56,1844.11,1766.45,1902.39
TR-044717,2025-10-10,Dry Van,3714.5,True,3617.28,3593.14,3498.3,3661.07
TR-044718,2025-10-10,Dry Van,1525.78,True,1510.32,1486.29,1457.61,1549.09
TR-044719,2025-10-10,Dry Van,3046.89,True,3008.76,3001.97,2915.54,2962.35
TR-044720,2025-10-10,Reefer,2290.09,True,2235.97,2166.42,2148.01,2246.44
TR-044721,2025-10-10,Dry Van,3221.15,True,3192.47,3138.41,3078.3,3246.28
TR-044722,2025-10-10,Dry Van,1288.83,True,1262.22,1247.01,1226.05,1292.8
TR-044723,2025-10-10,Dry Van,2573.69,True,2563.04,2550.95,2480.78,2564.72
TR-044724,2025-10-10,Reefer,1717.37,True,1706.96,1710.32,1641.78,1693.07
TR-044725,2025-10-10,Flatbed,1955.02,True,1929.37,1907.92,1874.54,1958.95
TR-044726,2025-10-10,Dry Van,1835.97,True,1847.48,1828.07,1773.23,1870.2
TR-044727,2025-10-10,Dry Van,3745.12,True,3757.45,3714.27,3612.06,3663.51
TR-044728,2025-10-10,Dry Van,750.33,True,720.03,707.91,695.97,729.58
TR-044729,2025-10-10,Dry Van,3518.45,True,3412.89,3316.35,3302.83,3412.59
TR-044730,2025-10-10,Flatbed,3543.04,True,3403.1,3405.48,3291.12,3470.98
TR-044731,2025-10-11,Flatbed,4130.04,True,4084.28,4075.94,3958.49,4046.01
TR-044732,2025-10-11,Dry Van,2066.18,True,2039.86,2007.56,1968.8,2028.42
TR-044733,2025-10-11,Reefer,3996.28,True,3961.07,3921.52,3818.04,3942.24
TR-044734,2025-10-11,Reefer,2143.64,True,2111.43,2090.85,2046.58,2111.55
TR-044735,2025-10-11,Dry Van,2526.69,True,2492.78,2478.08,2418.62,2510.74
TR-044736,2025-10-11,Dry Van,1451.28,True,1429.48,1398.2,1383.91,1424.92
TR-044737,2025-10-11,Dry Van,624.8,True,626.87,617.68,603.88,611.29
TR-044738,2025-10-11,Reefer,4266.12,True,4125.84,4083.43,3979.94,4073.57
TR-044739,2025-10-11,Dry Van,1446.63,True,1399.15,1389.94,1347.93,1392.73
TR-044740,2025-10-11,Dry Van,1659.78,True,1623.1,1604.06,1572.24,1640.4
TR-044741,2025-10-11,Flatbed,592.16,True,586.76,603.96,566.55,573.15
TR-044742,2025-10-11,Dry Van,3718.09,True,3709.83,3684.77,3585.26,3734.99
TR-044743,2025-10-11,Flatbed,2569.64,True,2592.68,2476.22,2510.73,2589.0
TR-044744,2025-10-11,Reefer,3529.82,True,3533.03,3456.65,3395.25,3499.57
TR-044745,2025-10-11,Flatbed,995.91,True,991.19,979.36,958.65,980.46
TR-044746,2025-10-11,Dry Van,2469.04,True,2477.67,2431.18,2403.77,2433.42
TR-044747,2025-10-11,Dry Van,1185.3,True,1168.14,1171.49,1130.12,1187.02
TR-044748,2025-10-11,Dry Van,1222.96,True,1244.19,1242.87,1201.83,1289.14
TR-044749,2025-10-11,Flatbed,830.84,True,809.88,799.42,784.09,811.37
TR-044750,2025-10-11,Reefer,1833.98,True,1851.25,1860.64,1794.73,1900.63
TR-044751,2025-10-11,Reefer,4593.62,True,4554.04,4546.46,4404.27,4561.93
TR-044752,2025-10-11,Dry Van,576.81,True,578.37,584.56,558.72,581.64
TR-044753,2025-10-11,Flatbed,2696.69,True,2669.3,2591.94,2584.85,2693.52
TR-044754,2025-10-11,Dry Van,2900.53,True,2928.72,2875.13,2823.81,2920.06
TR-044755,2025-10-11,Dry Van,1409.03,True,1337.39,1359.0,1293.92,1332.01
TR-044756,2025-10-11,Flatbed,330.59,True,327.63,344.82,315.79,313.96
TR-044757,2025-10-11,Dry Van,2634.45,True,2564.35,2454.96,2480.77,2541.53
TR-044758,2025-10-11,Dry Van,3226.88,True,3117.07,3095.21,3015.31,3114.5
TR-044759,2025-10-11,Dry Van,1539.47,True,1490.59,1477.31,1445.88,1519.34
TR-044760,2025-10-11,Flatbed,1278.47,True,1253.19,1255.34,1215.06,1285.86
TR-044761,2025-10-11,Flatbed,1171.99,True,1180.14,1189.78,1142.22,1177.49
TR-044762,2025-10-11,Reefer,652.79,True,646.75,671.46,625.83,637.99
TR-044763,2025-10-11,Reefer,2435.68,True,2425.71,2398.55,2332.24,2432.03
TR-044764,2025-10-11,Dry Van,1097.91,True,1081.91,1073.7,1041.68,1075.92
TR-044765,2025-10-11,Reefer,2539.48,True,2500.21,2495.85,2412.83,2546.29
TR-044766,2025-10-11,Dry Van,1029.56,True,1024.72,999.94,988.76,1012.22
TR-044767,2025-10-11,Dry Van,2369.47,True,2340.82,2306.98,2260.29,2342.17
TR-044768,2025-10-11,Dry Van,2008.85,True,2019.2,2019.93,1953.04,2009.17
TR-044769,2025-10-11,Flatbed,1774.03,True,1760.26,1750.35,1712.42,1793.49
TR-044770,2025-10-11,Reefer,3453.25,True,3520.0,3473.54,3415.58,3509.02
TR-044771,2025-10-11,Dry Van,1450.86,True,1387.44,1372.47,1341.27,1362.92
TR-044772,2025-10-11,Flatbed,4264.86,True,4283.93,4211.5,4127.72,4282.07
TR-044773,2025-10-11,Dry Van,1850.81,True,1909.41,1905.51,1832.65,1933.41
TR-044774,2025-10-11,Dry Van,3135.88,True,3055.87,3021.84,2949.82,3035.63
TR-044775,2025-10-11,Dry Van,765.24,True,751.79,760.39,725.54,744.78
TR-044776,2025-10-11,Dry Van,3622.4,True,3518.56,3506.84,3383.83,3509.33
TR-044777,2025-10-11,Dry Van,2038.84,True,2054.26,2009.62,1984.74,2084.06
TR-044778,2025-10-11,Flatbed,3969.34,True,4092.24,4021.9,3968.27,4007.78
TR-044779,2025-10-11,Dry Van,5512.17,True,5351.22,5331.53,5191.75,5383.83
TR-044780,2025-10-11,Dry Van,2181.21,True,2118.0,2121.56,2046.63,2143.93
TR-044781,2025-10-11,Dry Van,2154.25,True,2134.95,2096.15,2060.95,2128.26
TR-044782,2025-10-11,Dry Van,2695.97,True,2628.94,2582.45,2546.97,2614.52
TR-044783,2025-10-11,Dry Van,4912.78,True,4848.73,4846.38,4691.51,4894.58
TR-044784,2025-10-11,Flatbed,1551.1,True,1541.04,1547.59,1491.13,1567.3
TR-044785,2025-10-11,Dry Van,3763.44,True,3692.97,3704.45,3553.76,3680.01
TR-044786,2025-10-11,Dry Van,4836.65,True,4785.21,4799.01,4638.12,4852.34
TR-044787,2025-10-11,Dry Van,2770.88,True,2802.59,2778.81,2713.86,2756.94
TR-044788,2025-10-11,Dry Van,1366.29,True,1340.37,1296.32,1300.08,1353.62
TR-044789,2025-10-11,Dry Van,4022.24,True,3922.95,3916.99,3788.55,3865.38
TR-044790,2025-10-11,Dry Van,3331.13,True,3304.19,3214.87,3188.07,3300.73
TR-044791,2025-10-11,Dry Van,1225.76,True,1168.36,1163.8,1117.0,1160.53
TR-044792,2025-10-11,Dry Van,913.55,True,886.17,867.13,860.81,899.2
TR-044793,2025-10-11,Dry Van,4235.01,True,4114.91,4020.73,3958.69,3977.78
TR-044794,2025-10-11,Reefer,815.47,True,780.59,800.79,750.81,773.57
TR-044795,2025-10-11,Reefer,2868.54,True,2794.03,2780.84,2694.94,2837.32
TR-044796,2025-10-11,Reefer,843.59,True,855.31,856.07,823.65,848.33
TR-044797,2025-10-11,Reefer,2296.11,True,2244.62,2186.55,2157.24,2229.59
TR-044798,2025-10-11,Dry Van,2811.96,True,2766.05,2740.4,2683.34,2823.96
TR-044799,2025-10-11,Dry Van,2415.75,True,2354.26,2306.83,2284.58,2321.44
TR-044800,2025-10-11,Dry Van,2823.06,True,2778.43,2762.31,2705.77,2838.64
TR-044801,2025-10-11,Dry Van,745.09,True,750.55,742.26,726.47,743.7
TR-044802,2025-10-11,Dry Van,2086.52,True,2001.92,1991.23,1928.44,2022.89
TR-044803,2025-10-11,Dry Van,374.65,True,378.86,386.31,366.0,366.61
TR-044804,2025-10-11,Flatbed,2215.66,True,2151.57,2134.58,2088.58,2223.94
TR-044805,2025-10-11,Reefer,2603.08,True,2562.54,2516.48,2493.12,2581.36
TR-044806,2025-10-11,Flatbed,1687.27,True,1643.19,1677.11,1595.77,1656.07
TR-044807,2025-10-11,Dry Van,2232.09,True,2248.67,2207.01,2172.64,2276.78
TR-044808,2025-10-11,Reefer,5298.97,True,5248.48,5188.86,5074.3,5324.11
TR-044809,2025-10-11,Reefer,2749.99,True,2758.03,2703.19,2659.19,2764.47
TR-044810,2025-10-11,Dry Van,954.62,True,942.55,939.66,913.34,954.53
TR-044811,2025-10-11,Flatbed,2995.69,True,2969.73,2927.2,2871.1,2948.26
TR-044812,2025-10-11,Dry Van,2266.03,True,2222.89,2192.89,2145.74,2230.82
TR-044813,2025-10-11,Dry Van,1260.72,True,1250.22,1255.18,1213.87,1242.65
TR-044814,2025-10-11,Dry Van,1530.36,True,1528.3,1468.52,1466.79,1525.64
TR-044815,2025-10-11,Flatbed,2836.3,True,2790.9,2755.09,2703.35,2733.28
TR-044816,2025-10-11,Reefer,4245.61,True,4346.02,4342.17,4196.77,4450.75
TR-044817,2025-10-11,Dry Van,1560.25,True,1514.22,1490.96,1470.96,1498.85
TR-044818,2025-10-11,Dry Van,1092.72,True,1107.38,1084.93,1063.65,1110.68
TR-044819,2025-10-11,Reefer,1765.53,True,1710.31,1732.36,1663.73,1738.86
TR-044820,2025-10-11,Dry Van,2297.87,True,2223.85,2166.97,2149.78,2219.46
TR-044821,2025-10-11,Dry Van,845.88,True,843.53,820.77,814.5,851.86
TR-044822,2025-10-11,Dry Van,1429.24,True,1419.85,1383.73,1372.92,1463.08
TR-044823,2025-10-11,Dry Van,2375.68,True,2403.17,2354.63,2317.16,2407.77
TR-044824,2025-10-11,Flatbed,1693.39,True,1650.25,1662.83,1593.56,1674.86
TR-044825,2025-10-11,Dry Van,850.11,True,831.9,831.54,802.98,807.16
TR-044826,2025-10-11,Flatbed,2482.78,True,2433.4,2398.06,2347.09,2436.53
TR-044827,2025-10-11,Dry Van,4042.27,True,4075.7,4057.64,3921.07,4065.08
TR-044828,2025-10-11,Dry Van,1656.01,True,1636.23,1608.29,1578.98,1637.45
TR-044829,2025-10-11,Dry Van,743.88,True,739.51,730.45,715.33,739.94
TR-044830,2025-10-11,Dry Van,4972.57,True,4894.08,4926.84,4702.48,4858.13
TR-044831,2025-10-11,Reefer,2476.8,True,2450.86,2421.79,2372.18,2464.49
TR-044832,2025-10-11,Flatbed,2236.15,True,2209.27,2211.11,2147.07,2270.0
TR-044833,2025-10-11,Dry Van,574.74,True,560.56,561.69,539.11,526.0
TR-044834,2025-10-11,Flatbed,1861.31,True,1864.47,1831.76,1802.24,1845.16
TR-044835,2025-10-11,Reefer,1599.63,True,1617.01,1577.58,1551.46,1642.58
TR-044836,2025-10-11,Dry Van,4403.49,True,4401.11,4359.92,4229.11,4401.37
TR-044837,2025-10-11,Dry Van,2854.96,True,2914.94,2899.72,2814.15,2905.02
TR-044838,2025-10-11,Flatbed,931.92,True,929.45,952.04,889.86,931.48
TR-044839,2025-10-11,Dry Van,2033.84,True,2000.07,1966.3,1934.96,2011.93
TR-044840,2025-10-11,Dry Van,502.51,True,483.63,484.4,469.64,471.04
TR-044841,2025-10-11,Dry Van,1954.46,True,1988.8,1961.06,1924.83,2002.2
TR-044842,2025-10-11,Dry Van,1326.6,True,1332.15,1304.11,1289.74,1330.6
TR-044843,2025-10-11,Dry Van,1007.0,True,984.97,985.44,952.43,990.12
TR-044844,2025-10-11,Flatbed,692.79,True,683.71,665.07,656.13,660.63
TR-044845,2025-10-11,Flatbed,1611.87,True,1584.98,1586.83,1540.37,1631.69
TR-044846,2025-10-11,Dry Van,1215.94,True,1184.96,1183.22,1146.51,1185.76
TR-044847,2025-10-11,Reefer,5148.98,True,5141.89,4943.33,4982.95,5021.55
TR-044848,2025-10-11,Dry Van,2077.18,True,2043.89,2003.08,1974.99,2018.68
TR-044849,2025-10-11,Dry Van,1808.89,True,1787.57,1759.12,1730.77,1775.18
TR-044850,2025-10-11,Dry Van,4011.46,True,3920.43,3847.54,3787.06,3920.71
TR-044851,2025-10-11,Dry Van,749.86,True,748.96,756.85,723.91,734.07
TR-044852,2025-10-11,Flatbed,1039.91,True,1014.93,1012.89,983.86,1041.59
TR-044853,2025-10-11,Dry Van,1146.55,True,1122.19,1103.82,1082.07,1120.45
TR-044854,2025-10-11,Dry Van,355.43,True,361.84,361.88,348.62,348.57
TR-044855,2025-10-11,Dry Van,3116.69,True,3083.39,2980.6,2992.7,3086.2
TR-044856,2025-10-11,Dry Van,1097.0,True,1097.05,1090.12,1057.51,1080.5
TR-044857,2025-10-11,Reefer,3693.98,True,3583.24,3528.74,3460.82,3522.27
TR-044858,2025-10-11,Reefer,3019.09,True,3014.17,2973.77,2900.27,2981.48
TR-044859,2025-10-11,Flatbed,1376.4,True,1361.2,1338.99,1325.48,1384.54
TR-044860,2025-10-11,Flatbed,938.27,True,931.24,920.58,899.1,924.21
TR-044861,2025-10-11,Dry Van,2823.1,True,2758.51,2749.45,2664.53,2763.73
TR-044862,2025-10-11,Dry Van,3892.95,True,3862.07,3881.78,3734.57,3898.19
TR-044863,2025-10-11,Reefer,2514.31,True,2529.52,2447.26,2452.69,2544.61
TR-044864,2025-10-11,Dry Van,1722.2,True,1682.81,1670.51,1625.4,1698.76
TR-044865,2025-10-11,Flatbed,3391.39,True,3292.51,3267.09,3159.81,3326.23
TR-044866,2025-10-11,Reefer,1201.66,True,1169.37,1181.08,1120.85,1138.34
TR-044867,2025-10-11,Dry Van,4879.73,True,4869.32,4941.67,4713.43,4879.09
TR-044868,2025-10-11,Dry Van,1401.87,True,1360.49,1339.29,1302.47,1358.56
TR-044869,2025-10-11,Dry Van,1541.11,True,1515.41,1500.69,1464.22,1530.23
TR-044870,2025-10-11,Dry Van,2345.48,True,2280.98,2273.5,2184.09,2265.34
TR-044871,2025-10-11,Reefer,3189.26,True,3112.06,3019.28,3005.5,3132.17
TR-044872,2025-10-11,Dry Van,1523.39,True,1511.14,1492.31,1462.78,1524.91
TR-044873,2025-10-11,Reefer,2187.08,True,2173.0,2205.37,2099.8,2211.83
TR-044874,2025-10-11,Flatbed,2896.66,True,2975.03,2939.19,2862.1,2991.45
TR-044875,2025-10-11,Flatbed,1585.01,True,1619.94,1606.56,1573.89,1611.39
TR-044876,2025-10-12,Dry Van,1180.75,True,1166.1,1151.01,1128.76,1161.11
TR-044877,2025-10-12,Dry Van,1651.48,True,1619.22,1590.52,1554.97,1646.82
TR-044878,2025-10-12,Dry Van,2915.51,True,2806.87,2742.41,2710.64,2811.53
TR-044879,2025-10-12,Dry Van,4106.96,True,4094.66,4068.71,3935.19,3973.35
TR-044880,2025-10-12,Reefer,972.47,True,942.97,948.71,904.32,938.04
TR-044881,2025-10-12,Dry Van,1839.31,True,1840.52,1852.64,1765.89,1868.65
TR-044882,2025-10-12,Reefer,3962.35,True,3850.84,3877.11,3708.81,3792.22
TR-044883,2025-10-12,Flatbed,2680.49,True,2619.44,2611.84,2514.42,2672.21
TR-044884,2025-10-12,Dry Van,1681.22,True,1713.69,1697.16,1656.06,1739.79
TR-044885,2025-10-12,Dry Van,1312.85,True,1297.23,1274.03,1254.37,1321.45
TR-044886,2025-10-12,Reefer,958.68,True,950.71,969.64,918.31,943.09
TR-044887,2025-10-12,Dry Van,3864.18,True,3823.84,3817.42,3706.97,3869.01
TR-044888,2025-10-12,Reefer,3843.11,True,3817.92,3712.34,3678.59,3784.74
TR-044889,2025-10-12,Dry Van,4837.8,True,4763.83,4805.89,4635.51,4606.19
TR-044890,2025-10-12,Dry Van,2799.64,True,2781.29,2736.61,2664.43,2728.97
TR-044891,2025-10-12,Dry Van,432.52,False,1238.28,1232.41,1193.81,1237.62
TR-044892,2025-10-12,Reefer,2329.16,True,2306.91,2260.75,2240.92,2299.11
TR-044893,2025-10-12,Dry Van,3231.04,True,3190.17,3087.77,3075.96,3179.87
TR-044894,2025-10-12,Flatbed,1505.96,True,1485.32,1483.89,1441.77,1466.66
TR-044895,2025-10-12,Reefer,1172.21,True,1175.37,1186.69,1140.31,1183.06
TR-044896,2025-10-12,Flatbed,3753.51,True,3750.62,3776.32,3602.62,3773.12
TR-044897,2025-10-12,Dry Van,1449.56,True,1433.11,1407.94,1384.12,1427.57
TR-044898,2025-10-12,Reefer,1316.22,True,1304.43,1272.66,1259.54,1304.36
TR-044899,2025-10-12,Reefer,1556.89,True,1569.32,1517.76,1512.96,1594.12
TR-044900,2025-10-12,Reefer,3117.01,True,3097.13,3052.54,2970.23,3051.62
TR-044901,2025-10-12,Dry Van,1732.05,True,1719.61,1687.97,1644.56,1722.04
TR-044902,2025-10-12,Dry Van,2452.86,True,2345.62,2276.63,2276.62,2354.33
TR-044903,2025-10-12,Flatbed,1167.24,True,1179.49,1185.19,1144.03,1194.57
TR-044904,2025-10-12,Dry Van,796.65,True,792.03,795.63,761.78,794.6
TR-044905,2025-10-12,Dry Van,3608.45,True,3501.99,3451.97,3347.53,3457.38
TR-044906,2025-10-12,Flatbed,1577.46,True,1583.44,1575.68,1518.45,1624.97
TR-044907,2025-10-12,Reefer,2122.59,True,2133.55,2130.09,2055.57,2173.1
TR-044908,2025-10-12,Reefer,1620.62,True,1612.41,1587.03,1564.32,1620.16
TR-044909,2025-10-12,Dry Van,974.16,True,963.91,946.19,918.8,983.13
TR-044910,2025-10-12,Reefer,4812.85,True,4754.74,4683.87,4590.04,4745.63
TR-044911,2025-10-12,Dry Van,4265.2,True,4326.3,4297.74,4145.36,4364.07
TR-044912,2025-10-12,Dry Van,746.79,True,736.86,730.2,709.98,731.95
TR-044913,2025-10-12,Reefer,2585.31,True,2543.57,2520.57,2465.4,2501.79
TR-044914,2025-10-12,Reefer,1979.4,True,1939.7,1943.92,1871.67,1919.36
TR-044915,2025-10-12,Dry Van,792.03,True,781.4,765.03,749.66,775.96
TR-044916,2025-10-12,Reefer,3526.26,True,3498.31,3589.72,3360.5,3509.01
TR-044917,2025-10-12,Flatbed,1101.8,True,1082.68,1094.91,1045.35,1073.64
TR-044918,2025-10-12,Reefer,4145.89,True,4171.9,4163.47,4020.06,4106.14
TR-044919,2025-10-12,Flatbed,2252.88,True,2229.09,2181.84,2160.9,2249.56
TR-044920,2025-10-12,Dry Van,1295.02,True,1282.22,1264.83,1232.79,1265.02
TR-044921,2025-10-12,Reefer,629.25,True,632.68,659.12,614.11,617.19
TR-044922,2025-10-12,Dry Van,766.12,True,765.88,752.09,731.77,746.29
TR-044923,2025-10-12,Dry Van,3712.11,True,3602.43,3557.42,3494.66,3627.02
TR-044924,2025-10-12,Reefer,4374.85,True,4268.27,4239.56,4118.76,4253.69
TR-044925,2025-10-12,Dry Van,3853.08,True,3806.28,3743.04,3674.48,3850.46
TR-044926,2025-10-12,Reefer,2593.74,True,2533.76,2482.76,2461.01,2513.11
TR-044927,2025-10-12,Reefer,1755.06,True,1744.65,1731.68,1675.64,1742.56
TR-044928,2025-10-12,Dry Van,1604.81,True,1570.01,1528.33,1513.75,1597.86
TR-044929,2025-10-12,Reefer,2067.28,True,2013.26,1972.86,1943.83,1989.77
TR-044930,2025-10-12,Dry Van,2429.12,True,2405.16,2412.0,2316.07,2414.6
TR-044931,2025-10-12,Dry Van,2897.41,True,2925.8,2912.5,2825.83,2886.2
TR-044932,2025-10-12,Dry Van,2020.05,True,2034.54,2020.08,1951.98,2008.61
TR-044933,2025-10-12,Dry Van,1222.18,True,1212.05,1168.21,1159.61,1197.49
TR-044934,2025-10-12,Flatbed,2026.79,True,1996.8,1974.95,1907.7,1965.97
TR-044935,2025-10-12,Flatbed,1802.29,True,1809.72,1850.7,1743.18,1796.17
TR-044936,2025-10-12,Dry Van,223.8,True,219.55,251.47,212.35,209.39
TR-044937,2025-10-12,Reefer,2480.64,True,2409.46,2400.43,2319.47,2374.71
TR-044938,2025-10-12,Dry Van,775.68,True,769.26,766.28,736.63,753.05
TR-044939,2025-10-12,Reefer,2807.38,True,2747.18,2738.67,2656.24,2730.27
TR-044940,2025-10-12,Dry Van,1904.64,True,1858.54,1847.04,1798.66,1852.27
TR-044941,2025-10-12,Dry Van,2344.65,True,2376.99,2302.2,2302.85,2407.27
TR-044942,2025-10-12,Dry Van,2284.16,True,2272.78,2243.71,2186.9,2208.12
TR-044943,2025-10-12,Dry Van,2859.94,True,2857.54,2856.36,2769.08,2888.16
TR-044944,2025-10-12,Dry Van,4523.92,True,4435.75,4452.77,4287.44,4395.86
TR-044945,2025-10-12,Dry Van,3498.59,True,3527.39,3509.29,3380.02,3541.97
TR-044946,2025-10-12,Flatbed,4783.76,True,4722.5,4780.54,4517.87,4687.49
TR-044947,2025-10-12,Reefer,3322.62,True,3358.74,3320.1,3248.8,3355.16
TR-044948,2025-10-12,Reefer,2199.27,True,2171.35,2130.22,2106.58,2208.55
TR-044949,2025-10-12,Reefer,2202.28,True,2173.22,2165.78,2097.86,2191.52
TR-044950,2025-10-12,Dry Van,3819.25,True,3760.54,3793.53,3632.15,3700.37
TR-044951,2025-10-12,Dry Van,4442.15,True,4345.48,4365.37,4175.53,4337.69
TR-044952,2025-10-12,Reefer,1592.63,True,1565.48,1544.75,1499.47,1579.15
TR-044953,2025-10-12,Reefer,1353.73,True,1333.38,1314.3,1292.4,1387.4
TR-044954,2025-10-12,Flatbed,3049.31,True,2956.49,2973.33,2850.05,2909.6
TR-044955,2025-10-12,Dry Van,2060.7,True,1997.88,1984.43,1928.38,2006.91
TR-044956,2025-10-12,Dry Van,1090.6,True,1074.52,1051.23,1039.05,1060.79
TR-044957,2025-10-12,Dry Van,1665.24,True,1630.68,1589.65,1576.62,1644.73
TR-044958,2025-10-12,Dry Van,4609.39,True,4677.41,4610.97,4526.52,4631.83
TR-044959,2025-10-12,Dry Van,1524.44,True,1509.95,1468.61,1449.83,1501.13
TR-044960,2025-10-12,Flatbed,1626.35,True,1594.54,1575.93,1527.17,1559.68
TR-044961,2025-10-12,Flatbed,1981.41,True,1946.69,1924.54,1871.75,1951.99
TR-044962,2025-10-12,Flatbed,502.61,True,498.73,496.69,483.38,474.75
TR-044963,2025-10-12,Dry Van,1050.72,True,1019.85,996.69,973.98,993.55
TR-044964,2025-10-12,Dry Van,4121.83,True,4121.94,4188.79,3977.36,4069.78
TR-044965,2025-10-12,Dry Van,1868.9,True,1800.35,1750.7,1733.24,1776.96
TR-044966,2025-10-12,Dry Van,3120.57,True,3058.21,3038.1,2961.82,3054.97
TR-044967,2025-10-12,Reefer,818.7,True,819.43,831.5,791.95,819.25
TR-044968,2025-10-12,Flatbed,1487.88,True,1499.49,1496.34,1437.51,1496.74
TR-044969,2025-10-12,Flatbed,849.59,True,838.75,839.46,803.09,822.8
TR-044970,2025-10-12,Reefer,3464.77,True,3439.1,3423.72,3304.26,3387.21
TR-044971,2025-10-12,Dry Van,2384.04,True,2479.58,2448.16,2388.15,2451.65
TR-044972,2025-10-12,Dry Van,4665.83,True,4639.14,4689.53,4519.96,4637.61
TR-044973,2025-10-12,Dry Van,4210.88,True,4138.04,4177.67,3982.34,4172.67
TR-044974,2025-10-12,Flatbed,593.57,True,582.32,568.04,559.51,565.31
TR-044975,2025-10-12,Dry Van,4123.49,True,4186.37,4091.43,4016.77,4102.81
TR-044976,2025-10-12,Dry Van,786.08,True,784.19,778.8,751.61,768.47
TR-044977,2025-10-12,Dry Van,1089.89,True,1111.66,1088.15,1062.38,1135.85
TR-044978,2025-10-12,Dry Van,3945.78,True,3985.68,3927.23,3875.58,3947.78
TR-044979,2025-10-12,Reefer,3500.91,True,3421.86,3366.16,3296.22,3433.84
TR-044980,2025-10-12,Dry Van,2147.73,True,2068.09,2057.63,2000.28,2077.34
TR-044981,2025-10-12,Dry Van,983.62,True,977.6,958.58,937.16,1004.33
TR-044982,2025-10-12,Reefer,2081.43,True,2112.02,2094.3,2024.5,2132.66
TR-044983,2025-10-12,Reefer,313.05,False,1434.8,1418.8,1381.44,1467.61
TR-044984,2025-10-12,Reefer,1381.56,True,1372.69,1331.93,1330.34,1409.64
TR-044985,2025-10-12,Dry Van,352.69,True,346.78,331.13,335.06,340.8
TR-044986,2025-10-12,Dry Van,1775.61,True,1811.14,1796.15,1738.64,1835.41
TR-044987,2025-10-12,Dry Van,2815.42,True,2790.76,2717.85,2693.83,2707.82
TR-044988,2025-10-12,Dry Van,2413.61,True,2331.95,2254.74,2250.23,2326.03
TR-044989,2025-10-12,Dry Van,1658.07,True,1636.23,1626.32,1577.17,1673.7
TR-044990,2025-10-12,Flatbed,1805.16,True,1817.29,1806.9,1746.05,1845.16
TR-044991,2025-10-12,Reefer,2588.9,True,2486.84,2410.87,2410.23,2476.19
TR-044992,2025-10-12,Dry Van,2366.64,True,2358.24,2323.21,2280.41,2421.05
TR-044993,2025-10-12,Dry Van,1431.36,True,1414.74,1394.64,1368.23,1439.48
TR-044994,2025-10-12,Reefer,864.2,True,856.21,826.06,826.46,858.6
TR-044995,2025-10-12,Dry Van,1150.82,True,1142.54,1116.26,1099.43,1160.64
TR-044996,2025-10-12,Flatbed,4984.52,True,4854.97,4835.24,4669.29,4935.09
TR-044997,2025-10-12,Reefer,3322.65,True,3255.43,3195.17,3142.4,3250.28
TR-044998,2025-10-12,Dry Van,1079.12,True,1056.79,1045.83,1010.68,1056.22
TR-044999,2025-10-12,Reefer,3867.4,True,3928.86,3900.46,3785.88,3913.08
TR-045000,2025-10-12,Reefer,945.35,True,913.13,908.72,882.02,902.1
TR-045001,2025-10-12,Flatbed,5730.73,True,5600.25,5654.84,5409.79,5441.84
TR-045002,2025-10-12,Reefer,2294.83,True,2276.35,2203.26,2189.53,2283.37
TR-045003,2025-10-12,Dry Van,1383.94,True,1358.42,1351.93,1308.27,1364.29
TR-045004,2025-10-12,Dry Van,3086.31,True,3065.07,3042.54,2957.29,3103.67
TR-045005,2025-10-12,Reefer,2404.85,True,2405.0,2369.14,2316.45,2369.21
TR-045006,2025-10-12,Dry Van,986.83,True,963.76,960.53,928.2,931.37
TR-045007,2025-10-12,Reefer,4289.52,True,4302.98,4295.47,4157.74,4284.41
TR-045008,2025-10-12,Reefer,841.8,True,827.48,862.29,791.23,817.99
TR-045009,2025-10-12,Dry Van,1618.21,True,1610.97,1618.29,1548.45,1607.32
TR-045010,2025-10-12,Dry Van,754.57,True,737.17,729.53,714.88,739.25
TR-045011,2025-10-12,Dry Van,3683.59,True,3709.62,3654.65,3577.08,3734.03
TR-045012,2025-10-12,Dry Van,1055.09,True,1040.27,1007.34,1002.33,1048.36
TR-045013,2025-10-12,Dry Van,2762.18,True,2755.44,2754.49,2677.43,2677.37
TR-045014,2025-10-12,Reefer,2187.12,True,2124.47,2097.45,2031.41,2062.95
TR-045015,2025-10-12,Dry Van,2335.28,True,2365.15,2297.49,2265.29,2353.78
TR-045016,2025-10-12,Dry Van,2617.89,True,2574.04,2518.98,2485.53,2584.23
TR-045017,2025-10-12,Flatbed,1872.51,True,1875.24,1868.77,1803.06,1848.06
TR-045018,2025-10-12,Dry Van,2281.0,True,2275.46,2276.63,2191.73,2232.72
TR-045019,2025-10-12,Dry Van,3022.71,True,2941.21,2886.33,2840.54,2930.35
TR-045020,2025-10-12,Reefer,2392.62,True,2395.83,2338.83,2323.78,2452.93
TR-045021,2025-10-12,Dry Van,1658.02,True,1667.58,1669.34,1601.62,1717.59
TR-045022,2025-10-12,Flatbed,1384.9,False,4562.62,4512.87,4408.11,4512.94
TR-045023,2025-10-12,Flatbed,3319.48,True,3298.53,3302.41,3190.15,3304.19
TR-045024,2025-10-12,Reefer,3362.18,False,1143.26,1190.0,1111.71,1132.88
TR-045025,2025-10-12,Dry Van,1067.05,True,1048.51,1033.23,1012.47,1045.01
TR-045026,2025-10-12,Reefer,3341.53,True,3362.31,3458.11,3228.3,3397.92
TR-045027,2025-10-12,Reefer,2778.71,True,2788.98,2736.89,2703.82,2769.0
TR-045028,2025-10-12,Dry Van,1565.85,True,1537.74,1526.24,1486.68,1567.4
TR-045029,2025-10-12,Dry Van,2688.28,True,2627.17,2566.29,2513.97,2621.62
TR-045030,2025-10-12,Flatbed,1216.24,True,1164.89,1164.35,1128.16,1142.94
TR-045031,2025-10-12,Dry Van,2555.23,True,2510.94,2456.54,2438.29,2524.55
TR-045032,2025-10-13,Dry Van,5345.38,True,5296.09,5188.62,5150.87,5113.49
TR-045033,2025-10-13,Reefer,2284.89,True,2313.54,2275.01,2225.22,2308.39
TR-045034,2025-10-13,Dry Van,514.9,True,510.4,506.14,491.87,495.86
TR-045035,2025-10-13,Dry Van,2543.97,True,2475.06,2472.37,2384.71,2527.11
TR-045036,2025-10-13,Flatbed,1451.04,True,1414.83,1405.86,1360.1,1425.62
TR-045037,2025-10-13,Reefer,1369.27,True,1353.93,1307.9,1304.68,1343.57
TR-045038,2025-10-13,Dry Van,2571.86,True,2600.63,2590.28,2488.23,2605.28
TR-045039,2025-10-13,Dry Van,3988.55,True,3945.06,3970.53,3821.78,3892.1
TR-045040,2025-10-13,Dry Van,638.18,True,629.84,629.17,608.85,614.77
TR-045041,2025-10-13,Dry Van,3640.18,True,3499.16,3448.87,3379.27,3463.65
TR-045042,2025-10-13,Flatbed,1355.62,True,1345.84,1336.25,1298.18,1318.21
TR-045043,2025-10-13,Flatbed,3927.57,True,3831.89,3820.95,3689.16,3795.36
TR-045044,2025-10-13,Dry Van,4503.52,True,4416.89,4386.44,4275.78,4356.46
TR-045045,2025-10-13,Flatbed,1849.17,True,1823.88,1820.36,1766.01,1845.67
TR-045046,2025-10-13,Flatbed,4879.94,True,4804.24,4737.05,4639.98,4810.84
TR-045047,2025-10-13,Dry Van,2605.57,True,2605.95,2607.47,2485.65,2574.55
TR-045048,2025-10-13,Reefer,2474.28,True,2435.27,2369.2,2332.06,2436.72
TR-045049,2025-10-13,Dry Van,2777.82,True,2707.23,2673.39,2605.32,2694.6
TR-045050,2025-10-13,Dry Van,3819.0,True,3775.62,3764.5,3644.27,3827.09
TR-045051,2025-10-13,Reefer,3824.2,True,3919.07,3885.33,3791.14,3951.44
TR-045052,2025-10-13,Reefer,4974.03,True,4914.99,4865.88,4695.38,4901.29
TR-045053,2025-10-13,Reefer,700.87,True,695.91,691.86,672.25,677.36
TR-045054,2025-10-13,Dry Van,2315.28,True,2322.48,2320.18,2246.52,2325.58
TR-045055,2025-10-13,Dry Van,1829.25,True,1769.09,1739.31,1696.79,1780.79
TR-045056,2025-10-13,Dry Van,3162.14,True,3131.38,3058.06,3032.3,3060.89
TR-045057,2025-10-13,Dry Van,1143.08,True,1133.95,1115.54,1091.23,1111.67
TR-045058,2025-10-13,Dry Van,519.54,True,519.08,516.38,501.78,502.84
TR-045059,2025-10-13,Dry Van,3007.71,True,2925.71,2898.51,2812.65,2934.45
TR-045060,2025-10-13,Reefer,183.77,False,1041.89,1016.08,993.27,1061.48
TR-045061,2025-10-13,Reefer,627.77,True,617.89,617.48,594.49,610.87
TR-045062,2025-10-13,Dry Van,1637.63,True,1597.71,1563.02,1541.65,1594.27
TR-045063,2025-10-13,Reefer,614.9,True,628.6,630.81,605.56,604.57
TR-045064,2025-10-13,Dry Van,742.08,True,739.41,738.26,706.49,733.05
TR-045065,2025-10-13,Dry Van,3874.45,True,3777.14,3724.61,3634.83,3772.88
TR-045066,2025-10-13,Dry Van,5162.77,True,5050.11,5091.75,4868.47,4925.77
TR-045067,2025-10-13,Dry Van,1471.76,True,1486.12,1497.92,1440.44,1519.97
TR-045068,2025-10-13,Dry Van,477.88,True,477.67,488.66,462.86,448.97
TR-045069,2025-10-13,Flatbed,1067.9,True,1056.13,1061.7,1015.87,1090.64
TR-045070,2025-10-13,Dry Van,3050.52,True,3024.56,3016.38,2921.42,2944.7
TR-045071,2025-10-13,Dry Van,2695.24,True,2642.52,2664.38,2548.97,2609.49
TR-045072,2025-10-13,Dry Van,2331.4,True,2284.77,2263.16,2210.73,2272.85
TR-045073,2025-10-13,Dry Van,778.13,True,771.83,764.07,741.98,738.64
TR-045074,2025-10-13,Dry Van,2334.39,True,2302.37,2280.28,2224.49,2349.87
TR-045075,2025-10-13,Dry Van,679.14,True,652.91,661.07,628.97,641.61
TR-045076,2025-10-13,Flatbed,1291.98,True,1289.16,1299.17,1240.1,1281.55
TR-045077,2025-10-13,Dry Van,1628.59,True,1614.88,1591.59,1560.41,1648.35
TR-045078,2025-10-13,Reefer,5863.45,True,5823.54,5860.39,5577.5,5630.54
TR-045079,2025-10-13,Dry Van,1337.68,True,1357.13,1344.55,1305.15,1360.02
TR-045080,2025-10-13,Flatbed,931.92,True,911.94,893.53,880.94,898.57
TR-045081,2025-10-13,Reefer,4140.0,True,4027.73,3989.38,3861.97,3965.71
TR-045082,2025-10-13,Reefer,3580.57,True,3558.86,3510.92,3407.78,3505.45
TR-045083,2025-10-13,Dry Van,2047.91,True,1984.08,1938.08,1927.28,1998.19
TR-045084,2025-10-13,Dry Van,2338.47,True,2329.5,2291.5,2226.62,2330.5
TR-045085,2025-10-13,Reefer,372.04,True,364.09,390.1,348.48,350.12
TR-045086,2025-10-13,Flatbed,4530.94,True,4441.69,4420.95,4278.59,4388.42
TR-045087,2025-10-13,Reefer,861.67,True,862.3,888.48,829.08,841.79
TR-045088,2025-10-13,Flatbed,4729.73,True,4678.94,4645.02,4506.74,4670.49
TR-045089,2025-10-13,Dry Van,3758.58,True,3736.38,3752.34,3593.05,3742.33
TR-045090,2025-10-13,Reefer,2652.84,True,2653.77,2622.51,2561.98,2669.31
TR-045091,2025-10-13,Dry Van,507.81,True,490.03,486.85,472.83,470.78
TR-045092,2025-10-13,Reefer,4601.77,True,4475.31,4382.53,4320.38,4412.77
TR-045093,2025-10-13,Dry Van,1045.18,True,1023.06,1016.5,989.74,1014.42
TR-045094,2025-10-13,Reefer,2337.81,True,2307.56,2282.97,2211.25,2328.34
TR-045095,2025-10-13,Dry Van,3264.47,True,3195.39,3250.82,3084.94,3203.28
TR-045096,2025-10-13,Dry Van,3551.29,True,3545.05,3501.31,3417.95,3642.14
TR-045097,2025-10-13,Dry Van,1176.17,True,1170.49,1150.21,1119.36,1163.06
TR-045098,2025-10-13,Dry Van,3810.77,True,3820.32,3804.9,3658.78,3771.53
TR-045099,2025-10-13,Dry Van,1086.76,True,1076.41,1062.3,1033.37,1061.57
TR-045100,2025-10-13,Dry Van,1564.31,True,1535.31,1527.04,1476.64,1521.93
TR-045101,2025-10-13,Dry Van,4398.08,True,4376.53,4341.36,4219.04,4409.28
TR-045102,2025-10-13,Dry Van,2582.85,True,2530.47,2487.46,2444.63,2549.77
TR-045103,2025-10-13,Dry Van,1736.01,True,1727.42,1707.45,1665.51,1694.97
TR-045104,2025-10-13,Reefer,3530.07,True,3485.45,3464.41,3324.37,3434.68
TR-045105,2025-10-13,Dry Van,1887.2,True,1845.43,1825.47,1777.47,1861.34
TR-045106,2025-10-13,Dry Van,2038.66,True,2011.11,1999.99,1935.65,2044.27
TR-045107,2025-10-13,Dry Van,1147.88,True,1169.93,1142.7,1121.5,1168.5
TR-045108,2025-10-13,Reefer,2699.37,True,2684.23,2673.32,2560.15,2636.46
TR-045109,2025-10-13,Reefer,4629.26,True,4590.8,4590.71,4432.06,4617.01
TR-045110,2025-10-13,Flatbed,1925.69,True,1947.24,1967.92,1875.33,2000.96
TR-045111,2025-10-13,Dry Van,2573.36,True,2563.39,2539.26,2486.99,2537.19
TR-045112,2025-10-13,Reefer,2479.0,True,2463.16,2409.57,2363.86,2431.76
TR-045113,2025-10-13,Dry Van,1408.07,True,1376.5,1366.21,1327.39,1350.36
TR-045114,2025-10-13,Dry Van,5515.8,True,5433.6,5376.29,5275.11,5355.68
TR-045115,2025-10-13,Reefer,4991.89,True,5019.32,4947.86,4816.95,5014.45
TR-045116,2025-10-13,Dry Van,4805.58,True,4698.32,4726.98,4537.53,4683.49
TR-045117,2025-10-13,Dry Van,2895.96,True,2820.23,2781.89,2724.63,2837.39
TR-045118,2025-10-13,Reefer,1542.88,True,1495.37,1443.08,1437.59,1484.06
TR-045119,2025-10-13,Reefer,928.48,True,944.14,918.81,906.62,922.2
TR-045120,2025-10-13,Dry Van,1624.97,True,1626.73,1615.1,1557.82,1650.99
TR-045121,2025-10-13,Reefer,1854.11,True,1829.99,1837.14,1759.14,1824.39
TR-045122,2025-10-13,Dry Van,3627.39,True,3530.69,3581.23,3364.31,3439.06
TR-045123,2025-10-13,Flatbed,2959.16,True,2965.13,2931.09,2857.12,2952.84
TR-045124,2025-10-13,Reefer,2495.79,True,2465.21,2438.38,2377.29,2491.97
TR-045125,2025-10-13,Reefer,1162.83,True,1136.03,1168.67,1088.49,1119.1
TR-045126,2025-10-13,Flatbed,1607.11,True,1616.67,1618.76,1556.09,1634.14
TR-045127,2025-10-13,Dry Van,3303.37,True,3246.97,3257.84,3118.64,3291.07
TR-045128,2025-10-13,Flatbed,1117.74,True,1102.17,1069.51,1056.8,1110.62
TR-045129,2025-10-13,Flatbed,3823.1,True,3821.59,3785.36,3654.93,3854.98
TR-045130,2025-10-13,Reefer,1153.36,True,1144.64,1119.08,1103.53,1142.11
TR-045131,2025-10-13,Flatbed,6251.85,True,6102.73,6198.82,5857.73,5896.79
TR-045132,2025-10-13,Dry Van,3069.85,True,3062.45,2983.59,2968.63,3035.08
TR-045133,2025-10-13,Reefer,2719.91,True,2630.37,2566.06,2529.2,2568.68
TR-045134,2025-10-13,Flatbed,944.34,True,940.52,962.83,909.27,934.87
TR-045135,2025-10-13,Reefer,3009.58,True,2979.93,2932.28,2871.33,2967.68
TR-045136,2025-10-13,Dry Van,2065.35,True,2033.97,1999.06,1964.3,2078.4
TR-045137,2025-10-13,Flatbed,1701.25,True,1720.3,1707.92,1650.76,1704.23
TR-045138,2025-10-13,Dry Van,589.41,True,591.82,597.94,568.44,575.59
TR-045139,2025-10-13,Flatbed,4187.86,True,4059.55,4039.59,3930.92,4042.65
TR-045140,2025-10-13,Dry Van,3426.52,True,3348.91,3330.41,3224.35,3413.71
TR-045141,2025-10-13,Dry Van,1003.29,True,983.02,996.9,946.8,969.71
TR-045142,2025-10-13,Dry Van,949.32,True,909.7,897.45,872.71,932.49
TR-045143,2025-10-13,Dry Van,908.3,True,903.8,917.12,870.53,922.3
TR-045144,2025-10-13,Dry Van,1653.52,True,1581.47,1550.47,1520.41,1551.51
TR-045145,2025-10-13,Dry Van,3991.15,True,3905.27,3928.34,3778.41,3965.23
TR-045146,2025-10-13,Dry Van,1210.01,True,1207.95,1181.51,1164.71,1167.06
TR-045147,2025-10-13,Flatbed,2705.75,True,2701.82,2632.29,2597.43,2727.4
TR-045148,2025-10-13,Flatbed,4211.86,True,4204.7,4172.01,4069.39,4169.74
TR-045149,2025-10-13,Dry Van,3885.41,True,3791.51,3726.14,3635.85,3690.62
TR-045150,2025-10-13,Dry Van,4872.9,True,4784.15,4818.85,4631.0,4810.22
TR-045151,2025-10-13,Dry Van,1557.7,True,1520.82,1541.23,1460.2,1527.91
TR-045152,2025-10-13,Reefer,2345.5,True,2303.89,2261.81,2208.59,2261.99
TR-045153,2025-10-13,Reefer,1810.54,True,1800.71,1741.38,1733.59,1818.0
TR-045154,2025-10-13,Dry Van,2950.89,True,2962.16,2911.14,2846.2,2973.26
TR-045155,2025-10-13,Dry Van,1109.09,True,1106.22,1089.74,1063.35,1131.07
TR-045156,2025-10-13,Dry Van,5016.22,True,4921.91,4887.97,4771.13,4824.77
TR-045157,2025-10-13,Dry Van,718.33,True,725.79,735.46,700.9,713.28
TR-045158,2025-10-13,Dry Van,2128.49,True,2026.31,2000.35,1952.55,2038.39
TR-045159,2025-10-13,Flatbed,1654.44,True,1628.96,1601.26,1572.63,1623.15
TR-045160,2025-10-13,Reefer,3596.69,True,3638.53,3579.22,3503.71,3580.79
TR-045161,2025-10-13,Dry Van,1892.28,True,1893.71,1901.82,1842.5,1936.71
TR-045162,2025-10-13,Dry Van,1498.67,True,1498.74,1436.77,1441.66,1490.89
TR-045163,2025-10-13,Dry Van,1447.88,True,1482.33,1445.76,1428.85,1507.44
TR-045164,2025-10-13,Dry Van,1947.82,True,1921.89,1864.17,1856.16,1882.48
TR-045165,2025-10-13,Dry Van,1811.29,True,1814.02,1791.09,1745.46,1819.34
TR-045166,2025-10-13,Dry Van,696.61,True,686.01,683.86,657.05,666.45
TR-045167,2025-10-13,Flatbed,1829.6,True,1857.1,1840.58,1783.68,1885.97
TR-045168,2025-10-13,Dry Van,531.39,True,530.6,500.66,514.16,516.27
TR-045169,2025-10-13,Dry Van,1498.22,True,1476.79,1459.86,1415.21,1474.77
TR-045170,2025-10-13,Dry Van,4134.92,True,4115.1,4042.32,3965.97,4102.19
TR-045171,2025-10-13,Dry Van,2469.17,True,2453.78,2461.69,2355.9,2451.7
TR-045172,2025-10-13,Reefer,1165.84,True,1150.76,1120.13,1106.34,1143.01
TR-045173,2025-10-13,Dry Van,2342.66,True,2328.05,2286.81,2242.83,2292.44
TR-045174,2025-10-13,Dry Van,7004.3,False,1829.81,1823.45,1755.14,1835.18
TR-045175,2025-10-13,Reefer,1481.4,True,1510.55,1519.2,1465.79,1478.58
TR-045176,2025-10-13,Flatbed,1803.73,True,1782.16,1766.26,1725.54,1816.1
TR-045177,2025-10-13,Flatbed,1619.19,True,1628.26,1635.89,1566.4,1633.62
TR-045178,2025-10-13,Flatbed,1540.17,True,1534.63,1525.24,1492.5,1563.96
TR-045179,2025-10-13,Dry Van,1688.42,True,1635.97,1646.84,1584.34,1653.99
TR-045180,2025-10-13,Dry Van,2903.7,True,2945.45,2886.77,2830.82,2915.37
TR-045181,2025-10-13,Dry Van,2351.62,True,2391.65,2355.43,2303.91,2406.82
TR-045182,2025-10-13,Dry Van,275.01,True,277.46,274.2,269.06,269.02
TR-045183,2025-10-13,Reefer,5708.0,True,5528.25,5630.87,5321.33,5564.46
TR-045184,2025-10-13,Dry Van,388.7,True,385.75,374.07,372.07,377.26
TR-045185,2025-10-13,Reefer,2101.26,True,2050.06,2018.62,1976.35,2021.98
TR-045186,2025-10-13,Dry Van,3914.01,True,3878.72,3830.66,3746.55,3785.55
TR-045187,2025-10-13,Dry Van,1027.96,True,1038.22,1046.44,1001.63,1027.4
TR-045188,2025-10-13,Dry Van,1649.6,True,1630.74,1624.23,1571.81,1636.58
TR-045189,2025-10-13,Flatbed,1181.37,True,1165.85,1163.81,1124.84,1139.5
TR-045190,2025-10-14,Reefer,2777.11,True,2772.3,2741.13,2684.54,2765.64
TR-045191,2025-10-14,Reefer,1786.77,True,1763.42,1756.72,1697.97,1799.88
TR-045192,2025-10-14,Dry Van,1211.92,True,1215.91,1191.96,1173.82,1230.73
TR-045193,2025-10-14,Dry Van,1880.41,True,1869.52,1830.73,1800.93,1869.5
TR-045194,2025-10-14,Reefer,2469.79,True,2429.41,2410.94,2342.56,2443.64
TR-045195,2025-10-14,Dry Van,2463.58,True,2439.92,2427.71,2342.98,2389.0
TR-045196,2025-10-14,Dry Van,839.33,True,839.34,824.44,808.14,865.54
TR-045197,2025-10-14,Reefer,603.72,True,619.77,612.62,596.83,601.08
TR-045198,2025-10-14,Reefer,2240.31,True,2330.38,2243.33,2253.55,2308.29
TR-045199,2025-10-14,Reefer,5388.1,True,5433.81,5323.7,5235.08,5373.72
TR-045200,2025-10-14,Dry Van,1046.59,True,1038.27,1018.09,997.56,1046.15
TR-045201,2025-10-14,Dry Van,3073.46,True,3046.52,2959.64,2938.74,3052.98
TR-045202,2025-10-14,Dry Van,1475.73,True,1453.4,1430.14,1403.74,1501.02
TR-045203,2025-10-14,Flatbed,2723.01,True,2704.26,2679.99,2619.15,2652.87
TR-045204,2025-10-14,Dry Van,2826.14,True,2717.99,2664.85,2629.81,2719.1
TR-045205,2025-10-14,Dry Van,2164.07,True,2113.47,2123.34,2039.36,2114.15
TR-045206,2025-10-14,Dry Van,2844.66,True,2800.31,2754.97,2698.17,2786.66
TR-045207,2025-10-14,Flatbed,5648.65,True,5539.35,5557.36,5330.56,5557.46
TR-045208,2025-10-14,Dry Van,2990.4,True,2975.8,2978.81,2879.85,2989.29
TR-045209,2025-10-14,Dry Van,924.87,True,940.92,912.4,904.79,924.41
TR-045210,2025-10-14,Reefer,1277.01,True,1248.65,1262.83,1199.98,1202.19
TR-045211,2025-10-14,Dry Van,3408.35,True,3366.84,3342.59,3241.66,3413.83
TR-045212,2025-10-14,Flatbed,1262.44,True,1262.42,1254.14,1210.92,1283.8
TR-045213,2025-10-14,Flatbed,2066.58,True,2049.6,2009.02,1973.99,2006.61
TR-045214,2025-10-14,Reefer,4318.52,True,4263.0,4136.75,4111.44,4277.66
TR-045215,2025-10-14,Reefer,1743.83,True,1728.16,1696.33,1663.93,1755.63
TR-045216,2025-10-14,Dry Van,1511.26,True,1528.44,1500.86,1468.95,1565.81
TR-045217,2025-10-14,Dry Van,1343.75,True,1342.72,1337.14,1295.05,1336.87
TR-045218,2025-10-14,Dry Van,1285.24,True,1282.87,1260.75,1236.27,1297.1
TR-045219,2025-10-14,Reefer,4291.19,True,4193.61,4056.82,4031.59,4119.48
TR-045220,2025-10-14,Reefer,4115.08,True,4068.0,4013.91,3919.95,4076.41
TR-045221,2025-10-14,Dry Van,3166.71,True,3070.76,3147.17,2961.42,3069.47
TR-045222,2025-10-14,Reefer,1432.87,True,1396.05,1346.85,1342.67,1385.61
TR-045223,2025-10-14,Flatbed,5133.96,True,5112.77,5103.82,4892.19,5083.75
TR-045224,2025-10-14,Dry Van,3217.94,True,3147.81,3086.56,3026.24,3032.76
TR-045225,2025-10-14,Reefer,4875.19,True,4914.84,4794.72,4731.01,4885.75
TR-045226,2025-10-14,Reefer,2435.4,True,2378.28,2291.23,2293.46,2424.12
TR-045227,2025-10-14,Dry Van,3280.86,True,3274.81,3213.46,3166.7,3237.46
TR-045228,2025-10-14,Dry Van,1645.01,True,1637.62,1616.91,1578.11,1649.49
TR-045229,2025-10-14,Dry Van,1846.41,True,1803.39,1786.72,1737.91,1805.9
TR-045230,2025-10-14,Reefer,868.43,True,883.36,872.36,853.06,866.93
TR-045231,2025-10-14,Flatbed,4145.97,True,4070.26,4044.13,3914.6,4065.55
TR-045232,2025-10-14,Dry Van,342.29,True,335.64,338.07,323.93,330.89
TR-045233,2025-10-14,Dry Van,944.78,True,929.76,906.42,893.32,966.98
TR-045234,2025-10-14,Dry Van,432.81,True,418.35,427.4,405.31,412.72
TR-045235,2025-10-14,Reefer,2100.38,True,2125.45,2087.01,2039.53,2142.98
TR-045236,2025-10-14,Reefer,1913.71,True,1937.91,1922.55,1865.73,1961.74
TR-045237,2025-10-14,Reefer,4637.6,True,4449.21,4393.23,4292.69,4519.49
TR-045238,2025-10-14,Flatbed,3959.08,True,3958.82,3942.92,3787.45,3977.44
TR-045239,2025-10-14,Flatbed,335.52,True,329.46,330.24,316.61,320.04
TR-045240,2025-10-14,Dry Van,876.72,True,852.35,827.65,819.3,864.46
TR-045241,2025-10-14,Dry Van,834.23,True,813.09,823.65,782.23,795.42
TR-045242,2025-10-14,Dry Van,976.69,True,935.13,923.0,905.28,944.93
TR-045243,2025-10-14,Dry Van,2517.9,True,2460.23,2414.54,2372.23,2480.93
TR-045244,2025-10-14,Dry Van,2900.96,True,2882.01,2860.03,2766.64,2835.79
TR-045245,2025-10-14,Flatbed,2291.8,True,2243.19,2239.56,2173.53,2293.43
TR-045246,2025-10-14,Dry Van,1109.5,True,1106.41,1098.52,1072.47,1141.6
TR-045247,2025-10-14,Flatbed,1404.53,True,1385.14,1408.15,1331.48,1398.53
TR-045248,2025-10-14,Reefer,1778.9,True,1766.58,1753.2,1698.42,1800.21
TR-045249,2025-10-14,Dry Van,672.87,True,675.36,663.29,651.65,676.9
TR-045250,2025-10-14,Dry Van,4492.99,True,4405.37,4337.27,4211.84,4422.59
TR-045251,2025-10-14,Dry Van,3691.68,True,3639.34,3612.68,3489.23,3625.4
TR-045252,2025-10-14,Reefer,4106.78,True,4078.92,4045.5,3947.27,4071.99
TR-045253,2025-10-14,Flatbed,2400.42,True,2378.15,2321.23,2283.59,2378.41
TR-045254,2025-10-14,Dry Van,2829.54,True,2746.26,2722.97,2649.04,2755.08
TR-045255,2025-10-14,Dry Van,1016.38,True,1000.49,978.0,960.52,1028.73
TR-045256,2025-10-14,Dry Van,2068.54,True,1981.93,1936.85,1916.93,1990.36
TR-045257,2025-10-14,Dry Van,1985.13,True,1935.1,1926.41,1863.97,1990.52
TR-045258,2025-10-14,Dry Van,1068.71,False,3022.06,2959.76,2917.98,2982.98
TR-045259,2025-10-14,Flatbed,3810.51,True,3676.18,3640.05,3549.34,3613.99
TR-045260,2025-10-14,Reefer,2759.01,True,2751.88,2716.25,2635.43,2726.5
TR-045261,2025-10-14,Dry Van,4823.0,True,4684.52,4685.85,4508.77,4650.22
TR-045262,2025-10-14,Flatbed,3276.21,True,3145.79,3104.92,3038.82,3149.89
TR-045263,2025-10-14,Dry Van,2572.11,True,2522.0,2501.24,2428.32,2563.27
TR-045264,2025-10-14,Dry Van,1654.43,True,1649.61,1637.2,1584.76,1672.24
TR-045265,2025-10-14,Dry Van,1917.02,True,1953.72,1943.98,1882.02,1963.21
TR-045266,2025-10-14,Dry Van,1283.37,True,1243.88,1235.55,1200.89,1252.89
TR-045267,2025-10-14,Dry Van,1880.86,True,1850.61,1819.92,1788.62,1874.97
TR-045268,2025-10-14,Dry Van,1237.67,True,1195.5,1200.55,1150.93,1192.07
TR-045269,2025-10-14,Reefer,1905.9,True,1875.58,1870.03,1810.47,1915.19
TR-045270,2025-10-14,Flatbed,1394.17,True,1380.08,1385.51,1332.6,1411.72
TR-045271,2025-10-14,Dry Van,3737.58,True,3764.26,3673.59,3628.17,3717.62
TR-045272,2025-10-14,Reefer,870.04,True,861.6,850.38,832.59,855.24
TR-045273,2025-10-14,Dry Van,3980.47,True,3824.45,3760.97,3689.37,3739.64
TR-045274,2025-10-14,Flatbed,4071.09,True,4054.38,4021.39,3889.89,4065.97
TR-045275,2025-10-14,Reefer,1882.03,True,1845.16,1794.39,1787.33,1898.26
TR-045276,2025-10-14,Dry Van,1209.75,True,1222.88,1191.85,1181.24,1252.56
TR-045277,2025-10-14,Dry Van,767.46,True,755.99,765.28,725.53,734.24
TR-045278,2025-10-14,Reefer,1889.66,True,1863.49,1813.86,1808.71,1855.54
TR-045279,2025-10-14,Reefer,5580.26,True,5440.62,5367.53,5244.16,5426.61
TR-045280,2025-10-14,Dry Van,968.58,True,966.63,962.08,932.6,975.2
TR-045281,2025-10-14,Dry Van,770.73,True,769.82,767.7,744.23,753.96
TR-045282,2025-10-14,Dry Van,1672.5,True,1650.01,1641.54,1590.89,1668.76
TR-045283,2025-10-14,Flatbed,3460.38,True,3400.19,3351.16,3281.28,3457.06
TR-045284,2025-10-14,Dry Van,4118.79,True,4121.75,4128.91,3936.83,4151.96
TR-045285,2025-10-14,Dry Van,1817.69,True,1797.21,1791.16,1728.1,1766.94
TR-045286,2025-10-14,Dry Van,9208.2,False,3150.2,3098.67,3029.01,3058.64
TR-045287,2025-10-14,Reefer,3437.7,True,3399.91,3311.11,3271.38,3426.67
TR-045288,2025-10-14,Dry Van,2495.56,True,2507.64,2460.77,2410.74,2570.09
TR-045289,2025-10-14,Dry Van,994.05,True,984.41,974.15,946.94,1001.77
TR-045290,2025-10-14,Dry Van,1550.66,True,1534.79,1533.71,1481.84,1517.46
TR-045291,2025-10-14,Reefer,2390.2,True,2399.76,2310.95,2316.99,2382.71
TR-045292,2025-10-14,Reefer,2761.78,True,2754.46,2706.94,2658.65,2759.44
TR-045293,2025-10-14,Dry Van,4010.82,True,4050.33,4016.2,3903.4,3979.94
TR-045294,2025-10-14,Reefer,2036.02,True,1979.96,1930.03,1904.34,1976.7
TR-045295,2025-10-14,Dry Van,1705.04,True,1750.45,1747.9,1693.92,1807.56
TR-045296,2025-10-14,Dry Van,4648.25,True,4607.61,4518.23,4446.05,4552.42
TR-045297,2025-10-14,Flatbed,796.77,True,785.89,788.97,757.44,772.76
TR-045298,2025-10-14,Dry Van,4085.68,True,4250.6,4216.39,4095.63,4344.87
TR-045299,2025-10-14,Flatbed,1438.66,True,1444.1,1405.68,1395.55,1493.39
TR-045300,2025-10-14,Dry Van,2203.15,True,2196.71,2178.88,2115.75,2166.14
TR-045301,2025-10-14,Reefer,4441.37,True,4353.36,4242.35,4193.52,4212.27
TR-045302,2025-10-14,Reefer,2615.32,True,2516.28,2482.31,2422.05,2426.94
TR-045303,2025-10-14,Dry Van,1653.73,True,1654.32,1633.01,1593.38,1649.75
TR-045304,2025-10-14,Reefer,4599.84,True,4428.39,4351.3,4262.8,4444.96
TR-045305,2025-10-14,Flatbed,2241.93,True,2209.86,2218.88,2121.85,2233.37
TR-045306,2025-10-14,Dry Van,1162.93,True,1165.76,1139.25,1126.21,1160.98
TR-045307,2025-10-14,Flatbed,3923.5,True,3774.77,3752.55,3635.61,3855.05
TR-045308,2025-10-14,Reefer,1356.86,True,1342.61,1341.86,1302.97,1358.74
TR-045309,2025-10-14,Dry Van,211.65,True,213.21,253.86,206.77,208.79
TR-045310,2025-10-14,Dry Van,2034.11,True,2079.28,2091.47,2007.83,2097.38
TR-045311,2025-10-14,Reefer,1752.33,True,1735.29,1683.25,1673.04,1773.02
TR-045312,2025-10-14,Flatbed,3322.69,True,3324.59,3275.9,3205.38,3311.89
TR-045313,2025-10-14,Dry Van,2466.99,True,2407.87,2341.12,2318.21,2362.67
TR-045314,2025-10-14,Dry Van,1718.44,True,1703.83,1679.16,1646.48,1739.74
TR-045315,2025-10-14,Flatbed,2108.3,True,2180.27,2139.51,2099.04,2159.13
TR-045316,2025-10-14,Flatbed,4190.59,True,4166.87,4130.33,4028.92,4252.38
TR-045317,2025-10-14,Dry Van,2555.1,True,2529.85,2525.42,2450.58,2517.69
TR-045318,2025-10-14,Dry Van,3988.15,True,3998.82,4019.69,3863.27,3954.7
TR-045319,2025-10-14,Reefer,2282.3,True,2267.42,2266.29,2193.77,2281.32
TR-045320,2025-10-14,Dry Van,1864.02,True,1928.37,1896.41,1854.95,1962.97
TR-045321,2025-10-14,Dry Van,4309.49,True,4226.96,4264.13,4069.45,4187.53
TR-045322,2025-10-14,Dry Van,1945.1,True,1882.74,1846.53,1824.92,1918.03
TR-045323,2025-10-14,Reefer,5493.16,True,5463.13,5338.45,5282.77,5455.11
TR-045324,2025-10-14,Dry Van,1952.91,True,1921.86,1858.29,1849.65,1924.83
TR-045325,2025-10-14,Dry Van,2834.36,True,2858.3,2801.08,2756.91,2899.17
TR-045326,2025-10-14,Flatbed,1281.05,True,1248.71,1267.66,1208.51,1237.24
TR-045327,2025-10-14,Reefer,788.0,True,804.58,788.63,777.36,791.36
TR-045328,2025-10-14,Dry Van,1874.94,True,1829.35,1779.03,1753.09,1845.55
TR-045329,2025-10-14,Dry Van,2027.7,True,2025.37,2021.32,1962.4,2053.76
TR-045330,2025-10-14,Dry Van,3071.43,True,3104.24,3047.03,3000.01,3129.83
TR-045331,2025-10-14,Flatbed,3532.28,True,3406.76,3373.81,3299.59,3376.99
TR-045332,2025-10-14,Reefer,753.38,True,756.04,746.99,728.5,773.67
TR-045333,2025-10-14,Dry Van,3193.71,True,3199.43,3192.24,3079.16,3222.01
TR-045334,2025-10-14,Dry Van,3520.42,True,3456.74,3419.52,3327.71,3470.09
TR-045335,2025-10-14,Dry Van,1464.04,True,1443.56,1414.7,1397.24,1449.19
TR-045336,2025-10-14,Reefer,5606.16,True,5556.65,5598.34,5355.33,5484.34
TR-045337,2025-10-14,Reefer,6049.66,True,5967.97,5885.21,5777.12,5905.18
TR-045338,2025-10-14,Dry Van,3055.38,True,2960.15,2931.7,2856.15,2955.22
TR-045339,2025-10-14,Dry Van,913.33,True,916.88,905.03,878.37,919.45
TR-045340,2025-10-14,Reefer,616.61,True,617.81,630.78,594.36,617.61
TR-045341,2025-10-14,Flatbed,5064.85,True,5050.07,5097.69,4884.07,5093.5
TR-045342,2025-10-14,Dry Van,1176.84,True,1128.94,1091.56,1094.08,1157.07
TR-045343,2025-10-14,Reefer,3065.85,True,3059.1,3020.77,2934.79,3023.79
TR-045344,2025-10-14,Dry Van,3328.78,True,3287.93,3227.83,3175.47,3285.01
TR-045345,2025-10-14,Dry Van,804.05,True,792.44,779.05,762.33,789.05
TR-045346,2025-10-14,Dry Van,1987.31,True,1939.84,1863.41,1869.47,1908.86
TR-045347,2025-10-14,Dry Van,2500.22,True,2493.61,2470.42,2421.78,2539.01
TR-045348,2025-10-14,Flatbed,4179.65,True,3987.99,3955.68,3840.26,4030.96
TR-045349,2025-10-15,Dry Van,1914.6,True,1894.62,1862.47,1828.28,1917.98
TR-045350,2025-10-15,Flatbed,1450.77,True,1455.74,1488.44,1394.71,1457.83
TR-045351,2025-10-15,Dry Van,2136.84,True,2116.61,2119.63,2043.08,2120.89
TR-045352,2025-10-15,Dry Van,1822.83,True,1765.15,1744.14,1699.37,1819.41
TR-045353,2025-10-15,Dry Van,932.17,True,929.9,912.21,892.84,942.43
TR-045354,2025-10-15,Dry Van,1251.37,True,1243.14,1210.71,1199.25,1248.15
TR-045355,2025-10-15,Dry Van,2684.76,True,2598.19,2542.97,2501.49,2622.02
TR-045356,2025-10-15,Dry Van,1123.71,True,1130.71,1107.51,1098.74,1142.62
TR-045357,2025-10-15,Flatbed,881.42,True,874.46,875.39,843.42,864.54
TR-045358,2025-10-15,Reefer,1355.77,True,1326.96,1309.08,1285.55,1325.79
TR-045359,2025-10-15,Dry Van,1204.07,True,1194.43,1164.2,1155.53,1220.43
TR-045360,2025-10-15,Dry Van,861.53,True,865.75,845.96,828.3,863.76
TR-045361,2025-10-15,Flatbed,1178.27,True,1156.14,1145.6,1120.81,1160.4
TR-045362,2025-10-15,Reefer,961.45,True,935.26,955.24,905.53,915.71
TR-045363,2025-10-15,Reefer,3272.45,True,3285.41,3300.59,3173.87,3292.65
TR-045364,2025-10-15,Reefer,5462.43,True,5567.61,5515.47,5349.01,5586.72
TR-045365,2025-10-15,Dry Van,5007.73,True,5025.72,4917.53,4848.73,5111.69
TR-045366,2025-10-15,Flatbed,1699.95,True,1622.73,1622.78,1561.65,1644.96
TR-045367,2025-10-15,Dry Van,779.9,True,767.59,751.17,740.47,769.57
TR-045368,2025-10-15,Reefer,2716.26,True,2658.6,2582.5,2565.75,2680.5
TR-045369,2025-10-15,Dry Van,4877.5,True,4845.59,4685.29,4680.62,4870.5
TR-045370,2025-10-15,Dry Van,5287.91,True,5203.18,5278.15,5018.49,5093.37
TR-045371,2025-10-15,Flatbed,1009.32,True,986.3,1008.79,950.45,973.5
TR-045372,2025-10-15,Flatbed,3554.36,True,3598.61,3704.81,3468.5,3682.08
TR-045373,2025-10-15,Reefer,3644.6,True,3594.04,3622.07,3445.54,3627.54
TR-045374,2025-10-15,Reefer,5404.21,True,5327.92,5251.55,5143.33,5265.39
TR-045375,2025-10-15,Dry Van,1655.51,True,1575.41,1556.96,1527.94,1582.41
TR-045376,2025-10-15,Dry Van,1309.36,True,1269.5,1231.97,1226.21,1284.38
TR-045377,2025-10-15,Dry Van,4165.83,True,4072.2,4007.13,3924.02,3982.75
TR-045378,2025-10-15,Dry Van,4006.28,True,3959.72,3926.19,3827.95,3996.51
TR-045379,2025-10-15,Dry Van,1061.61,True,1066.99,1045.82,1021.94,1070.09
TR-045380,2025-10-15,Flatbed,4242.9,True,4202.07,4132.52,4001.03,4101.86
TR-045381,2025-10-15,Dry Van,1951.97,True,1928.43,1897.12,1860.16,1938.25
TR-045382,2025-10-15,Flatbed,348.2,True,339.55,353.07,328.36,343.39
TR-045383,2025-10-15,Reefer,834.92,True,813.51,813.21,786.14,824.14
TR-045384,2025-10-15,Dry Van,4519.53,True,4416.73,4325.63,4273.74,4325.63
TR-045385,2025-10-15,Reefer,1659.11,True,1627.63,1596.3,1571.41,1644.55
TR-045386,2025-10-15,Dry Van,1214.48,True,1223.2,1198.3,1178.49,1226.98
TR-045387,2025-10-15,Reefer,2442.56,True,2325.48,2286.15,2235.17,2332.98
TR-045388,2025-10-15,Dry Van,2936.44,True,2930.95,2839.46,2824.15,2908.85
TR-045389,2025-10-15,Dry Van,864.31,True,858.68,840.51,826.85,878.67
TR-045390,2025-10-15,Dry Van,3734.02,True,3599.11,3575.61,3460.6,3654.82
TR-045391,2025-10-15,Dry Van,3996.08,True,4014.06,3928.91,3870.87,4057.69
TR-045392,2025-10-15,Reefer,1501.44,True,1501.53,1494.5,1445.61,1530.04
TR-045393,2025-10-15,Dry Van,3618.32,True,3635.28,3574.15,3488.16,3677.66
TR-045394,2025-10-15,Dry Van,600.5,True,600.15,614.99,578.04,589.57
TR-045395,2025-10-15,Dry Van,2508.4,True,2416.47,2334.18,2345.83,2414.07
TR-045396,2025-10-15,Reefer,2661.47,True,2653.65,2628.05,2549.0,2649.72
TR-045397,2025-10-15,Reefer,1813.6,True,1757.91,1713.79,1689.02,1756.39
TR-045398,2025-10-15,Dry Van,1056.38,True,1025.73,1018.14,989.55,1016.02
TR-045399,2025-10-15,Reefer,216.75,True,217.41,209.64,210.28,222.72
TR-045400,2025-10-15,Dry Van,1788.8,True,1787.38,1765.06,1723.56,1831.96
TR-045401,2025-10-15,Dry Van,1232.16,True,1248.81,1217.46,1194.73,1271.49
TR-045402,2025-10-15,Dry Van,853.57,True,844.01,852.17,812.92,827.49
TR-045403,2025-10-15,Dry Van,1564.33,True,1555.87,1523.59,1498.49,1559.71
TR-045404,2025-10-15,Reefer,1378.98,True,1319.57,1304.15,1262.32,1349.99
TR-045405,2025-10-15,Flatbed,4506.19,True,4430.5,4416.57,4295.67,4485.35
TR-045406,2025-10-15,Flatbed,1653.47,True,1636.19,1604.49,1571.97,1645.35
TR-045407,2025-10-15,Dry Van,1038.39,True,1020.64,989.27,977.87,1034.88
TR-045408,2025-10-15,Flatbed,4400.24,True,4387.63,4309.66,4242.63,4308.1
TR-045409,2025-10-15,Dry Van,1876.83,True,1840.78,1796.51,1772.48,1877.64
TR-045410,2025-10-15,Reefer,1089.43,True,1060.69,1068.21,1024.56,1081.75
TR-045411,2025-10-15,Flatbed,1332.19,True,1289.03,1289.41,1239.39,1285.69
TR-045412,2025-10-15,Dry Van,1053.6,True,1052.32,1042.56,1011.37,1079.95
TR-045413,2025-10-15,Dry Van,1152.67,True,1125.27,1102.16,1088.86,1146.0
TR-045414,2025-10-15,Reefer,6475.22,True,6474.02,6138.45,6217.09,6191.7
TR-045415,2025-10-15,Flatbed,1605.1,True,1619.69,1601.03,1571.53,1691.43
TR-045416,2025-10-15,Dry Van,3212.24,True,3217.91,3149.91,3107.85,3204.5
TR-045417,2025-10-15,Dry Van,436.33,True,441.77,426.18,428.13,427.95
TR-045418,2025-10-15,Reefer,2740.89,True,2713.75,2662.31,2631.74,2725.97
TR-045419,2025-10-15,Reefer,4350.23,False,1373.27,1340.97,1333.23,1420.95
TR-045420,2025-10-15,Dry Van,944.01,True,921.62,911.99,893.01,903.7
TR-045421,2025-10-15,Flatbed,3563.89,True,3481.34,3510.52,3358.41,3533.41
TR-045422,2025-10-15,Dry Van,1255.95,True,1233.36,1212.66,1183.38,1268.24
TR-045423,2025-10-15,Reefer,2041.12,True,2018.0,1952.18,1934.5,2069.29
TR-045424,2025-10-15,Reefer,1346.17,True,1312.51,1285.62,1283.0,1331.24
TR-045425,2025-10-15,Flatbed,568.26,False,3025.82,3020.91,2914.93,3031.65
TR-045426,2025-10-15,Flatbed,2903.57,True,2885.62,2824.21,2775.74,2930.1
TR-045427,2025-10-15,Dry Van,4389.3,True,4328.96,4295.68,4191.69,4366.95
TR-045428,2025-10-15,Dry Van,2617.61,True,2594.3,2508.52,2510.31,2584.47
TR-045429,2025-10-15,Dry Van,1498.27,True,1461.85,1439.67,1413.99,1444.77
TR-045430,2025-10-15,Dry Van,2985.02,True,2922.73,2907.9,2804.01,2939.69
TR-045431,2025-10-15,Reefer,1930.62,True,1908.13,1911.46,1844.25,1946.77
TR-045432,2025-10-15,Dry Van,2661.22,True,2606.85,2552.39,2530.39,2641.65
TR-045433,2025-10-15,Flatbed,2045.72,True,2002.73,1986.45,1922.62,2084.96
TR-045434,2025-10-15,Reefer,842.96,True,828.04,840.15,799.9,818.51
TR-045435,2025-10-15,Dry Van,2152.99,True,2158.03,2154.67,2070.11,2151.05
TR-045436,2025-10-15,Flatbed,1744.7,True,1782.06,1739.5,1721.75,1798.43
TR-045437,2025-10-15,Flatbed,2181.82,True,2102.27,2072.73,2033.95,2117.23
TR-045438,2025-10-15,Dry Van,1907.86,True,1864.56,1847.01,1811.08,1876.42
TR-045439,2025-10-15,Dry Van,3295.14,True,3249.63,3254.12,3150.16,3297.52
TR-045440,2025-10-15,Reefer,1364.09,True,1330.42,1310.98,1279.21,1358.38
TR-045441,2025-10-15,Reefer,2087.79,True,2103.86,2038.58,2044.06,2112.79
TR-045442,2025-10-15,Reefer,1556.11,True,1538.99,1513.73,1484.36,1544.99
TR-045443,2025-10-15,Flatbed,1944.75,True,1909.44,1919.46,1843.35,1921.17
TR-045444,2025-10-15,Dry Van,1512.28,True,1508.13,1477.48,1454.78,1504.96
TR-045445,2025-10-15,Dry Van,3926.13,True,3850.24,3817.32,3721.85,3885.87
TR-045446,2025-10-15,Dry Van,483.85,True,490.82,495.08,472.24,488.85
TR-045447,2025-10-15,Reefer,1165.76,True,1158.47,1142.34,1116.65,1165.26
TR-045448,2025-10-15,Dry Van,1438.61,True,1433.34,1439.67,1385.74,1468.92
TR-045449,2025-10-15,Reefer,1692.84,True,1686.24,1660.05,1622.63,1700.3
TR-045450,2025-10-15,Dry Van,754.63,True,734.75,728.57,707.7,724.72
TR-045451,2025-10-15,Dry Van,1004.61,True,985.85,969.23,944.32,985.2
TR-045452,2025-10-15,Flatbed,2234.84,True,2109.22,2042.18,2014.15,2112.94
TR-045453,2025-10-15,Dry Van,2952.3,True,2936.85,2886.31,2829.83,2990.72
TR-045454,2025-10-15,Dry Van,1533.52,True,1528.7,1521.18,1469.05,1577.83
TR-045455,2025-10-15,Flatbed,5166.25,True,5186.35,5151.44,5043.36,5050.22
TR-045456,2025-10-15,Reefer,3281.89,True,3282.66,3298.96,3167.5,3233.47
TR-045457,2025-10-15,Flatbed,1269.99,True,1270.45,1288.19,1230.92,1304.28
TR-045458,2025-10-15,Dry Van,4306.25,True,4207.83,4110.61,4071.33,4299.81
TR-045459,2025-10-15,Dry Van,2476.61,True,2413.93,2318.21,2332.67,2429.23
TR-045460,2025-10-15,Dry Van,3778.62,True,3645.87,3636.57,3518.59,3701.34
TR-045461,2025-10-15,Flatbed,3385.62,True,3329.84,3335.25,3202.55,3279.76
TR-045462,2025-10-15,Reefer,1681.07,True,1688.91,1621.26,1621.19,1711.93
TR-045463,2025-10-15,Dry Van,4294.8,True,4227.19,4178.1,4049.0,4248.67
TR-045464,2025-10-15,Reefer,2564.43,True,2506.25,2437.31,2425.35,2565.22
TR-045465,2025-10-15,Dry Van,501.67,True,504.27,490.57,481.47,490.03
TR-045466,2025-10-15,Flatbed,2247.19,True,2183.76,2139.41,2114.68,2210.54
TR-045467,2025-10-15,Reefer,4562.17,True,4500.11,4336.12,4348.37,4466.18
TR-045468,2025-10-15,Flatbed,3238.99,True,3198.85,3194.92,3060.51,3216.91
TR-045469,2025-10-15,Dry Van,1493.13,True,1499.42,1466.03,1432.98,1493.41
TR-045470,2025-10-15,Dry Van,1602.83,True,1606.03,1599.41,1547.91,1628.85
TR-045471,2025-10-15,Dry Van,928.05,True,892.91,888.21,859.35,896.4
TR-045472,2025-10-15,Dry Van,3913.99,True,3906.37,3852.94,3767.57,3969.02
TR-045473,2025-10-15,Dry Van,2990.47,True,2971.66,2896.88,2856.37,2976.53
TR-045474,2025-10-15,Reefer,2214.62,True,2189.89,2195.9,2115.46,2270.41
TR-045475,2025-10-15,Dry Van,1323.68,True,1320.35,1332.23,1268.71,1343.7
TR-045476,2025-10-15,Reefer,1844.13,True,1820.06,1788.91,1751.36,1814.57
TR-045477,2025-10-15,Dry Van,932.44,True,950.26,957.69,915.87,956.35
TR-045478,2025-10-15,Dry Van,474.27,True,466.9,455.62,449.12,451.07
TR-045479,2025-10-15,Dry Van,2227.05,True,2201.02,2186.98,2134.86,2203.62
TR-045480,2025-10-15,Reefer,2089.72,True,2071.3,2029.99,2003.29,2098.69
TR-045481,2025-10-15,Dry Van,5134.16,True,5029.49,5116.47,4886.45,4964.45
TR-045482,2025-10-15,Flatbed,2193.66,True,2176.28,2165.67,2104.02,2219.12
TR-045483,2025-10-15,Dry Van,794.02,True,798.93,792.56,769.2,796.55
TR-045484,2025-10-15,Dry Van,1971.21,False,409.56,396.06,393.19,410.47
TR-045485,2025-10-15,Reefer,3702.06,True,3648.02,3661.58,3528.42,3708.19
TR-045486,2025-10-15,Dry Van,999.32,True,980.01,959.63,942.9,992.86
TR-045487,2025-10-15,Dry Van,4097.51,True,3961.76,3896.83,3804.55,3974.92
TR-045488,2025-10-15,Flatbed,4235.68,True,4131.11,4060.68,3945.24,4140.1
TR-045489,2025-10-15,Dry Van,2724.75,True,2702.56,2629.19,2601.24,2667.11
TR-045490,2025-10-15,Dry Van,2087.54,True,2049.49,1988.6,1979.56,2102.06
TR-045491,2025-10-15,Flatbed,1258.93,True,1279.39,1275.99,1236.46,1265.8
TR-045492,2025-10-15,Dry Van,2343.06,True,2347.65,2306.92,2266.55,2357.02
TR-045493,2025-10-15,Dry Van,4341.53,True,4328.45,4286.38,4141.97,4352.85
TR-045494,2025-10-15,Flatbed,3346.88,True,3265.41,3265.41,3130.91,3270.36
TR-045495,2025-10-15,Dry Van,1193.64,True,1188.74,1204.13,1143.01,1179.85
TR-045496,2025-10-16,Reefer,2724.36,True,2674.01,2691.11,2580.98,2713.54
TR-045497,2025-10-16,Flatbed,2533.06,True,2456.13,2433.87,2380.5,2503.38
TR-045498,2025-10-16,Flatbed,1699.44,True,1707.51,1716.64,1648.1,1735.32
TR-045499,2025-10-16,Reefer,4527.85,True,4358.52,4273.69,4192.48,4481.19
TR-045500,2025-10-16,Dry Van,2720.36,True,2701.88,2684.44,2609.02,2713.74
TR-045501,2025-10-16,Flatbed,3737.89,True,3729.6,3705.92,3604.34,3680.07
TR-045502,2025-10-16,Dry Van,1006.55,True,1004.48,990.33,964.91,1010.73
TR-045503,2025-10-16,Flatbed,5553.58,True,5551.79,5473.62,5348.84,5458.52
TR-045504,2025-10-16,Dry Van,1047.23,True,1021.0,1004.37,985.14,1045.67
TR-045505,2025-10-16,Dry Van,3512.86,True,3440.68,3452.0,3307.78,3449.49
TR-045506,2025-10-16,Dry Van,834.1,True,802.75,795.31,771.27,791.61
TR-045507,2025-10-16,Dry Van,2978.65,True,2986.05,2952.43,2874.61,2985.49
TR-045508,2025-10-16,Dry Van,3902.46,True,3883.24,3782.08,3737.5,3955.35
TR-045509,2025-10-16,Dry Van,4696.7,True,4544.64,4430.84,4382.95,4480.84
TR-045510,2025-10-16,Dry Van,757.49,True,723.65,718.44,700.95,735.96
TR-045511,2025-10-16,Reefer,1651.0,True,1606.76,1618.74,1541.95,1705.1
TR-045512,2025-10-16,Dry Van,1655.06,True,1644.04,1578.36,1588.85,1659.27
TR-045513,2025-10-16,Reefer,871.81,True,867.55,869.2,832.43,843.82
TR-045514,2025-10-16,Dry Van,1474.93,True,1485.0,1456.66,1435.48,1495.57
TR-045515,2025-10-16,Flatbed,1932.3,True,1952.45,1906.35,1877.54,1961.69
TR-045516,2025-10-16,Dry Van,781.07,True,793.74,779.97,765.07,793.74
TR-045517,2025-10-16,Dry Van,902.18,True,905.99,888.96,874.68,932.06
TR-045518,2025-10-16,Dry Van,522.2,True,505.76,505.76,487.41,492.77
TR-045519,2025-10-16,Dry Van,4781.19,True,4687.26,4703.75,4524.79,4840.52
TR-045520,2025-10-16,Flatbed,1034.64,True,1010.83,999.22,969.93,1025.64
TR-045521,2025-10-16,Flatbed,4263.76,True,4316.89,4224.37,4150.34,4384.02
TR-045522,2025-10-16,Flatbed,904.52,True,906.46,907.87,872.07,911.52
TR-045523,2025-10-16,Dry Van,1512.16,True,1471.73,1461.01,1422.26,1483.6
TR-045524,2025-10-16,Flatbed,4033.83,True,3996.96,3943.33,3852.85,3998.78
TR-045525,2025-10-16,Dry Van,2238.22,True,2291.15,2246.28,2211.77,2283.57
TR-045526,2025-10-16,Dry Van,3178.27,True,3196.66,3117.66,3077.5,3206.2
TR-045527,2025-10-16,Dry Van,1768.37,True,1767.49,1733.45,1703.57,1766.45
TR-045528,2025-10-16,Reefer,5890.2,True,5801.5,5801.05,5583.55,5692.63
TR-045529,2025-10-16,Flatbed,2132.59,True,2103.35,2092.2,2013.75,2111.87
TR-045530,2025-10-16,Dry Van,1979.76,True,1962.51,1929.08,1879.18,2009.59
TR-045531,2025-10-16,Flatbed,1198.94,True,1194.13,1203.34,1147.44,1233.44
TR-045532,2025-10-16,Reefer,3017.53,True,3027.05,2991.67,2923.51,3082.08
TR-045533,2025-10-16,Reefer,1736.07,True,1709.68,1705.37,1643.83,1730.42
TR-045534,2025-10-16,Dry Van,1646.4,True,1678.08,1622.1,1620.53,1721.92
TR-045535,2025-10-16,Dry Van,362.78,True,351.35,334.0,338.38,340.72
TR-045536,2025-10-16,Dry Van,1030.67,True,1007.54,982.03,972.36,1051.56
TR-045537,2025-10-16,Reefer,1786.04,True,1764.67,1750.89,1697.67,1818.96
TR-045538,2025-10-16,Reefer,1759.89,True,1763.47,1738.02,1697.9,1759.0
TR-045539,2025-10-16,Reefer,1623.7,True,1582.79,1557.31,1529.65,1555.43
TR-045540,2025-10-16,Flatbed,1515.83,True,1469.28,1488.61,1417.67,1501.04
TR-045541,2025-10-16,Dry Van,3051.79,True,2941.68,2882.75,2845.31,2957.97
TR-045542,2025-10-16,Dry Van,200.56,True,194.94,211.41,186.51,192.31
TR-045543,2025-10-16,Dry Van,2253.61,True,2246.23,2227.07,2158.61,2282.98
TR-045544,2025-10-16,Dry Van,869.02,True,877.87,875.16,840.79,866.92
TR-045545,2025-10-16,Reefer,2114.08,True,2067.13,2070.09,2004.08,2060.61
TR-045546,2025-10-16,Dry Van,588.86,True,578.5,582.29,555.62,585.83
TR-045547,2025-10-16,Dry Van,1695.48,True,1680.63,1655.93,1622.2,1696.67
TR-045548,2025-10-16,Dry Van,1501.55,True,1488.64,1439.76,1433.34,1543.04
TR-045549,2025-10-16,Flatbed,2850.38,True,2868.71,2833.98,2769.6,2836.57
TR-045550,2025-10-16,Dry Van,3389.94,True,3395.21,3373.76,3259.73,3454.62
TR-045551,2025-10-16,Dry Van,1049.3,True,1028.81,1026.5,996.61,1031.97
TR-045552,2025-10-16,Flatbed,937.25,True,921.32,923.6,889.2,944.87
TR-045553,2025-10-16,Reefer,4304.74,True,4179.47,4166.08,4006.34,3987.41
TR-045554,2025-10-16,Flatbed,4584.79,True,4544.63,4520.63,4381.29,4547.52
TR-045555,2025-10-16,Dry Van,1687.37,False,4127.3,3994.32,3967.67,4166.64
TR-045556,2025-10-16,Reefer,867.44,True,860.27,882.17,827.5,842.14
TR-045557,2025-10-16,Flatbed,2794.83,True,2802.7,2749.97,2703.48,2903.84
TR-045558,2025-10-16,Reefer,718.12,True,705.27,706.82,678.98,706.26
TR-045559,2025-10-16,Reefer,1702.69,True,1693.06,1637.61,1632.54,1737.6
TR-045560,2025-10-16,Dry Van,1235.7,True,1234.52,1226.56,1192.24,1287.03
TR-045561,2025-10-16,Dry Van,1069.53,True,1096.5,1076.9,1051.97,1139.92
TR-045562,2025-10-16,Reefer,3294.55,True,3271.17,3262.82,3148.36,3219.24
TR-045563,2025-10-16,Dry Van,1301.45,True,1313.09,1291.27,1263.81,1353.22
TR-045564,2025-10-16,Dry Van,2804.49,True,2675.07,2638.69,2572.52,2667.34
TR-045565,2025-10-16,Dry Van,775.09,True,764.0,762.75,736.04,739.13
TR-045566,2025-10-16,Flatbed,2038.75,True,2018.98,2000.85,1937.04,2005.08
TR-045567,2025-10-16,Flatbed,2112.34,True,2108.16,2085.54,2028.81,2144.46
TR-045568,2025-10-16,Dry Van,844.26,True,842.2,840.89,807.08,842.65
TR-045569,2025-10-16,Dry Van,4419.63,True,4394.07,4372.85,4246.54,4457.56
TR-045570,2025-10-16,Dry Van,824.68,True,815.34,812.55,787.12,815.9
TR-045571,2025-10-16,Dry Van,744.62,True,730.78,726.77,704.76,747.64
TR-045572,2025-10-16,Dry Van,4012.16,True,3879.89,3791.7,3724.19,3800.32
TR-045573,2025-10-16,Dry Van,346.4,True,339.24,327.21,327.29,335.74
TR-045574,2025-10-16,Dry Van,1766.71,True,1807.02,1796.62,1734.28,1839.55
TR-045575,2025-10-16,Dry Van,4234.65,True,4154.56,4107.85,4005.85,4192.2
TR-045576,2025-10-16,Dry Van,5590.92,True,5498.67,5670.41,5350.63,5378.45
TR-045577,2025-10-16,Dry Van,2634.88,True,2630.45,2600.49,2546.61,2664.41
TR-045578,2025-10-16,Dry Van,2230.38,True,2222.45,2142.56,2138.22,2280.75
TR-045579,2025-10-16,Dry Van,2199.79,True,2176.41,2182.21,2086.06,2201.0
TR-045580,2025-10-16,Dry Van,2405.29,True,2366.78,2327.63,2277.7,2374.72
TR-045581,2025-10-16,Flatbed,1577.84,True,1541.94,1541.57,1481.8,1584.83
TR-045582,2025-10-16,Dry Van,1712.65,True,1731.85,1741.67,1662.81,1752.07
TR-045583,2025-10-16,Reefer,4672.68,True,4682.48,4663.52,4504.26,4662.4
TR-045584,2025-10-16,Dry Van,3402.06,True,3349.39,3257.99,3210.85,3321.41
TR-045585,2025-10-16,Flatbed,982.74,True,981.33,948.54,947.75,996.03
TR-045586,2025-10-16,Dry Van,3907.67,True,3830.01,3721.78,3675.34,3882.71
TR-045587,2025-10-16,Dry Van,3578.71,True,3508.4,3480.59,3384.8,3563.09
TR-045588,2025-10-16,Dry Van,526.8,True,526.9,522.61,508.36,527.05
TR-045589,2025-10-16,Dry Van,2240.17,True,2237.25,2190.79,2154.09,2246.34
TR-045590,2025-10-16,Reefer,894.4,True,884.92,901.27,855.74,883.69
TR-045591,2025-10-16,Reefer,1466.32,True,1416.13,1417.44,1368.85,1422.88
TR-045592,2025-10-16,Reefer,2998.13,True,2919.15,2910.18,2810.5,2995.76
TR-045593,2025-10-16,Dry Van,3282.86,True,3297.74,3253.54,3159.02,3280.68
TR-045594,2025-10-16,Reefer,1565.23,True,1569.92,1556.78,1511.2,1604.21
TR-045595,2025-10-16,Reefer,1293.67,True,1265.64,1296.29,1215.97,1248.76
TR-045596,2025-10-16,Dry Van,2280.97,True,2257.16,2263.21,2162.2,2313.09
TR-045597,2025-10-16,Reefer,4050.73,True,4031.26,3965.7,3898.15,4068.31
TR-045598,2025-10-16,Dry Van,1943.56,True,1914.78,1843.87,1842.23,1925.65
TR-045599,2025-10-16,Reefer,2508.13,True,2544.86,2487.47,2451.17,2555.69
TR-045600,2025-10-16,Flatbed,2645.34,True,2640.39,2609.96,2558.67,2651.06
TR-045601,2025-10-16,Dry Van,1373.58,True,1368.14,1325.73,1315.94,1356.1
TR-045602,2025-10-16,Dry Van,4123.96,True,4164.92,4054.19,3993.35,4130.54
TR-045603,2025-10-16,Dry Van,2908.31,True,2909.78,2876.32,2815.98,2978.28
TR-045604,2025-10-16,Dry Van,5943.04,True,5712.43,5692.03,5511.54,5565.47
TR-045605,2025-10-16,Dry Van,1439.58,True,1405.74,1367.27,1354.1,1426.24
TR-045606,2025-10-16,Dry Van,3399.37,True,3352.48,3336.19,3217.33,3372.62
TR-045607,2025-10-16,Dry Van,3365.36,True,3317.9,3339.16,3177.39,3384.74
TR-045608,2025-10-16,Dry Van,1831.06,True,1845.37,1807.7,1777.76,1874.3
TR-045609,2025-10-16,Dry Van,2872.8,True,2807.57,2723.87,2707.66,2817.75
TR-045610,2025-10-16,Flatbed,1702.65,True,1684.72,1690.03,1625.96,1669.98
TR-045611,2025-10-16,Reefer,6537.96,True,6514.94,6256.94,6252.56,6304.11
TR-045612,2025-10-16,Dry Van,2422.06,True,2359.03,2302.58,2279.25,2365.17
TR-045613,2025-10-16,Dry Van,4957.77,True,4827.81,4781.54,4665.22,4876.9
TR-045614,2025-10-16,Dry Van,493.78,True,485.15,489.98,464.17,477.74
TR-045615,2025-10-16,Dry Van,593.16,True,573.64,571.56,551.19,550.02
TR-045616,2025-10-16,Dry Van,3170.07,True,3096.02,3011.3,2983.69,3099.55
TR-045617,2025-10-16,Reefer,5957.95,True,5901.03,5902.05,5689.15,5959.55
TR-045618,2025-10-16,Dry Van,1935.21,True,1925.41,1874.92,1864.69,1956.4
TR-045619,2025-10-16,Reefer,2060.21,True,2093.61,2096.3,2024.29,2138.09
TR-045620,2025-10-16,Dry Van,1420.06,True,1409.51,1395.56,1351.67,1444.96
TR-045621,2025-10-16,Flatbed,490.27,True,496.13,500.81,477.65,485.76
TR-045622,2025-10-16,Dry Van,4207.76,True,4018.15,3970.54,3870.19,4008.29
TR-045623,2025-10-16,Dry Van,866.23,True,870.72,871.12,838.57,907.31
TR-045624,2025-10-16,Dry Van,2427.7,True,2378.09,2363.78,2286.89,2374.61
TR-045625,2025-10-16,Flatbed,1659.56,True,1670.63,1664.59,1609.98,1655.08
TR-045626,2025-10-16,Reefer,3476.97,True,3416.69,3363.94,3280.6,3391.12
TR-045627,2025-10-16,Dry Van,2795.92,True,2803.59,2767.39,2688.7,2826.51
TR-045628,2025-10-16,Reefer,575.03,True,558.47,571.53,539.52,533.49
TR-045629,2025-10-16,Reefer,2501.49,True,2422.75,2356.27,2334.68,2370.99
TR-045630,2025-10-16,Dry Van,2283.52,True,2263.82,2227.02,2184.97,2287.27
TR-045631,2025-10-16,Flatbed,1698.24,True,1693.62,1669.64,1629.07,1710.15
TR-045632,2025-10-16,Reefer,2002.19,True,1958.43,1957.6,1892.55,1980.32
TR-045633,2025-10-16,Flatbed,872.98,True,849.79,862.02,819.11,851.16
TR-045634,2025-10-16,Dry Van,4021.52,True,3995.24,3917.74,3860.98,4012.63
TR-045635,2025-10-16,Dry Van,1937.24,True,1950.03,1912.43,1870.11,1970.28
TR-045636,2025-10-16,Dry Van,5322.9,True,5196.23,5273.98,4998.04,5179.48
TR-045637,2025-10-17,Dry Van,2934.77,True,2893.81,2887.14,2774.98,2860.03
TR-045638,2025-10-17,Reefer,1157.63,True,1134.8,1155.46,1090.69,1126.57
TR-045639,2025-10-17,Reefer,1745.48,True,1789.21,1760.55,1718.67,1824.04
TR-045640,2025-10-17,Dry Van,1076.4,True,1046.34,1033.68,1003.17,1054.6
TR-045641,2025-10-17,Reefer,3352.03,True,3188.74,3192.61,3070.06,3181.86
TR-045642,2025-10-17,Dry Van,648.83,True,643.71,644.6,618.3,643.55
TR-045643,2025-10-17,Reefer,1447.57,True,1424.02,1396.91,1367.54,1457.8
TR-045644,2025-10-17,Dry Van,541.72,True,523.41,505.81,504.59,513.47
TR-045645,2025-10-17,Reefer,5577.71,True,5422.67,5342.62,5196.28,5375.62
TR-045646,2025-10-17,Dry Van,2834.23,True,2820.22,2842.43,2708.07,2777.12
TR-045647,2025-10-17,Dry Van,2376.9,True,2360.51,2332.92,2281.85,2406.36
TR-045648,2025-10-17,Dry Van,2509.96,True,2457.33,2398.91,2360.42,2538.14
TR-045649,2025-10-17,Reefer,1269.3,True,1245.59,1254.17,1193.88,1242.42
TR-045650,2025-10-17,Dry Van,2140.85,True,2169.52,2074.75,2085.51,2201.52
TR-045651,2025-10-17,Dry Van,2165.47,True,2124.57,2088.18,2052.24,2124.95
TR-045652,2025-10-17,Dry Van,2842.26,True,2796.76,2736.15,2700.27,2821.37
TR-045653,2025-10-17,Reefer,4069.8,True,4002.63,3959.08,3831.06,4002.98
TR-045654,2025-10-17,Dry Van,2598.14,True,2556.43,2514.47,2452.36,2588.01
TR-045655,2025-10-17,Flatbed,2221.49,True,2177.63,2135.26,2097.42,2177.88
TR-045656,2025-10-17,Dry Van,963.31,True,972.9,958.16,937.19,987.05
TR-045657,2025-10-17,Reefer,2654.3,True,2619.6,2560.42,2517.37,2663.11
TR-045658,2025-10-17,Reefer,879.55,True,874.83,891.81,841.15,858.7
TR-045659,2025-10-17,Flatbed,386.46,True,386.3,386.58,369.11,372.52
TR-045660,2025-10-17,Dry Van,364.34,True,361.03,369.88,346.85,356.87
TR-045661,2025-10-17,Dry Van,1237.58,True,1243.73,1236.64,1196.27,1235.01
TR-045662,2025-10-17,Dry Van,2734.03,True,2703.79,2680.46,2591.69,2683.95
TR-045663,2025-10-17,Dry Van,1625.19,True,1597.3,1568.97,1529.56,1640.66
TR-045664,2025-10-17,Flatbed,4336.71,True,4331.44,4368.58,4147.08,4265.41
TR-045665,2025-10-17,Flatbed,5312.61,True,5226.55,5225.25,5019.44,5126.7
TR-045666,2025-10-17,Dry Van,202.77,True,202.13,209.47,193.15,198.95
TR-045667,2025-10-17,Dry Van,999.21,True,987.62,974.69,950.3,1001.14
TR-045668,2025-10-17,Dry Van,5050.06,True,5088.15,5156.32,4892.35,5095.64
TR-045669,2025-10-17,Dry Van,2865.83,True,2812.01,2786.47,2708.53,2860.04
TR-045670,2025-10-17,Reefer,5504.19,True,5445.26,5462.89,5247.57,5251.66
TR-045671,2025-10-17,Reefer,865.48,True,848.33,870.95,814.58,847.56
TR-045672,2025-10-17,Reefer,2109.8,True,2109.04,2055.0,2011.33,2133.69
TR-045673,2025-10-17,Dry Van,2696.52,True,2559.8,2515.49,2451.27,2609.49
TR-045674,2025-10-17,Dry Van,4273.32,True,4176.13,4251.62,4026.64,3927.4
TR-045675,2025-10-17,Flatbed,2457.47,True,2495.52,2513.38,2396.09,2507.5
TR-045676,2025-10-17,Dry Van,3051.07,True,3013.31,2929.21,2891.76,3045.84
TR-045677,2025-10-17,Flatbed,3982.98,True,3941.71,3911.1,3795.21,4063.78
TR-045678,2025-10-17,Dry Van,1498.32,True,1461.52,1435.51,1407.78,1464.88
TR-045679,2025-10-17,Dry Van,547.06,True,544.73,529.06,525.79,540.41
TR-045680,2025-10-17,Reefer,2254.76,True,2238.47,2202.1,2137.52,2203.64
TR-045681,2025-10-17,Dry Van,2056.91,True,2002.43,1966.61,1925.96,2033.0
TR-045682,2025-10-17,Dry Van,4336.63,True,4232.52,4209.86,4062.62,4210.74
TR-045683,2025-10-17,Reefer,4383.55,True,4302.0,4300.5,4123.0,4310.88
TR-045684,2025-10-17,Dry Van,3472.23,True,3486.19,3434.54,3343.72,3393.68
TR-045685,2025-10-17,Dry Van,809.61,True,815.38,818.16,784.14,804.55
TR-045686,2025-10-17,Dry Van,827.55,True,836.55,833.95,805.28,837.48
TR-045687,2025-10-17,Dry Van,4128.64,True,4065.56,4030.75,3894.28,4205.11
TR-045688,2025-10-17,Dry Van,464.57,True,464.03,446.72,443.71,445.52
TR-045689,2025-10-17,Reefer,1598.45,True,1588.0,1561.45,1531.64,1559.83
TR-045690,2025-10-17,Reefer,2284.08,True,2256.7,2207.26,2162.64,2298.44
TR-045691,2025-10-17,Dry Van,3177.81,True,3110.96,3102.82,2978.62,3140.0
TR-045692,2025-10-17,Dry Van,4681.46,True,4532.35,4485.31,4338.45,4579.77
TR-045693,2025-10-17,Reefer,1113.75,True,1080.15,1106.93,1037.76,1070.48
TR-045694,2025-10-17,Dry Van,822.84,True,824.29,812.87,789.0,828.55
TR-045695,2025-10-17,Dry Van,1929.6,True,1919.55,1896.31,1838.91,1953.18
TR-045696,2025-10-17,Reefer,2504.83,True,2501.69,2384.3,2400.02,2484.58
TR-045697,2025-10-17,Reefer,1012.02,True,986.67,1022.6,952.5,997.69
TR-045698,2025-10-17,Flatbed,1308.89,True,1275.84,1271.53,1224.26,1276.13
TR-045699,2025-10-17,Dry Van,1386.72,True,1381.39,1395.57,1336.48,1381.71
TR-045700,2025-10-17,Dry Van,4231.34,True,4183.63,4162.97,4024.2,4205.84
TR-045701,2025-10-17,Reefer,6710.48,True,6490.51,6329.93,6219.86,6275.06
TR-045702,2025-10-17,Flatbed,1752.03,True,1701.94,1705.98,1631.72,1706.57
TR-045703,2025-10-17,Dry Van,3486.21,True,3401.7,3300.06,3246.9,3403.31
TR-045704,2025-10-17,Flatbed,2490.63,True,2433.52,2389.63,2334.75,2428.17
TR-045705,2025-10-17,Dry Van,680.72,True,673.24,697.84,642.94,665.13
TR-045706,2025-10-17,Reefer,3870.41,True,3786.49,3695.05,3634.18,3769.3
TR-045707,2025-10-17,Dry Van,1335.72,True,1312.49,1312.79,1264.28,1339.03
TR-045708,2025-10-17,Dry Van,4001.14,True,3981.65,3953.58,3821.65,4078.21
TR-045709,2025-10-17,Dry Van,1977.36,True,1973.72,1937.33,1886.48,2020.34
TR-045710,2025-10-17,Dry Van,3725.37,True,3616.32,3568.76,3483.78,3668.47
TR-045711,2025-10-17,Dry Van,903.02,True,908.22,896.12,870.49,884.12
TR-045712,2025-10-17,Dry Van,2771.19,True,2732.29,2729.93,2622.42,2723.5
TR-045713,2025-10-17,Dry Van,3449.99,True,3509.24,3533.97,3374.1,3534.8
TR-045714,2025-10-17,Dry Van,630.36,True,623.3,607.11,599.73,592.99
TR-045715,2025-10-17,Flatbed,553.35,True,555.61,549.2,533.24,542.91
TR-045716,2025-10-17,Dry Van,1231.89,True,1223.82,1184.15,1178.12,1243.84
TR-045717,2025-10-17,Flatbed,2460.65,True,2415.19,2394.03,2316.89,2455.92
TR-045718,2025-10-17,Dry Van,4374.08,True,4343.14,4333.83,4175.99,4401.33
TR-045719,2025-10-17,Reefer,1464.75,True,1444.09,1446.57,1385.18,1480.95
TR-045720,2025-10-17,Dry Van,1088.41,True,1075.91,1061.61,1035.37,1087.92
TR-045721,2025-10-17,Dry Van,3828.5,True,3821.1,3712.06,3674.36,3847.91
TR-045722,2025-10-17,Flatbed,4531.93,True,4346.65,4341.09,4198.05,4273.0
TR-045723,2025-10-17,Dry Van,3694.07,True,3587.73,3558.0,3454.75,3559.21
TR-045724,2025-10-17,Dry Van,1079.1,True,1046.66,1019.45,1009.16,1033.16
TR-045725,2025-10-17,Reefer,2126.09,True,2069.24,2016.22,1989.19,2093.96
TR-045726,2025-10-17,Dry Van,1340.2,True,1323.81,1318.79,1275.74,1324.62
TR-045727,2025-10-17,Dry Van,3342.36,True,3265.25,3208.91,3137.91,3312.49
TR-045728,2025-10-17,Flatbed,807.25,True,796.37,814.11,762.27,801.86
TR-045729,2025-10-17,Dry Van,1711.02,True,1670.85,1649.04,1605.02,1690.29
TR-045730,2025-10-17,Dry Van,4029.11,True,4061.09,4006.08,3902.98,4099.38
TR-045731,2025-10-17,Dry Van,1821.47,True,1760.82,1731.07,1691.71,1769.74
TR-045732,2025-10-17,Dry Van,2502.01,True,2412.4,2397.08,2321.31,2461.52
TR-045733,2025-10-17,Reefer,6390.2,True,6378.64,6225.93,6106.65,6147.91
TR-045734,2025-10-17,Reefer,2466.55,True,2462.87,2448.1,2380.24,2516.0
TR-045735,2025-10-17,Dry Van,4829.39,True,4781.17,4778.18,4586.29,4798.74
TR-045736,2025-10-17,Reefer,5275.11,True,5053.0,5047.54,4844.54,5083.65
TR-045737,2025-10-17,Reefer,362.78,True,355.95,380.25,341.27,336.81
TR-045738,2025-10-17,Reefer,5336.8,True,5140.8,5047.19,4923.28,5137.08
TR-045739,2025-10-17,Reefer,1324.44,True,1282.77,1292.76,1235.87,1247.98
TR-045740,2025-10-17,Dry Van,2204.45,True,2152.54,2112.99,2065.32,2201.24
TR-045741,2025-10-17,Dry Van,2015.32,True,1967.77,1955.44,1889.42,1988.76
TR-045742,2025-10-17,Flatbed,1034.75,True,1016.04,997.96,977.95,997.39
TR-045743,2025-10-17,Dry Van,3770.27,True,3817.29,3722.64,3656.53,3708.68
TR-045744,2025-10-17,Dry Van,3934.36,True,3928.19,3847.35,3765.52,3934.14
TR-045745,2025-10-17,Dry Van,947.22,True,918.82,898.63,883.17,914.77
TR-045746,2025-10-17,Flatbed,972.26,True,961.4,955.0,923.45,956.43
TR-045747,2025-10-17,Dry Van,1170.45,True,1146.94,1134.36,1099.12,1182.95
TR-045748,2025-10-17,Dry Van,1779.6,True,1758.93,1730.81,1688.77,1794.41
TR-045749,2025-10-17,Dry Van,3910.77,True,3911.0,3837.47,3739.62,3896.29
TR-045750,2025-10-17,Dry Van,2935.66,True,2896.7,2866.35,2782.69,2847.34
TR-045751,2025-10-17,Dry Van,698.47,True,680.21,679.04,652.8,663.33
TR-045752,2025-10-17,Dry Van,1033.08,True,1071.55,1062.94,1027.55,1106.46
TR-045753,2025-10-17,Dry Van,1237.01,True,1217.97,1177.17,1167.65,1266.16
TR-045754,2025-10-17,Dry Van,1137.75,True,1115.69,1099.71,1072.02,1132.68
TR-045755,2025-10-17,Reefer,4525.16,True,4388.4,4307.31,4215.01,4410.74
TR-045756,2025-10-17,Dry Van,227.6,True,222.34,253.44,214.38,214.15
TR-045757,2025-10-17,Flatbed,996.46,True,979.91,960.25,944.45,1020.36
TR-045758,2025-10-17,Flatbed,1476.89,True,1475.57,1459.19,1416.3,1519.83
TR-045759,2025-10-17,Reefer,1844.12,True,1803.6,1781.8,1735.56,1842.94
TR-045760,2025-10-17,Dry Van,2537.26,True,2512.46,2443.86,2414.84,2549.54
TR-045761,2025-10-17,Dry Van,1209.72,True,1192.12,1196.35,1148.59,1221.92
TR-045762,2025-10-17,Dry Van,2009.57,True,2010.59,1967.99,1929.31,2001.83
TR-045763,2025-10-17,Flatbed,3517.71,True,3379.25,3452.37,3261.44,3439.15
TR-045764,2025-10-17,Dry Van,3777.92,True,3711.48,3664.1,3550.67,3800.33
TR-045765,2025-10-17,Dry Van,1909.16,True,1932.29,1937.23,1857.61,1919.07
TR-045766,2025-10-17,Reefer,2410.85,True,2398.37,2341.07,2297.04,2438.95
TR-045767,2025-10-17,Dry Van,4640.16,True,4602.64,4629.37,4436.11,4644.75
TR-045768,2025-10-17,Reefer,2209.46,True,2189.07,2136.19,2090.89,2195.95
TR-045769,2025-10-17,Dry Van,1045.45,True,1019.54,1016.16,977.16,1022.89
TR-045770,2025-10-17,Dry Van,1320.24,True,1294.36,1294.73,1239.93,1347.61
TR-045771,2025-10-17,Reefer,1344.65,True,1337.61,1337.55,1288.98,1377.46
TR-045772,2025-10-17,Dry Van,1947.07,True,1915.15,1871.41,1843.61,1936.85
TR-045773,2025-10-17,Dry Van,5009.39,True,5117.43,5048.67,4952.25,5031.31
TR-045774,2025-10-17,Dry Van,2389.43,False,1033.29,1023.54,995.91,1031.93
TR-045775,2025-10-17,Dry Van,1500.92,True,1469.37,1425.64,1410.08,1455.93
TR-045776,2025-10-17,Dry Van,813.53,True,816.73,829.83,785.99,828.44
TR-045777,2025-10-17,Reefer,1257.8,True,1240.64,1245.93,1198.45,1241.07
TR-045778,2025-10-17,Flatbed,1759.5,True,1740.73,1718.23,1672.29,1748.67
TR-045779,2025-10-17,Dry Van,1533.53,True,1519.51,1479.77,1460.12,1550.34
TR-045780,2025-10-17,Dry Van,210.54,True,212.31,244.06,203.48,209.14
TR-045781,2025-10-17,Flatbed,1509.14,True,1494.64,1492.67,1439.66,1506.82
TR-045782,2025-10-17,Dry Van,1061.38,True,1040.26,1028.42,1000.64,1054.1
TR-045783,2025-10-17,Flatbed,3602.47,True,3563.94,3528.19,3419.51,3575.66
TR-045784,2025-10-17,Flatbed,4410.79,True,4379.09,4389.6,4189.38,4474.73
TR-045785,2025-10-17,Dry Van,1367.68,True,1360.65,1365.86,1303.42,1364.41
TR-045786,2025-10-17,Reefer,5467.05,True,5408.27,5410.62,5201.62,5471.8
TR-045787,2025-10-17,Dry Van,3826.18,True,3751.24,3756.05,3636.33,3804.5
TR-045788,2025-10-17,Reefer,1300.9,True,1305.51,1287.8,1259.87,1306.49
TR-045789,2025-10-17,Reefer,4254.3,True,4164.85,4152.4,3976.53,4186.87
TR-045790,2025-10-17,Reefer,2751.34,True,2718.7,2644.1,2619.0,2738.46
TR-045791,2025-10-17,Flatbed,3973.88,True,3961.5,3898.41,3807.34,3917.7
TR-045792,2025-10-17,Flatbed,1761.45,True,1754.1,1726.61,1677.85,1755.52
TR-045793,2025-10-17,Flatbed,2279.98,True,2202.11,2175.15,2118.16,2206.02
TR-045794,2025-10-17,Reefer,2139.64,True,2101.6,2097.03,2008.05,2133.35
TR-045795,2025-10-17,Reefer,3055.6,True,3040.44,3058.9,2919.88,3060.88
TR-045796,2025-10-17,Flatbed,2697.72,True,2719.93,2729.83,2598.58,2733.51
TR-045797,2025-10-17,Dry Van,1495.93,True,1474.0,1467.68,1421.27,1505.5
TR-045798,2025-10-17,Dry Van,2362.74,True,2328.33,2238.76,2234.86,2345.59
TR-045799,2025-10-17,Dry Van,2626.92,True,2576.63,2587.9,2479.29,2575.98
TR-045800,2025-10-17,Dry Van,2855.35,True,2864.66,2757.6,2761.21,2810.69
TR-045801,2025-10-17,Reefer,2661.21,True,2671.69,2646.76,2568.98,2694.26
TR-045802,2025-10-17,Dry Van,3838.53,True,3775.5,3725.95,3653.0,3790.66
TR-045803,2025-10-17,Reefer,3144.54,True,3158.13,3094.6,3033.71,3109.5
TR-045804,2025-10-17,Flatbed,1270.25,True,1244.68,1258.44,1201.07,1248.54
TR-045805,2025-10-17,Dry Van,4970.65,True,4927.2,4877.1,4733.92,4866.4
TR-045806,2025-10-17,Dry Van,859.09,True,844.68,841.11,812.3,853.19
TR-045807,2025-10-17,Dry Van,1274.46,True,1258.68,1236.34,1210.77,1276.76
TR-045808,2025-10-17,Flatbed,2301.55,True,2277.38,2241.93,2199.44,2312.58
TR-045809,2025-10-17,Dry Van,1243.9,True,1234.22,1210.88,1183.23,1238.86
TR-045810,2025-10-17,Dry Van,1302.32,True,1281.93,1249.17,1223.84,1279.29
TR-045811,2025-10-17,Reefer,2040.75,True,2023.87,1984.75,1942.38,2028.69
TR-045812,2025-10-17,Dry Van,1921.54,True,1868.42,1806.57,1803.07,1890.83
TR-045813,2025-10-17,Dry Van,4167.75,True,4161.75,4151.19,4000.34,4169.55
TR-045814,2025-10-17,Dry Van,1124.2,True,1096.27,1081.82,1054.4,1062.54
TR-045815,2025-10-17,Dry Van,2067.51,True,2124.1,2104.51,2045.95,2149.39
TR-045816,2025-10-17,Flatbed,932.49,True,922.74,907.58,888.66,937.67
TR-045817,2025-10-17,Dry Van,3953.94,True,3925.21,3932.78,3752.3,3981.64
TR-045818,2025-10-18,Reefer,4999.35,True,5009.91,4947.19,4830.93,5008.13
TR-045819,2025-10-18,Dry Van,829.78,True,812.52,787.59,784.66,816.97
TR-045820,2025-10-18,Dry Van,9522.01,False,1884.74,1869.0,1822.08,1914.52
TR-045821,2025-10-18,Reefer,1375.14,True,1361.36,1370.78,1306.95,1350.2
TR-045822,2025-10-18,Flatbed,1133.66,True,1111.17,1083.37,1067.72,1105.09
TR-045823,2025-10-18,Reefer,4705.33,True,4661.4,4625.7,4462.15,4571.31
TR-045824,2025-10-18,Dry Van,958.53,True,916.3,891.75,884.62,930.69
TR-045825,2025-10-18,Flatbed,1543.23,True,1490.1,1465.44,1431.62,1531.32
TR-045826,2025-10-18,Dry Van,4131.85,True,4151.24,4145.93,3970.15,4126.39
TR-045827,2025-10-18,Dry Van,1552.35,True,1545.5,1474.98,1475.56,1540.7
TR-045828,2025-10-18,Dry Van,1810.99,True,1789.87,1747.55,1727.01,1860.33
TR-045829,2025-10-18,Reefer,3685.75,True,3552.02,3548.59,3404.68,3540.4
TR-045830,2025-10-18,Flatbed,1859.19,True,1883.68,1857.16,1808.29,1882.93
TR-045831,2025-10-18,Dry Van,989.63,True,987.64,963.24,951.35,1001.05
TR-045832,2025-10-18,Dry Van,349.49,True,339.57,328.22,326.7,324.94
TR-045833,2025-10-18,Dry Van,574.16,True,568.01,562.71,544.25,542.91
TR-045834,2025-10-18,Reefer,700.21,False,3127.96,3110.84,3030.18,3118.15
TR-045835,2025-10-18,Dry Van,1631.71,True,1518.54,1513.51,1460.93,1516.16
TR-045836,2025-10-18,Flatbed,2362.92,True,2368.73,2370.54,2280.96,2390.22
TR-045837,2025-10-18,Dry Van,2972.51,True,3009.95,2972.2,2901.95,3025.06
TR-045838,2025-10-18,Dry Van,2699.51,True,2598.72,2560.24,2507.04,2586.29
TR-045839,2025-10-18,Flatbed,1862.45,True,1810.58,1760.0,1746.82,1794.9
TR-045840,2025-10-18,Dry Van,3476.91,True,3472.23,3357.49,3347.42,3398.36
TR-045841,2025-10-18,Reefer,1989.36,True,1936.54,1894.11,1852.59,1994.37
TR-045842,2025-10-18,Reefer,3523.42,True,3544.95,3464.78,3411.21,3585.46
TR-045843,2025-10-18,Dry Van,5068.46,True,5025.34,5008.78,4837.31,4976.56
TR-045844,2025-10-18,Dry Van,3163.53,True,3203.44,3188.2,3079.17,3272.06
TR-045845,2025-10-18,Dry Van,988.77,True,994.57,979.36,951.67,1017.92
TR-045846,2025-10-18,Flatbed,1695.2,True,1648.57,1646.73,1593.94,1684.39
TR-045847,2025-10-18,Dry Van,3057.31,True,2960.62,2861.33,2854.09,2980.19
TR-045848,2025-10-18,Reefer,5815.43,True,5745.22,5691.71,5521.91,5639.19
TR-045849,2025-10-18,Flatbed,606.41,True,619.42,598.13,597.6,610.36
TR-045850,2025-10-18,Reefer,5044.57,True,4938.96,4847.18,4728.58,4935.37
TR-045851,2025-10-18,Reefer,3991.46,True,4039.37,4007.08,3895.73,4081.37
TR-045852,2025-10-18,Flatbed,3036.3,True,3064.33,3005.49,2946.44,3020.98
TR-045853,2025-10-18,Flatbed,1812.84,True,1761.32,1741.24,1696.29,1787.06
TR-045854,2025-10-18,Dry Van,2071.63,True,2036.4,2041.34,1958.32,2039.17
TR-045855,2025-10-18,Dry Van,4768.65,True,4638.89,4597.29,4471.72,4671.32
TR-045856,2025-10-18,Reefer,932.39,True,942.55,943.58,901.99,929.54
TR-045857,2025-10-18,Flatbed,1012.6,True,1023.79,1024.64,990.2,1019.76
TR-045858,2025-10-18,Dry Van,2550.35,True,2570.21,2529.09,2469.1,2626.6
TR-045859,2025-10-18,Reefer,2116.33,True,2086.15,1980.65,2004.59,2109.32
TR-045860,2025-10-18,Reefer,1990.99,True,2003.71,1966.57,1934.03,2049.9
TR-045861,2025-10-18,Dry Van,5111.47,True,5070.99,5107.35,4884.02,5033.76
TR-045862,2025-10-18,Flatbed,4486.54,True,4285.51,4225.36,4121.32,4201.99
TR-045863,2025-10-18,Dry Van,3787.48,True,3637.36,3640.4,3495.22,3633.54
TR-045864,2025-10-18,Dry Van,1244.28,True,1207.87,1197.57,1157.24,1185.57
TR-045865,2025-10-18,Dry Van,1140.72,True,1144.37,1115.84,1092.23,1174.28
TR-045866,2025-10-18,Dry Van,1743.16,True,1760.46,1741.53,1695.22,1812.56
TR-045867,2025-10-18,Dry Van,3491.03,True,3428.79,3365.44,3309.17,3420.37
TR-045868,2025-10-18,Reefer,1006.04,True,977.3,991.19,934.79,975.87
TR-045869,2025-10-18,Dry Van,1170.58,True,1157.0,1124.89,1104.69,1172.06
TR-045870,2025-10-18,Dry Van,4885.38,True,4793.4,4800.1,4638.73,4859.44
TR-045871,2025-10-18,Dry Van,1386.64,True,1417.82,1399.32,1365.06,1391.83
TR-045872,2025-10-18,Reefer,1225.41,True,1187.21,1163.83,1141.09,1217.85
TR-045873,2025-10-18,Dry Van,1781.79,True,1773.58,1753.02,1707.34,1783.53
TR-045874,2025-10-18,Flatbed,2723.7,True,2663.14,2587.34,2542.84,2687.2
TR-045875,2025-10-18,Reefer,3299.18,True,3290.66,3224.18,3180.83,3316.4
TR-045876,2025-10-18,Reefer,786.48,True,785.69,787.13,750.1,759.76
TR-045877,2025-10-18,Reefer,1410.96,True,1409.03,1388.2,1349.31,1413.94
TR-045878,2025-10-18,Flatbed,1219.83,True,1178.55,1167.34,1133.26,1163.38
TR-045879,2025-10-18,Reefer,2913.25,True,2859.09,2823.65,2741.78,2852.05
TR-045880,2025-10-18,Dry Van,1561.35,True,1476.2,1430.93,1425.24,1499.66
TR-045881,2025-10-18,Dry Van,3892.16,True,3754.64,3734.93,3607.27,3797.76
TR-045882,2025-10-18,Dry Van,1400.28,True,1380.99,1376.27,1335.79,1438.14
TR-045883,2025-10-18,Dry Van,1461.81,True,1419.94,1376.84,1366.63,1451.53
TR-045884,2025-10-18,Dry Van,3182.56,True,3143.39,3117.69,3009.41,3069.35
TR-045885,2025-10-18,Dry Van,2144.76,True,2130.39,2134.06,2061.24,2132.43
TR-045886,2025-10-18,Dry Van,650.01,True,636.76,635.45,606.95,623.66
TR-045887,2025-10-18,Flatbed,968.51,True,954.07,952.37,923.02,991.2
TR-045888,2025-10-18,Reefer,1647.1,True,1608.35,1588.26,1542.53,1624.6
TR-045889,2025-10-18,Dry Van,2729.1,True,2668.07,2581.57,2568.2,2670.33
TR-045890,2025-10-18,Reefer,4494.77,True,4385.87,4308.83,4235.86,4416.83
TR-045891,2025-10-18,Dry Van,1634.18,True,1611.2,1604.54,1553.75,1608.82
TR-045892,2025-10-18,Reefer,1963.55,True,1920.91,1919.01,1839.99,1921.93
TR-045893,2025-10-18,Dry Van,3401.76,True,3407.54,3279.34,3282.85,3281.81
TR-045894,2025-10-18,Dry Van,3600.17,True,3539.15,3448.31,3387.14,3594.31
TR-045895,2025-10-18,Reefer,2059.94,True,1984.51,1997.02,1915.52,2010.09
TR-045896,2025-10-18,Dry Van,1499.02,True,1529.3,1532.17,1472.07,1583.45
TR-045897,2025-10-18,Flatbed,1106.0,True,1094.57,1077.82,1048.98,1115.58
TR-045898,2025-10-18,Reefer,1415.97,True,1405.41,1397.58,1352.41,1417.94
TR-045899,2025-10-18,Flatbed,3079.84,True,3076.63,3098.67,2974.83,3124.28
TR-045900,2025-10-18,Dry Van,1455.53,True,1440.09,1435.05,1389.64,1468.68
TR-045901,2025-10-18,Flatbed,2133.85,True,2132.02,2109.83,2046.7,2148.45
TR-045902,2025-10-18,Dry Van,3664.1,True,3605.37,3541.25,3478.47,3550.18
TR-045903,2025-10-18,Reefer,2356.83,True,2343.79,2318.6,2250.21,2325.46
TR-045904,2025-10-18,Flatbed,2087.83,True,2045.99,2003.88,1973.66,2047.91
TR-045905,2025-10-18,Flatbed,1627.5,True,1612.42,1556.1,1554.74,1628.62
TR-045906,2025-10-18,Reefer,4440.83,True,4358.02,4302.37,4159.78,4418.12
TR-045907,2025-10-18,Flatbed,5015.77,True,4967.64,4930.1,4776.37,4793.72
TR-045908,2025-10-18,Reefer,4003.05,True,4010.61,3951.56,3838.55,4026.52
TR-045909,2025-10-18,Dry Van,1290.15,True,1300.64,1321.99,1249.46,1306.26
TR-045910,2025-10-18,Flatbed,5205.32,True,5060.87,5003.35,4872.67,5068.85
TR-045911,2025-10-18,Reefer,1126.1,True,1106.84,1138.75,1063.86,1099.37
TR-045912,2025-10-18,Flatbed,1183.6,True,1175.75,1164.25,1129.24,1172.7
TR-045913,2025-10-18,Dry Van,2001.86,True,2035.15,1992.45,1955.28,2027.65
TR-045914,2025-10-18,Reefer,4242.61,True,4178.8,4087.2,4039.77,4078.51
TR-045915,2025-10-18,Dry Van,1766.47,True,1693.44,1683.77,1631.75,1728.4
TR-045916,2025-10-18,Reefer,4890.94,True,4850.74,4842.07,4696.98,4900.39
TR-045917,2025-10-18,Dry Van,404.69,True,391.48,380.04,377.2,377.06
TR-045918,2025-10-18,Dry Van,4181.96,True,4070.7,4038.69,3917.02,3962.34
TR-045919,2025-10-18,Dry Van,2687.53,True,2656.31,2606.48,2556.94,2621.54
TR-045920,2025-10-18,Dry Van,2449.64,True,2326.9,2252.62,2252.93,2301.95
TR-045921,2025-10-18,Dry Van,3835.85,True,3771.95,3746.74,3627.99,3813.69
TR-045922,2025-10-18,Reefer,3331.57,True,3262.28,3240.08,3153.1,3307.46
TR-045923,2025-10-18,Dry Van,3840.4,True,3839.26,3873.84,3703.49,3885.38
TR-045924,2025-10-18,Dry Van,2397.45,True,2425.03,2395.01,2339.22,2402.7
TR-045925,2025-10-18,Dry Van,1849.8,True,1778.57,1780.91,1709.14,1755.22
TR-045926,2025-10-18,Dry Van,1833.94,True,1795.68,1765.22,1726.35,1788.7
TR-045927,2025-10-18,Dry Van,1415.02,True,1373.07,1369.95,1328.21,1385.21
TR-045928,2025-10-18,Dry Van,1653.6,True,1651.28,1653.75,1585.88,1638.93
TR-045929,2025-10-18,Flatbed,2269.87,True,2221.22,2204.61,2148.15,2248.23
TR-045930,2025-10-18,Dry Van,2343.36,True,2351.69,2287.46,2276.36,2378.56
TR-045931,2025-10-18,Dry Van,1155.88,True,1151.3,1130.02,1111.05,1149.96
TR-045932,2025-10-18,Reefer,2734.13,True,2634.19,2571.1,2519.07,2645.36
TR-045933,2025-10-18,Reefer,542.83,True,536.81,551.2,515.14,517.29
TR-045934,2025-10-18,Flatbed,3338.28,True,3307.5,3221.97,3196.64,3331.51
TR-045935,2025-10-18,Reefer,2496.0,True,2476.64,2453.35,2374.75,2496.18
TR-045936,2025-10-18,Reefer,2966.05,True,2907.88,2901.38,2804.46,2936.02
TR-045937,2025-10-18,Flatbed,5663.94,True,5611.62,5548.18,5377.73,5575.02
TR-045938,2025-10-18,Flatbed,3967.69,True,3906.86,3890.51,3746.5,3963.11
TR-045939,2025-10-18,Reefer,2107.87,True,2097.57,2076.44,2020.48,2121.22
TR-045940,2025-10-18,Dry Van,753.48,True,757.66,733.68,726.2,755.88
TR-045941,2025-10-18,Dry Van,876.11,True,864.47,825.54,831.9,868.59
TR-045942,2025-10-18,Reefer,959.64,True,945.07,948.57,910.65,930.35
TR-045943,2025-10-18,Dry Van,2122.57,True,2077.17,2047.23,1991.03,2124.45
TR-045944,2025-10-18,Reefer,4530.44,True,4577.91,4576.4,4403.15,4578.06
TR-045945,2025-10-18,Dry Van,3356.21,True,3386.8,3269.59,3256.41,3341.89
TR-045946,2025-10-18,Dry Van,1551.53,True,1537.49,1524.12,1478.91,1557.87
TR-045947,2025-10-18,Dry Van,3348.56,True,3310.9,3229.88,3184.59,3294.53
TR-045948,2025-10-18,Reefer,1845.61,True,1822.68,1822.46,1752.52,1821.76
TR-045949,2025-10-18,Dry Van,2135.27,True,2109.68,2100.29,2031.51,2118.61
TR-045950,2025-10-18,Reefer,1619.21,True,1616.4,1588.15,1559.01,1606.1
TR-045951,2025-10-18,Dry Van,3564.95,True,3440.28,3422.26,3312.19,3414.58
TR-045952,2025-10-18,Reefer,2072.92,True,2068.99,2014.17,1985.33,2033.67
TR-045953,2025-10-18,Dry Van,514.26,True,506.4,502.28,488.18,490.2
TR-045954,2025-10-18,Flatbed,1466.63,True,1458.41,1455.48,1406.72,1476.97
TR-045955,2025-10-18,Flatbed,4032.78,True,3969.45,3956.22,3830.54,3969.14
TR-045956,2025-10-18,Dry Van,651.51,True,634.82,630.93,611.48,631.75
TR-045957,2025-10-18,Dry Van,2273.63,True,2227.6,2154.89,2144.15,2238.93
TR-045958,2025-10-18,Dry Van,2089.43,True,2077.89,2048.29,2002.64,2097.73
TR-045959,2025-10-18,Dry Van,4496.35,True,4458.99,4467.03,4276.13,4313.1
TR-045960,2025-10-18,Dry Van,1880.12,True,1835.8,1813.59,1764.76,1865.28
TR-045961,2025-10-18,Dry Van,1120.66,True,1107.7,1099.72,1067.7,1121.1
TR-045962,2025-10-18,Reefer,2688.36,True,2598.71,2554.56,2507.99,2548.46
TR-045963,2025-10-18,Reefer,2534.73,True,2483.49,2463.99,2399.47,2505.73
TR-045964,2025-10-18,Dry Van,1341.22,True,1329.2,1303.22,1281.09,1378.04
TR-045965,2025-10-18,Dry Van,2975.08,True,2942.62,2873.62,2841.58,2990.65
TR-045966,2025-10-18,Dry Van,991.62,True,993.04,993.59,952.89,984.13
TR-045967,2025-10-18,Dry Van,2298.17,True,2288.8,2214.35,2196.67,2366.25
TR-045968,2025-10-18,Dry Van,593.11,True,591.73,585.78,567.47,589.83
TR-045969,2025-10-18,Reefer,1711.11,True,1686.34,1670.02,1614.21,1685.6
TR-045970,2025-10-18,Reefer,529.66,True,520.77,525.76,499.36,502.59
TR-045971,2025-10-18,Dry Van,879.77,True,863.48,864.09,827.26,847.44
TR-045972,2025-10-18,Dry Van,767.1,True,754.42,747.42,724.09,749.86
TR-045973,2025-10-18,Dry Van,2530.36,True,2477.43,2402.03,2370.7,2491.84
TR-045974,2025-10-18,Dry Van,3559.92,True,3505.96,3429.08,3386.25,3473.86
TR-045975,2025-10-18,Flatbed,2350.04,True,2339.32,2272.72,2261.39,2385.4
TR-045976,2025-10-18,Dry Van,1394.61,True,1398.46,1375.83,1338.38,1406.86
TR-045977,2025-10-18,Dry Van,2791.89,True,2767.23,2767.85,2670.28,2774.51
TR-045978,2025-10-18,Reefer,232.99,True,233.82,210.92,224.51,241.46
TR-045979,2025-10-18,Dry Van,1938.75,True,1908.32,1893.01,1832.35,1925.38
TR-045980,2025-10-18,Dry Van,1434.58,True,1430.5,1417.22,1378.28,1456.88
TR-045981,2025-10-18,Dry Van,3447.98,True,3362.19,3325.48,3237.64,3400.17
TR-045982,2025-10-18,Dry Van,3196.73,True,3155.46,3143.73,3040.54,3191.92
TR-045983,2025-10-18,Dry Van,831.63,True,812.22,801.98,780.21,815.81
TR-045984,2025-10-18,Flatbed,1194.13,True,1209.3,1189.63,1162.41,1249.88
TR-045985,2025-10-19,Dry Van,2972.9,True,2905.94,2877.56,2793.83,2864.32
TR-045986,2025-10-19,Flatbed,3692.68,True,3658.94,3617.93,3505.29,3641.95
TR-045987,2025-10-19,Dry Van,577.78,True,578.32,567.96,557.24,562.68
TR-045988,2025-10-19,Flatbed,5308.55,False,1848.99,1815.9,1761.54,1793.71
TR-045989,2025-10-19,Reefer,1946.12,True,1906.67,1858.47,1831.98,1872.44
TR-045990,2025-10-19,Reefer,1497.97,True,1506.72,1495.43,1439.07,1520.11
TR-045991,2025-10-19,Dry Van,4009.74,True,3972.25,3979.84,3812.82,3836.38
TR-045992,2025-10-19,Dry Van,203.4,False,602.95,586.54,576.77,584.9
TR-045993,2025-10-19,Reefer,3823.32,True,3807.75,3752.32,3663.22,3827.95
TR-045994,2025-10-19,Dry Van,1448.26,True,1436.26,1394.03,1381.33,1456.06
TR-045995,2025-10-19,Dry Van,1275.97,True,1219.17,1184.28,1170.06,1197.99
TR-045996,2025-10-19,Dry Van,3808.34,True,3772.5,3687.17,3624.58,3744.46
TR-045997,2025-10-19,Dry Van,1009.93,True,1009.75,984.68,965.38,1003.57
TR-045998,2025-10-19,Dry Van,2297.59,True,2249.21,2210.75,2176.26,2284.25
TR-045999,2025-10-19,Dry Van,1380.6,True,1361.53,1342.63,1306.92,1360.77
TR-046000,2025-10-19,Reefer,1216.79,True,1197.61,1176.14,1148.48,1163.37
TR-046001,2025-10-19,Reefer,2834.77,True,2771.99,2732.18,2656.97,2769.8
TR-046002,2025-10-19,Dry Van,1837.35,True,1817.28,1791.49,1751.24,1808.31
TR-046003,2025-10-19,Reefer,2738.58,True,2759.88,2688.26,2645.54,2707.12
TR-046004,2025-10-19,Reefer,4711.99,True,4660.84,4664.83,4423.44,4586.86
TR-046005,2025-10-19,Dry Van,1046.58,True,1000.47,968.41,954.27,991.93
TR-046006,2025-10-19,Dry Van,1310.53,True,1255.15,1219.58,1203.98,1258.32
TR-046007,2025-10-19,Dry Van,2036.13,True,2037.43,2010.22,1951.63,2024.58
TR-046008,2025-10-19,Dry Van,1668.7,True,1622.7,1589.63,1558.03,1628.77
TR-046009,2025-10-19,Dry Van,1690.83,True,1743.64,1724.25,1662.95,1748.44
TR-046010,2025-10-19,Reefer,3493.39,True,3474.34,3478.95,3325.21,3478.97
TR-046011,2025-10-19,Dry Van,1820.83,True,1783.0,1754.02,1715.0,1826.75
TR-046012,2025-10-19,Dry Van,4232.87,True,4134.42,4185.72,3949.33,4115.43
TR-046013,2025-10-19,Reefer,808.29,True,788.86,794.59,756.31,814.71
TR-046014,2025-10-19,Dry Van,4654.64,True,4607.23,4683.7,4405.76,4526.4
TR-046015,2025-10-19,Reefer,2316.06,True,2359.94,2355.52,2262.19,2383.48
TR-046016,2025-10-19,Reefer,1117.41,True,1117.34,1140.76,1075.71,1125.21
TR-046017,2025-10-19,Reefer,1566.31,True,1551.4,1521.82,1488.4,1579.27
TR-046018,2025-10-19,Reefer,1961.67,True,1929.15,1904.34,1851.65,1976.46
TR-046019,2025-10-19,Reefer,2755.15,True,2688.32,2659.37,2562.37,2686.86
TR-046020,2025-10-19,Dry Van,624.02,True,628.2,608.92,602.2,619.03
TR-046021,2025-10-19,Dry Van,1671.31,True,1638.48,1610.71,1568.07,1665.86
TR-046022,2025-10-19,Dry Van,1104.74,True,1104.68,1081.47,1056.97,1094.15
TR-046023,2025-10-19,Flatbed,1790.74,True,1761.81,1737.54,1673.35,1774.76
TR-046024,2025-10-19,Dry Van,2793.65,True,2736.97,2693.73,2640.3,2745.8
TR-046025,2025-10-19,Dry Van,1581.9,True,1565.09,1550.09,1501.18,1549.11
TR-046026,2025-10-19,Dry Van,3786.01,True,3815.03,3796.77,3652.56,3770.84
TR-046027,2025-10-19,Dry Van,3922.14,True,3937.89,3952.48,3796.25,3996.16
TR-046028,2025-10-19,Dry Van,865.79,True,853.08,831.0,823.29,856.22
TR-046029,2025-10-19,Dry Van,3232.85,True,3179.1,3104.91,3065.77,3198.3
TR-046030,2025-10-19,Dry Van,2073.63,True,2034.46,2031.93,1961.66,2051.02
TR-046031,2025-10-19,Dry Van,418.53,True,416.25,419.27,400.78,396.66
TR-046032,2025-10-19,Dry Van,2477.44,True,2453.04,2410.67,2362.34,2448.59
TR-046033,2025-10-19,Flatbed,814.05,True,799.43,808.77,767.58,782.82
TR-046034,2025-10-19,Flatbed,3458.16,True,3390.28,3312.23,3257.77,3282.91
TR-046035,2025-10-19,Flatbed,1931.36,True,1857.16,1859.41,1772.2,1829.31
TR-046036,2025-10-19,Dry Van,3959.29,True,3869.11,3805.22,3696.39,3813.79
TR-046037,2025-10-19,Reefer,938.56,True,940.04,942.89,904.93,929.9
TR-046038,2025-10-19,Reefer,5088.62,True,4907.38,4888.65,4703.96,4947.53
TR-046039,2025-10-19,Dry Van,869.11,True,864.68,849.91,832.28,872.67
TR-046040,2025-10-19,Reefer,5387.61,True,5469.41,5417.5,5220.29,5466.94
TR-046041,2025-10-19,Flatbed,2733.64,True,2688.5,2604.59,2565.77,2636.73
TR-046042,2025-10-19,Flatbed,2519.16,True,2562.82,2510.87,2461.46,2505.79
TR-046043,2025-10-19,Flatbed,2553.28,True,2580.41,2552.75,2469.8,2575.28
TR-046044,2025-10-19,Dry Van,5467.46,True,5405.42,5389.2,5193.52,5273.13
TR-046045,2025-10-19,Dry Van,3192.96,True,3106.3,3103.22,2984.28,3009.35
TR-046046,2025-10-19,Reefer,3736.86,True,3688.21,3635.24,3545.88,3625.21
TR-046047,2025-10-19,Dry Van,1365.36,True,1345.87,1333.4,1292.93,1377.79
TR-046048,2025-10-19,Flatbed,1714.72,True,1670.37,1676.67,1598.26,1681.76
TR-046049,2025-10-19,Flatbed,1071.09,True,1076.59,1075.17,1033.95,1059.39
TR-046050,2025-10-19,Dry Van,1093.07,True,1067.23,1054.02,1019.7,1052.28
TR-046051,2025-10-19,Dry Van,1103.5,True,1061.79,1061.77,1011.19,1048.96
TR-046052,2025-10-19,Dry Van,3489.16,True,3434.25,3337.28,3288.3,3397.87
TR-046053,2025-10-19,Dry Van,1184.35,True,1195.04,1166.84,1145.36,1168.57
TR-046054,2025-10-19,Dry Van,664.86,True,672.66,649.92,643.13,654.11
TR-046055,2025-10-19,Reefer,3849.6,True,3884.57,3844.62,3728.22,3911.48
TR-046056,2025-10-19,Flatbed,1221.83,True,1195.84,1168.6,1150.58,1215.66
TR-046057,2025-10-19,Dry Van,1200.2,True,1205.91,1184.05,1154.88,1206.96
TR-046058,2025-10-19,Flatbed,1477.99,True,1463.97,1435.1,1398.55,1471.64
TR-046059,2025-10-19,Dry Van,1532.71,True,1519.24,1510.2,1449.68,1523.98
TR-046060,2025-10-19,Dry Van,209.86,True,206.24,227.23,199.22,200.68
TR-046061,2025-10-19,Dry Van,1643.8,True,1629.95,1616.25,1564.83,1627.73
TR-046062,2025-10-19,Flatbed,2579.5,True,2579.92,2560.75,2452.23,2552.03
TR-046063,2025-10-19,Reefer,166.3,False,740.55,724.1,710.92,756.95
TR-046064,2025-10-19,Dry Van,2537.25,True,2481.36,2457.28,2378.15,2472.67
TR-046065,2025-10-19,Dry Van,1975.87,True,1925.88,1894.84,1846.53,1974.7
TR-046066,2025-10-19,Dry Van,2517.98,True,2494.93,2435.91,2410.04,2491.36
TR-046067,2025-10-19,Dry Van,1375.57,True,1357.03,1331.92,1307.04,1336.83
TR-046068,2025-10-19,Flatbed,2025.27,True,2006.24,1961.01,1936.08,2047.89
TR-046069,2025-10-19,Dry Van,3283.73,True,3171.58,3165.02,3019.99,3085.51
TR-046070,2025-10-19,Reefer,1952.05,True,1931.43,1912.58,1841.02,1928.16
TR-046071,2025-10-19,Reefer,2152.52,True,2136.15,2111.43,2054.29,2149.44
TR-046072,2025-10-19,Reefer,3506.58,True,3502.59,3531.99,3342.81,3555.32
TR-046073,2025-10-19,Dry Van,1834.32,True,1880.46,1811.36,1811.83,1885.34
TR-046074,2025-10-19,Flatbed,1386.17,True,1363.57,1361.65,1306.19,1351.16
TR-046075,2025-10-19,Flatbed,6311.76,True,6147.68,6111.2,5929.94,6011.0
TR-046076,2025-10-19,Dry Van,3193.54,True,3142.74,3121.96,3025.5,3183.16
TR-046077,2025-10-19,Dry Van,2138.43,True,2100.45,2052.52,2022.78,2104.54
TR-046078,2025-10-19,Dry Van,1502.48,True,1519.57,1509.75,1455.39,1496.1
TR-046079,2025-10-19,Reefer,914.91,True,919.43,903.84,883.64,913.07
TR-046080,2025-10-19,Flatbed,1903.41,True,1871.33,1879.41,1784.22,1909.92
TR-046081,2025-10-19,Dry Van,3032.86,True,2992.03,2941.64,2920.16,2995.64
TR-046082,2025-10-19,Reefer,3811.86,True,3714.61,3664.51,3566.23,3765.32
TR-046083,2025-10-19,Dry Van,1914.61,True,1951.6,1927.18,1869.29,1935.25
TR-046084,2025-10-19,Flatbed,5434.56,True,5309.77,5267.35,5112.47,5111.36
TR-046085,2025-10-19,Reefer,3428.65,True,3343.08,3294.57,3205.03,3376.35
TR-046086,2025-10-19,Flatbed,2580.89,True,2575.44,2569.33,2452.81,2555.16
TR-046087,2025-10-19,Dry Van,429.61,True,425.66,429.78,412.22,401.83
TR-046088,2025-10-19,Dry Van,2916.04,True,2842.01,2816.99,2736.8,2822.07
TR-046089,2025-10-19,Reefer,1955.92,True,1921.35,1892.54,1840.56,1915.49
TR-046090,2025-10-19,Dry Van,506.13,True,487.37,477.8,468.65,469.1
TR-046091,2025-10-19,Dry Van,1823.82,True,1777.2,1741.17,1707.82,1744.11
TR-046092,2025-10-19,Flatbed,1013.06,True,1006.46,1013.98,966.58,1007.68
TR-046093,2025-10-19,Dry Van,3521.99,True,3376.02,3340.72,3225.23,3286.95
TR-046094,2025-10-19,Reefer,3087.82,True,3042.77,3020.53,2916.57,3040.0
TR-046095,2025-10-19,Dry Van,3197.41,True,3057.72,3036.04,2954.46,3073.06
TR-046096,2025-10-19,Dry Van,2038.75,True,2026.13,2015.54,1954.14,2046.51
TR-046097,2025-10-19,Reefer,1784.15,True,1766.94,1717.22,1696.09,1728.16
TR-046098,2025-10-19,Reefer,2309.56,True,2254.45,2209.99,2159.59,2213.52
TR-046099,2025-10-19,Dry Van,2927.76,True,2841.86,2821.57,2736.52,2844.75
TR-046100,2025-10-19,Dry Van,1478.71,True,1478.21,1462.46,1420.1,1483.88
TR-046101,2025-10-19,Flatbed,2838.14,True,2724.79,2673.47,2629.59,2724.34
TR-046102,2025-10-19,Dry Van,1052.13,True,1025.07,1027.28,981.7,1009.42
TR-046103,2025-10-19,Dry Van,1314.12,True,1258.29,1250.29,1215.51,1276.87
TR-046104,2025-10-19,Dry Van,4264.23,True,4238.66,4238.1,4054.62,4280.7
TR-046105,2025-10-19,Reefer,3861.12,True,3800.4,3760.55,3643.05,3707.2
TR-046106,2025-10-19,Dry Van,813.92,True,794.25,787.15,761.35,832.17
TR-046107,2025-10-19,Flatbed,4785.48,True,4785.83,4825.45,4607.49,4566.31
TR-046108,2025-10-19,Flatbed,743.51,True,732.15,726.28,698.71,719.01
TR-046109,2025-10-19,Dry Van,1722.44,True,1688.8,1659.92,1640.34,1683.89
TR-046110,2025-10-19,Reefer,5409.7,True,5368.8,5325.06,5141.27,5294.92
TR-046111,2025-10-19,Dry Van,1180.89,True,1157.87,1148.83,1104.99,1132.2
TR-046112,2025-10-19,Flatbed,850.95,True,843.44,818.9,806.45,821.2
TR-046113,2025-10-19,Dry Van,1457.78,True,1422.55,1394.59,1367.12,1403.09
TR-046114,2025-10-19,Dry Van,934.94,True,932.58,899.94,892.86,936.88
TR-046115,2025-10-19,Reefer,2563.17,True,2488.23,2420.6,2389.17,2471.02
TR-046116,2025-10-19,Dry Van,1103.2,True,1093.33,1084.43,1054.92,1118.76
TR-046117,2025-10-19,Dry Van,3858.33,True,3796.33,3817.25,3638.47,3904.47
TR-046118,2025-10-19,Flatbed,811.8,True,805.1,812.0,773.0,785.8
TR-046119,2025-10-19,Reefer,694.21,True,699.44,685.9,673.95,673.47
TR-046120,2025-10-19,Dry Van,4276.51,True,4234.58,4234.65,4055.07,4176.69
TR-046121,2025-10-19,Dry Van,1329.1,True,1322.41,1300.27,1258.62,1338.16
TR-046122,2025-10-19,Reefer,1824.99,True,1844.31,1762.28,1758.84,1857.75
TR-046123,2025-10-19,Dry Van,2615.77,True,2600.07,2512.79,2480.65,2593.98
TR-046124,2025-10-19,Flatbed,1894.04,True,1903.54,1863.92,1825.55,1902.15
TR-046125,2025-10-19,Reefer,4763.57,True,4782.32,4718.43,4600.47,4714.31
TR-046126,2025-10-19,Reefer,3106.0,True,3050.0,3063.76,2933.17,3036.05
TR-046127,2025-10-19,Flatbed,2282.79,True,2246.96,2236.46,2148.76,2271.0
TR-046128,2025-10-19,Dry Van,1703.71,True,1659.62,1638.23,1589.87,1688.15
TR-046129,2025-10-19,Dry Van,1827.34,True,1832.86,1816.38,1761.06,1857.46
TR-046130,2025-10-19,Dry Van,4196.79,True,4185.13,4234.76,4017.98,4104.88
TR-046131,2025-10-19,Reefer,1285.74,True,1292.52,1281.27,1241.33,1285.43
TR-046132,2025-10-19,Reefer,4933.39,True,4810.73,4764.05,4632.24,4764.59
TR-046133,2025-10-19,Reefer,1785.49,True,1762.12,1732.84,1690.03,1762.82
TR-046134,2025-10-20,Reefer,2564.55,True,2595.45,2518.94,2504.83,2570.06
TR-046135,2025-10-20,Dry Van,2035.32,True,1974.08,1993.46,1896.94,1983.41
TR-046136,2025-10-20,Reefer,1579.19,True,1573.31,1520.98,1509.95,1562.72
TR-046137,2025-10-20,Dry Van,2395.54,True,2325.87,2283.02,2237.88,2335.51
TR-046138,2025-10-20,Flatbed,1045.84,True,1019.87,1009.6,981.63,1003.56
TR-046139,2025-10-20,Dry Van,1404.54,True,1375.25,1356.2,1325.8,1389.76
TR-046140,2025-10-20,Dry Van,1697.02,True,1669.82,1672.22,1597.48,1662.71
TR-046141,2025-10-20,Dry Van,1219.35,True,1207.48,1179.36,1162.53,1208.25
TR-046142,2025-10-20,Reefer,752.15,False,2235.38,2199.36,2144.18,2224.25
TR-046143,2025-10-20,Dry Van,1006.1,True,996.01,993.1,960.36,978.31
TR-046144,2025-10-20,Flatbed,3102.66,True,3056.28,3010.61,2936.48,3070.6
TR-046145,2025-10-20,Reefer,2242.82,True,2232.84,2176.47,2146.06,2242.94
TR-046146,2025-10-20,Dry Van,2031.75,True,2067.75,2074.25,1978.46,2027.59
TR-046147,2025-10-20,Dry Van,2920.58,True,2884.91,2853.27,2790.9,2865.22
TR-046148,2025-10-20,Dry Van,1431.46,True,1452.54,1442.64,1391.14,1486.58
TR-046149,2025-10-20,Dry Van,2304.5,True,2231.44,2187.28,2134.47,2237.88
TR-046150,2025-10-20,Reefer,642.59,True,649.81,653.23,624.64,631.19
TR-046151,2025-10-20,Dry Van,2082.87,True,2012.23,2004.15,1927.75,2002.38
TR-046152,2025-10-20,Reefer,4400.83,True,4363.51,4250.25,4210.17,4318.03
TR-046153,2025-10-20,Reefer,1768.13,True,1719.72,1707.52,1645.92,1693.32
TR-046154,2025-10-20,Flatbed,2004.74,True,2017.49,1957.74,1928.15,2035.67
TR-046155,2025-10-20,Dry Van,2072.48,True,2054.53,2025.5,1971.81,2042.63
TR-046156,2025-10-20,Flatbed,1697.36,True,1684.98,1630.69,1613.8,1701.16
TR-046157,2025-10-20,Dry Van,1501.82,True,1510.43,1491.36,1439.66,1533.08
TR-046158,2025-10-20,Reefer,2901.18,True,2966.88,2953.56,2829.64,3016.11
TR-046159,2025-10-20,Flatbed,1745.83,True,1748.22,1760.13,1666.81,1747.5
TR-046160,2025-10-20,Dry Van,1685.45,True,1647.84,1637.36,1579.52,1616.79
TR-046161,2025-10-20,Reefer,2878.12,True,2834.08,2791.23,2727.44,2835.47
TR-046162,2025-10-20,Dry Van,1168.91,True,1136.68,1133.07,1088.13,1143.18
TR-046163,2025-10-20,Dry Van,332.78,True,319.65,309.03,304.48,308.21
TR-046164,2025-10-20,Reefer,1992.45,True,1986.53,1958.71,1919.05,1998.62
TR-046165,2025-10-20,Dry Van,2112.63,True,2073.91,2040.68,1981.67,2084.21
TR-046166,2025-10-20,Flatbed,855.72,True,851.39,848.4,818.06,848.08
TR-046167,2025-10-20,Dry Van,2086.28,True,2056.94,2004.04,1986.04,2051.33
TR-046168,2025-10-20,Flatbed,1866.42,True,1876.73,1819.71,1806.92,1865.76
TR-046169,2025-10-20,Dry Van,1611.06,True,1567.96,1551.45,1512.99,1598.53
TR-046170,2025-10-20,Dry Van,1445.43,True,1433.22,1397.5,1371.9,1425.71
TR-046171,2025-10-20,Reefer,639.17,True,619.35,638.76,600.07,594.57
TR-046172,2025-10-20,Flatbed,3505.44,True,3533.85,3516.37,3343.4,3487.79
TR-046173,2025-10-20,Flatbed,4057.31,True,3949.38,4007.49,3785.01,3918.97
TR-046174,2025-10-20,Dry Van,880.13,False,4414.48,4425.19,4232.15,4339.0
TR-046175,2025-10-20,Flatbed,3739.53,True,3620.78,3719.51,3495.74,3645.89
TR-046176,2025-10-20,Reefer,2821.23,True,2842.2,2806.63,2715.25,2831.06
TR-046177,2025-10-20,Flatbed,1805.43,True,1882.53,1878.25,1808.08,1874.04
TR-046178,2025-10-20,Reefer,3140.88,True,3114.59,3118.86,3007.01,3151.17
TR-046179,2025-10-20,Dry Van,643.58,False,3099.41,3094.06,2997.3,3062.03
TR-046180,2025-10-20,Flatbed,863.53,True,858.33,856.68,823.11,817.92
TR-046181,2025-10-20,Dry Van,870.15,True,843.09,812.92,811.07,836.83
TR-046182,2025-10-20,Flatbed,1308.78,True,1288.44,1264.38,1235.27,1323.79
TR-046183,2025-10-20,Dry Van,2957.72,True,2958.58,2947.15,2836.06,2931.0
TR-046184,2025-10-20,Dry Van,1330.65,True,1311.53,1265.13,1265.0,1329.28
TR-046185,2025-10-20,Dry Van,3113.18,True,3112.71,3036.67,3002.73,3158.82
TR-046186,2025-10-20,Dry Van,670.27,True,638.79,628.23,607.44,635.47
TR-046187,2025-10-20,Dry Van,1839.62,True,1824.66,1803.23,1754.55,1836.06
TR-046188,2025-10-20,Reefer,2320.32,True,2307.54,2263.25,2227.22,2361.3
TR-046189,2025-10-20,Flatbed,3781.31,True,3759.95,3699.16,3613.72,3745.61
TR-046190,2025-10-20,Dry Van,3502.7,True,3359.74,3297.89,3209.5,3395.11
TR-046191,2025-10-20,Dry Van,2120.92,True,2070.57,2064.44,1983.67,2088.88
TR-046192,2025-10-20,Reefer,3533.69,True,3478.32,3484.09,3347.24,3514.8
TR-046193,2025-10-20,Dry Van,1466.97,True,1444.45,1403.88,1387.88,1475.47
TR-046194,2025-10-20,Dry Van,2790.85,True,2790.16,2729.97,2667.17,2786.68
TR-046195,2025-10-20,Dry Van,2088.92,True,2048.06,2047.92,1951.65,2018.22
TR-046196,2025-10-20,Reefer,1246.26,True,1221.24,1231.44,1178.53,1205.19
TR-046197,2025-10-20,Flatbed,3141.33,True,3165.83,3121.59,3042.06,3176.08
TR-046198,2025-10-20,Reefer,1529.35,True,1518.46,1514.36,1465.38,1516.58
TR-046199,2025-10-20,Dry Van,4278.23,True,4144.36,4141.22,3990.22,4135.59
TR-046200,2025-10-20,Dry Van,1631.08,True,1661.07,1656.98,1588.01,1649.9
TR-046201,2025-10-20,Reefer,2174.48,True,2144.46,2124.63,2059.15,2141.46
TR-046202,2025-10-20,Flatbed,4503.27,True,4442.76,4464.53,4241.8,4403.72
TR-046203,2025-10-20,Dry Van,3701.77,True,3705.98,3648.2,3581.89,3674.76
TR-046204,2025-10-20,Reefer,5496.55,True,5475.26,5426.71,5252.71,5371.9
TR-046205,2025-10-20,Dry Van,1028.64,True,1010.14,985.61,970.51,1000.88
TR-046206,2025-10-20,Dry Van,4063.51,True,4038.01,4009.11,3888.5,4054.85
TR-046207,2025-10-20,Flatbed,2347.37,True,2359.41,2359.58,2245.71,2318.5
TR-046208,2025-10-20,Dry Van,4332.59,True,4229.76,4212.67,4071.97,4268.55
TR-046209,2025-10-20,Dry Van,3252.55,True,3264.96,3311.66,3128.58,3293.18
TR-046210,2025-10-20,Dry Van,908.37,True,909.42,902.64,875.74,895.66
TR-046211,2025-10-20,Flatbed,970.39,True,921.14,917.81,883.91,919.83
TR-046212,2025-10-20,Dry Van,1558.89,True,1555.61,1518.74,1494.34,1562.87
TR-046213,2025-10-20,Flatbed,1149.12,True,1136.54,1124.38,1092.47,1125.7
TR-046214,2025-10-20,Flatbed,17893.17,False,4166.48,4108.86,4019.69,4165.17
TR-046215,2025-10-20,Reefer,2487.72,True,2455.24,2422.57,2369.25,2471.69
TR-046216,2025-10-20,Reefer,3335.74,True,3342.33,3271.05,3211.58,3333.08
TR-046217,2025-10-20,Dry Van,1412.73,True,1381.47,1344.57,1320.68,1382.86
TR-046218,2025-10-20,Flatbed,2712.93,True,2763.7,2736.32,2678.67,2751.32
TR-046219,2025-10-20,Flatbed,6093.6,True,5899.64,5732.22,5638.1,5660.8
TR-046220,2025-10-20,Reefer,1868.59,True,1870.77,1845.59,1787.76,1878.37
TR-046221,2025-10-20,Dry Van,1202.95,True,1194.14,1200.83,1142.74,1178.49
TR-046222,2025-10-20,Dry Van,1604.74,True,1626.16,1655.71,1551.18,1645.76
TR-046223,2025-10-20,Reefer,793.55,True,768.77,777.57,734.7,753.28
TR-046224,2025-10-20,Reefer,3115.6,True,3085.27,3072.21,2967.88,3065.57
TR-046225,2025-10-20,Flatbed,997.17,True,1010.52,1003.12,959.08,1035.12
TR-046226,2025-10-20,Dry Van,1617.98,True,1625.02,1626.92,1560.73,1600.59
TR-046227,2025-10-20,Dry Van,463.0,True,460.12,460.58,438.94,447.1
TR-046228,2025-10-20,Reefer,701.71,True,691.19,698.69,665.07,695.49
TR-046229,2025-10-20,Reefer,5490.26,True,5485.42,5430.91,5312.34,5423.91
TR-046230,2025-10-20,Reefer,6302.46,True,6404.88,6109.63,6111.24,6102.6
TR-046231,2025-10-20,Dry Van,1213.94,True,1208.85,1168.07,1158.7,1209.96
TR-046232,2025-10-20,Dry Van,1349.39,True,1321.7,1319.64,1271.6,1339.57
TR-046233,2025-10-20,Reefer,951.71,True,948.82,970.78,911.41,931.56
TR-046234,2025-10-20,Dry Van,1143.94,True,1141.07,1124.23,1092.0,1165.72
TR-046235,2025-10-20,Dry Van,2796.13,True,2833.28,2794.11,2726.12,2871.49
TR-046236,2025-10-20,Flatbed,2108.65,True,2154.24,2162.78,2061.15,2133.62
TR-046237,2025-10-20,Dry Van,2942.78,True,2882.76,2859.0,2770.6,2908.19
TR-046238,2025-10-20,Reefer,5652.74,True,5608.74,5581.93,5384.92,5543.88
TR-046239,2025-10-20,Dry Van,1153.25,True,1143.04,1112.95,1097.52,1140.55
TR-046240,2025-10-20,Flatbed,2403.82,True,2433.71,2460.98,2339.46,2398.19
TR-046241,2025-10-20,Dry Van,1205.46,True,1206.83,1165.5,1161.85,1230.73
TR-046242,2025-10-20,Reefer,1314.3,True,1272.23,1272.46,1212.35,1289.96
TR-046243,2025-10-20,Dry Van,1570.88,True,1574.57,1535.2,1504.67,1563.05
TR-046244,2025-10-20,Reefer,1391.18,True,1370.85,1322.37,1314.19,1402.01
TR-046245,2025-10-20,Dry Van,3513.88,True,3460.19,3393.3,3325.41,3428.57
TR-046246,2025-10-20,Dry Van,1768.2,True,1750.69,1701.91,1689.89,1758.81
TR-046247,2025-10-20,Reefer,1140.79,True,1164.45,1145.79,1118.24,1155.71
TR-046248,2025-10-20,Flatbed,3582.0,True,3569.54,3527.65,3418.13,3537.82
TR-046249,2025-10-20,Flatbed,4426.12,True,4442.62,4465.2,4274.89,4499.13
TR-046250,2025-10-20,Reefer,846.98,True,839.22,823.32,800.19,836.02
TR-046251,2025-10-20,Dry Van,3262.37,True,3197.93,3154.5,3082.96,3251.32
TR-046252,2025-10-20,Reefer,4354.23,True,4259.01,4153.72,4087.59,4099.96
TR-046253,2025-10-20,Dry Van,4758.16,True,4696.97,4645.24,4485.6,4540.19
TR-046254,2025-10-20,Flatbed,1497.92,True,1461.23,1454.46,1398.84,1463.75
TR-046255,2025-10-20,Dry Van,2976.78,True,2969.39,2983.4,2845.64,2958.06
TR-046256,2025-10-20,Flatbed,4264.03,True,4171.1,4225.78,3974.49,4158.2
TR-046257,2025-10-20,Dry Van,205.02,True,208.6,232.33,200.09,211.14
TR-046258,2025-10-20,Reefer,5651.99,True,5544.62,5410.89,5334.66,5473.64
TR-046259,2025-10-20,Flatbed,5131.79,True,5079.73,5013.66,4884.26,4941.31
TR-046260,2025-10-20,Dry Van,352.82,False,1673.36,1659.64,1595.29,1690.59
TR-046261,2025-10-20,Dry Van,3052.75,True,2977.93,3100.52,2876.13,2968.9
TR-046262,2025-10-20,Reefer,2457.69,True,2455.58,2358.81,2360.82,2443.83
TR-046263,2025-10-20,Flatbed,1367.22,True,1360.37,1339.72,1291.1,1373.65
TR-046264,2025-10-20,Dry Van,778.67,True,752.27,758.29,718.04,728.69
TR-046265,2025-10-20,Dry Van,1166.08,True,1196.2,1208.32,1152.06,1222.71
TR-046266,2025-10-20,Reefer,1893.57,True,1875.81,1888.88,1798.45,1895.58
TR-046267,2025-10-20,Reefer,3891.99,True,3914.73,3913.9,3752.98,3977.35
TR-046268,2025-10-20,Dry Van,1579.23,True,1574.15,1525.07,1511.46,1567.15
TR-046269,2025-10-20,Dry Van,2759.83,True,2647.98,2625.91,2538.24,2653.05
TR-046270,2025-10-20,Reefer,1146.7,True,1141.38,1140.24,1091.78,1116.81
TR-046271,2025-10-20,Flatbed,1488.97,True,1463.41,1452.44,1406.03,1480.49
TR-046272,2025-10-20,Flatbed,5647.19,True,5553.91,5501.82,5353.21,5404.63
TR-046273,2025-10-20,Dry Van,3202.7,True,3221.48,3200.05,3098.1,3199.05
TR-046274,2025-10-20,Dry Van,822.46,True,836.7,831.85,805.55,836.87
TR-046275,2025-10-20,Reefer,3652.13,True,3669.51,3557.67,3520.99,3572.1
TR-046276,2025-10-20,Dry Van,2099.75,True,2072.19,2042.35,1979.49,2064.57
TR-046277,2025-10-20,Dry Van,3852.49,True,3754.91,3777.39,3586.6,3731.48
TR-046278,2025-10-20,Reefer,4740.97,True,4670.4,4578.09,4496.47,4637.71
TR-046279,2025-10-20,Dry Van,1435.86,True,1453.76,1443.64,1398.71,1467.0
TR-046280,2025-10-20,Reefer,3776.77,True,3746.89,3710.0,3584.02,3740.99
TR-046281,2025-10-20,Dry Van,1114.5,True,1088.85,1077.46,1038.65,1085.41
TR-046282,2025-10-20,Dry Van,1885.05,True,1839.31,1823.97,1766.27,1889.45
TR-046283,2025-10-20,Dry Van,1108.88,True,1098.51,1054.16,1050.14,1136.17
TR-046284,2025-10-20,Flatbed,236.51,True,231.8,212.18,222.02,226.48
TR-046285,2025-10-20,Reefer,2782.84,True,2752.39,2725.59,2655.0,2740.48
TR-046286,2025-10-20,Flatbed,906.58,True,868.19,890.24,835.93,863.99
TR-046287,2025-10-20,Dry Van,2757.06,True,2658.38,2645.51,2541.13,2624.09
TR-046288,2025-10-20,Dry Van,1024.01,True,1016.87,1005.36,971.46,1019.96
TR-046289,2025-10-20,Dry Van,2577.82,True,2543.01,2515.7,2434.04,2548.89
TR-046290,2025-10-20,Reefer,2378.1,True,2403.72,2350.69,2291.35,2416.06
TR-046291,2025-10-20,Dry Van,3382.5,True,3345.55,3315.25,3200.65,3379.45
TR-046292,2025-10-20,Dry Van,1836.09,True,1776.92,1743.97,1692.45,1764.5
TR-046293,2025-10-20,Flatbed,4000.03,True,3941.57,3898.84,3780.24,3972.82
TR-046294,2025-10-20,Dry Van,809.92,True,812.44,787.38,778.68,807.07
TR-046295,2025-10-20,Reefer,1291.54,True,1286.48,1278.47,1234.51,1286.55
TR-046296,2025-10-20,Flatbed,2571.24,True,2546.21,2549.65,2441.33,2545.82
TR-046297,2025-10-20,Reefer,861.44,True,842.22,880.12,812.06,824.66
TR-046298,2025-10-20,Flatbed,3261.52,True,3308.56,3303.34,3195.48,3298.55
TR-046299,2025-10-20,Dry Van,3466.18,True,3479.76,3443.48,3330.86,3499.55
TR-046300,2025-10-20,Reefer,2155.31,True,2191.0,2160.7,2099.68,2193.53
TR-046301,2025-10-20,Reefer,5782.14,True,5646.89,5572.22,5421.5,5568.72
TR-046302,2025-10-20,Reefer,4846.66,True,4756.44,4745.88,4574.16,4807.38
TR-046303,2025-10-20,Reefer,2839.88,True,2789.38,2787.98,2687.98,2790.8
TR-046304,2025-10-20,Dry Van,1014.97,True,1013.5,1007.13,969.34,1026.92
TR-046305,2025-10-20,Dry Van,2054.25,True,2057.42,2062.3,1953.69,2088.63
TR-046306,2025-10-20,Reefer,3441.52,True,3458.91,3408.03,3328.24,3405.34
TR-046307,2025-10-20,Reefer,2326.16,True,2307.97,2263.01,2209.72,2295.8
TR-046308,2025-10-20,Reefer,2543.87,True,2550.8,2472.86,2461.16,2580.51
TR-046309,2025-10-20,Dry Van,217.22,True,220.0,223.99,210.42,215.74
TR-046310,2025-10-21,Reefer,4765.0,True,4667.27,4572.06,4464.73,4653.79
TR-046311,2025-10-21,Dry Van,3339.97,True,3346.46,3269.21,3195.13,3294.91
TR-046312,2025-10-21,Dry Van,993.99,True,974.94,962.78,939.29,1003.72
TR-046313,2025-10-21,Dry Van,5297.75,True,5178.15,5247.43,4971.83,5006.21
TR-046314,2025-10-21,Dry Van,1519.48,True,1516.31,1515.52,1448.95,1540.06
TR-046315,2025-10-21,Dry Van,1564.5,True,1575.34,1551.8,1520.53,1598.38
TR-046316,2025-10-21,Dry Van,3197.15,True,3173.45,3138.03,3061.42,3154.04
TR-046317,2025-10-21,Flatbed,856.63,True,836.49,854.3,807.93,843.59
TR-046318,2025-10-21,Dry Van,661.49,True,648.27,655.58,618.47,630.05
TR-046319,2025-10-21,Reefer,5920.98,True,5977.56,5941.34,5727.66,5914.87
TR-046320,2025-10-21,Dry Van,1842.89,True,1799.54,1778.62,1736.14,1799.48
TR-046321,2025-10-21,Reefer,4230.45,True,4287.1,4244.54,4153.94,4382.46
TR-046322,2025-10-21,Reefer,679.64,True,672.09,657.74,643.15,665.39
TR-046323,2025-10-21,Reefer,1350.69,True,1325.51,1311.61,1276.66,1303.7
TR-046324,2025-10-21,Dry Van,2179.9,True,2151.63,2107.44,2072.11,2154.8
TR-046325,2025-10-21,Dry Van,650.05,True,633.4,637.62,610.28,630.1
TR-046326,2025-10-21,Dry Van,1164.1,True,1134.37,1115.12,1087.07,1178.95
TR-046327,2025-10-21,Dry Van,894.69,True,888.69,865.12,844.88,905.66
TR-046328,2025-10-21,Reefer,1093.01,True,1096.59,1085.59,1050.0,1093.16
TR-046329,2025-10-21,Dry Van,924.22,True,925.01,923.73,891.4,897.43
TR-046330,2025-10-21,Flatbed,882.1,True,885.34,885.21,850.59,882.08
TR-046331,2025-10-21,Reefer,1330.32,True,1322.29,1318.71,1277.67,1319.46
TR-046332,2025-10-21,Flatbed,2065.63,True,2022.49,2029.53,1955.35,2036.93
TR-046333,2025-10-21,Flatbed,960.84,True,937.8,938.62,898.05,950.82
TR-046334,2025-10-21,Dry Van,2291.87,True,2344.91,2290.46,2251.88,2312.56
TR-046335,2025-10-21,Reefer,3093.85,True,3042.86,2988.33,2924.78,3085.61
TR-046336,2025-10-21,Flatbed,1412.82,True,1385.43,1382.89,1328.04,1386.17
TR-046337,2025-10-21,Flatbed,1023.6,True,1014.0,1014.84,968.33,1029.7
TR-046338,2025-10-21,Dry Van,279.98,True,280.79,297.09,271.07,268.52
TR-046339,2025-10-21,Dry Van,4390.62,True,4342.75,4286.2,4182.55,4219.26
TR-046340,2025-10-21,Dry Van,2552.75,True,2455.53,2439.76,2364.24,2441.85
TR-046341,2025-10-21,Dry Van,2199.41,True,2124.79,2139.27,2040.83,2121.11
TR-046342,2025-10-21,Dry Van,2786.26,True,2726.83,2728.37,2615.64,2676.77
TR-046343,2025-10-21,Dry Van,2759.26,True,2751.36,2723.3,2648.44,2838.65
TR-046344,2025-10-21,Dry Van,1399.28,True,1391.39,1369.47,1342.66,1373.77
TR-046345,2025-10-21,Reefer,5735.76,True,5701.41,5567.33,5469.77,5593.52
TR-046346,2025-10-21,Dry Van,2905.85,True,2866.74,2879.69,2733.2,2891.43
TR-046347,2025-10-21,Dry Van,873.69,True,871.64,870.56,838.43,879.3
TR-046348,2025-10-21,Flatbed,2606.58,True,2471.25,2466.01,2368.11,2477.75
TR-046349,2025-10-21,Flatbed,1449.76,True,1440.36,1433.18,1386.3,1446.43
TR-046350,2025-10-21,Reefer,1768.41,True,1708.6,1722.72,1636.56,1795.12
TR-046351,2025-10-21,Flatbed,691.16,True,687.59,695.45,661.62,679.72
TR-046352,2025-10-21,Dry Van,5460.56,True,5456.36,5627.44,5267.88,5402.89
TR-046353,2025-10-21,Flatbed,560.6,True,549.71,555.67,529.35,537.54
TR-046354,2025-10-21,Reefer,3315.73,True,3422.47,3364.65,3273.0,3379.33
TR-046355,2025-10-21,Flatbed,2407.3,True,2408.51,2346.67,2320.04,2435.38
TR-046356,2025-10-21,Dry Van,2650.84,True,2572.24,2574.25,2469.66,2586.54
TR-046357,2025-10-21,Dry Van,1512.06,True,1488.86,1435.84,1436.21,1481.55
TR-046358,2025-10-21,Flatbed,1388.84,True,1342.94,1334.17,1283.76,1343.85
TR-046359,2025-10-21,Dry Van,2063.13,True,2016.4,2003.34,1936.38,2063.19
TR-046360,2025-10-21,Flatbed,3377.12,True,3393.93,3410.17,3258.04,3458.68
TR-046361,2025-10-21,Dry Van,2542.36,True,2511.32,2474.06,2409.22,2509.5
TR-046362,2025-10-21,Dry Van,5786.64,True,5674.16,5554.89,5454.37,5551.88
TR-046363,2025-10-21,Dry Van,4013.23,True,3927.83,3805.35,3753.48,3767.2
TR-046364,2025-10-21,Flatbed,1182.77,True,1164.06,1160.33,1111.28,1177.06
TR-046365,2025-10-21,Dry Van,2264.85,True,2237.03,2257.22,2146.22,2210.12
TR-046366,2025-10-21,Reefer,2624.82,True,2589.1,2543.24,2495.08,2596.66
TR-046367,2025-10-21,Dry Van,14403.14,False,4379.36,4319.9,4213.34,4320.73
TR-046368,2025-10-21,Dry Van,3615.45,True,3623.45,3588.45,3495.96,3674.54
TR-046369,2025-10-21,Dry Van,2619.84,True,2571.0,2538.98,2455.16,2594.8
TR-046370,2025-10-21,Flatbed,1068.05,True,1050.75,1049.84,1006.68,1077.87
TR-046371,2025-10-21,Dry Van,3466.53,True,3451.62,3362.47,3310.01,3447.75
TR-046372,2025-10-21,Dry Van,1505.31,True,1491.65,1470.2,1430.03,1509.2
TR-046373,2025-10-21,Dry Van,1579.25,True,1535.33,1510.8,1469.19,1552.85
TR-046374,2025-10-21,Reefer,4247.13,True,4228.86,4155.49,4034.37,4250.05
TR-046375,2025-10-21,Flatbed,2177.46,True,2203.35,2175.76,2124.58,2175.91
TR-046376,2025-10-21,Dry Van,913.89,True,913.4,918.29,874.2,920.05
TR-046377,2025-10-21,Flatbed,2220.12,True,2250.38,2234.06,2162.88,2276.52
TR-046378,2025-10-21,Reefer,2065.94,True,2037.32,1997.66,1966.18,2067.97
TR-046379,2025-10-21,Flatbed,3139.19,True,3076.24,3083.13,2960.57,3080.91
TR-046380,2025-10-21,Dry Van,350.21,True,342.47,358.99,331.68,326.21
TR-046381,2025-10-21,Dry Van,1969.61,True,1940.54,1871.35,1854.84,1931.42
TR-046382,2025-10-21,Flatbed,1734.62,True,1727.59,1708.44,1651.04,1708.38
TR-046383,2025-10-21,Dry Van,3348.55,True,3243.42,3140.24,3107.66,3274.34
TR-046384,2025-10-21,Dry Van,1207.14,True,1175.71,1151.49,1126.4,1152.66
TR-046385,2025-10-21,Dry Van,2235.95,True,2240.53,2186.24,2157.82,2271.66
TR-046386,2025-10-21,Reefer,2726.46,True,2636.12,2633.06,2534.96,2563.25
TR-046387,2025-10-21,Flatbed,1165.49,True,1166.43,1149.56,1126.81,1205.57
TR-046388,2025-10-21,Dry Van,2383.0,True,2334.85,2244.72,2234.79,2326.82
TR-046389,2025-10-21,Dry Van,642.65,True,652.83,635.73,629.96,653.82
TR-046390,2025-10-21,Dry Van,3106.83,True,3004.11,2974.05,2886.83,3057.6
TR-046391,2025-10-21,Dry Van,793.99,True,760.97,754.11,734.62,766.5
TR-046392,2025-10-21,Dry Van,2652.98,True,2564.24,2550.52,2461.82,2590.52
TR-046393,2025-10-21,Reefer,395.97,True,391.43,391.06,376.72,391.18
TR-046394,2025-10-21,Flatbed,4351.68,True,4291.63,4204.49,4124.74,4275.13
TR-046395,2025-10-21,Dry Van,4900.65,True,4800.68,4803.19,4627.53,4874.0
TR-046396,2025-10-21,Dry Van,806.79,True,806.37,777.71,778.62,806.97
TR-046397,2025-10-21,Dry Van,1983.68,True,1966.2,1941.91,1895.79,1962.37
TR-046398,2025-10-21,Dry Van,1251.21,True,1226.59,1212.43,1180.55,1210.02
TR-046399,2025-10-21,Flatbed,2168.35,True,2145.08,2135.0,2068.9,2179.97
TR-046400,2025-10-21,Dry Van,123.32,False,670.61,669.35,649.3,669.45
TR-046401,2025-10-21,Dry Van,1202.82,True,1177.48,1158.64,1132.51,1201.9
TR-046402,2025-10-21,Dry Van,2559.32,True,2511.67,2442.21,2414.28,2548.28
TR-046403,2025-10-21,Reefer,4021.92,True,3918.22,3897.3,3754.71,3946.07
TR-046404,2025-10-21,Dry Van,2681.19,True,2661.65,2607.48,2561.2,2713.58
TR-046405,2025-10-21,Flatbed,1214.87,True,1202.53,1217.22,1153.59,1197.77
TR-046406,2025-10-21,Dry Van,802.46,True,808.32,803.99,773.91,807.52
TR-046407,2025-10-21,Dry Van,2216.38,True,2222.7,2195.33,2143.78,2210.89
TR-046408,2025-10-21,Reefer,2832.47,True,2774.95,2790.83,2659.47,2773.23
TR-046409,2025-10-21,Dry Van,1331.75,True,1317.87,1294.35,1267.41,1359.48
TR-046410,2025-10-21,Flatbed,4764.41,True,4547.85,4513.06,4370.09,4562.59
TR-046411,2025-10-21,Reefer,2618.04,True,2623.46,2558.41,2499.6,2645.36
TR-046412,2025-10-21,Dry Van,1687.86,True,1675.26,1635.17,1606.68,1671.7
TR-046413,2025-10-21,Dry Van,4184.37,True,4040.46,3951.03,3876.89,3960.57
TR-046414,2025-10-21,Dry Van,2011.67,True,1980.67,1915.43,1913.96,1975.25
TR-046415,2025-10-21,Reefer,4893.47,True,4776.01,4761.69,4585.0,4829.7
TR-046416,2025-10-21,Dry Van,2747.92,True,2725.86,2626.73,2621.1,2668.83
TR-046417,2025-10-21,Dry Van,3304.22,True,3259.64,3180.97,3135.64,3249.97
TR-046418,2025-10-21,Flatbed,1742.78,True,1720.37,1670.23,1647.97,1727.55
TR-046419,2025-10-21,Dry Van,4480.53,True,4321.05,4257.84,4145.47,4332.62
TR-046420,2025-10-21,Dry Van,4119.27,True,4301.9,4205.97,4140.99,4304.43
TR-046421,2025-10-21,Dry Van,1618.05,True,1626.3,1620.12,1567.19,1617.14
TR-046422,2025-10-21,Dry Van,4173.85,True,4180.83,4183.75,4010.24,4140.84
TR-046423,2025-10-21,Reefer,1981.96,True,1926.51,1955.53,1851.05,1922.14
TR-046424,2025-10-21,Dry Van,4446.89,True,4444.48,4580.75,4281.69,4463.72
TR-046425,2025-10-21,Dry Van,1085.97,True,1074.93,1071.01,1030.01,1075.3
TR-046426,2025-10-21,Dry Van,2970.76,False,960.33,941.47,921.11,990.29
TR-046427,2025-10-21,Dry Van,900.96,True,888.64,884.82,856.62,899.77
TR-046428,2025-10-21,Flatbed,886.73,True,859.8,886.72,828.56,831.53
TR-046429,2025-10-21,Dry Van,3790.58,True,3779.2,3745.11,3618.5,3635.89
TR-046430,2025-10-21,Reefer,1548.2,True,1545.15,1493.96,1487.82,1562.75
TR-046431,2025-10-21,Dry Van,2085.41,True,2068.93,2027.98,1993.28,2079.3
TR-046432,2025-10-21,Reefer,1793.53,True,1802.32,1806.39,1735.04,1820.94
TR-046433,2025-10-21,Reefer,1428.25,True,1425.32,1388.21,1373.48,1450.87
TR-046434,2025-10-21,Flatbed,2269.47,True,2172.41,2132.91,2092.2,2122.2
TR-046435,2025-10-21,Dry Van,3921.97,True,3887.32,3843.37,3739.52,3900.31
TR-046436,2025-10-21,Dry Van,521.48,True,522.83,505.06,502.43,518.38
TR-046437,2025-10-21,Flatbed,1046.26,True,1055.53,1040.44,1015.69,1047.43
TR-046438,2025-10-21,Flatbed,1497.97,True,1480.04,1484.99,1421.13,1517.93
TR-046439,2025-10-21,Dry Van,971.46,True,967.49,950.58,927.62,955.45
TR-046440,2025-10-21,Dry Van,3965.03,True,3906.21,3844.53,3725.9,3873.47
TR-046441,2025-10-21,Dry Van,1476.03,True,1471.22,1441.27,1407.06,1479.97
TR-046442,2025-10-21,Flatbed,3213.37,True,3187.79,3162.73,3070.25,3142.58
TR-046443,2025-10-21,Flatbed,1882.4,True,1841.92,1817.87,1761.7,1895.28
TR-046444,2025-10-21,Reefer,2276.2,True,2238.53,2197.16,2157.03,2266.73
TR-046445,2025-10-21,Dry Van,3191.38,True,3126.57,3053.62,3008.78,3131.5
TR-046446,2025-10-21,Dry Van,2435.41,True,2423.57,2358.1,2321.33,2446.23
TR-046447,2025-10-21,Dry Van,1046.13,True,1042.94,1003.13,996.5,1041.71
TR-046448,2025-10-21,Flatbed,2198.38,True,2196.92,2173.34,2120.98,2199.41
TR-046449,2025-10-21,Reefer,5545.41,True,5493.38,5394.9,5270.51,5369.1
TR-046450,2025-10-21,Reefer,4186.26,True,4355.94,4285.28,4193.9,4407.64
TR-046451,2025-10-21,Reefer,978.93,True,1001.88,986.62,969.82,999.17
TR-046452,2025-10-21,Dry Van,693.04,True,674.3,653.16,647.4,658.58
TR-046453,2025-10-21,Dry Van,1110.26,True,1094.62,1060.26,1043.16,1131.28
TR-046454,2025-10-21,Dry Van,4600.85,True,4475.39,4420.37,4301.35,4354.36
TR-046455,2025-10-21,Reefer,3850.44,True,3822.4,3783.42,3662.47,3810.62
TR-046456,2025-10-21,Reefer,3724.61,True,3625.9,3556.98,3485.84,3675.12
TR-046457,2025-10-21,Dry Van,1986.47,True,1999.34,1986.8,1921.1,2022.16
TR-046458,2025-10-21,Dry Van,2088.18,True,2073.91,2062.52,1992.8,2052.01
TR-046459,2025-10-21,Dry Van,1708.45,True,1633.86,1628.45,1571.77,1691.64
TR-046460,2025-10-21,Dry Van,530.1,True,525.22,526.16,505.83,517.25
TR-046461,2025-10-21,Dry Van,5947.51,True,5735.08,5662.17,5500.15,5556.96
TR-046462,2025-10-21,Reefer,3570.86,True,3617.82,3533.76,3496.76,3641.82
TR-046463,2025-10-21,Flatbed,1307.4,True,1301.06,1290.81,1250.25,1349.19
TR-046464,2025-10-21,Dry Van,1953.16,True,1962.3,1933.3,1901.67,1962.43
TR-046465,2025-10-22,Flatbed,1663.21,True,1662.83,1636.27,1589.16,1704.71
TR-046466,2025-10-22,Dry Van,5004.7,True,4962.18,4886.58,4744.54,5021.06
TR-046467,2025-10-22,Dry Van,3356.83,True,3254.94,3171.38,3136.3,3199.47
TR-046468,2025-10-22,Dry Van,1721.07,True,1720.2,1700.09,1647.64,1756.11
TR-046469,2025-10-22,Dry Van,1102.33,True,1067.15,1064.17,1026.34,1072.34
TR-046470,2025-10-22,Flatbed,3000.82,True,2919.21,2922.59,2804.09,2924.01
TR-046471,2025-10-22,Reefer,3408.71,True,3356.6,3283.32,3211.34,3307.98
TR-046472,2025-10-22,Dry Van,301.74,True,304.08,312.62,291.95,295.36
TR-046473,2025-10-22,Flatbed,3371.82,True,3258.33,3178.06,3124.03,3223.06
TR-046474,2025-10-22,Dry Van,258.37,True,262.14,297.86,250.17,252.54
TR-046475,2025-10-22,Dry Van,1236.06,True,1209.43,1196.42,1162.82,1205.66
TR-046476,2025-10-22,Reefer,4921.06,True,4885.87,4790.82,4686.63,4851.12
TR-046477,2025-10-22,Dry Van,4096.07,True,4029.12,3989.06,3860.09,4118.78
TR-046478,2025-10-22,Reefer,6303.7,True,6219.75,6013.8,5972.62,6109.32
TR-046479,2025-10-22,Reefer,1930.36,True,1952.85,1909.54,1866.79,1994.64
TR-046480,2025-10-22,Reefer,3892.0,True,3821.14,3883.33,3672.75,3844.07
TR-046481,2025-10-22,Dry Van,712.44,True,712.62,707.96,685.4,718.86
TR-046482,2025-10-22,Reefer,4318.34,True,4325.03,4255.14,4146.14,4410.11
TR-046483,2025-10-22,Flatbed,2411.85,True,2331.23,2324.52,2226.23,2330.55
TR-046484,2025-10-22,Flatbed,1988.26,True,1966.3,1923.05,1883.78,1969.02
TR-046485,2025-10-22,Reefer,2760.03,True,2759.21,2773.08,2654.18,2749.79
TR-046486,2025-10-22,Flatbed,2644.84,True,2614.21,2608.53,2513.68,2597.37
TR-046487,2025-10-22,Flatbed,1058.45,True,1039.7,1009.82,1000.92,1042.71
TR-046488,2025-10-22,Dry Van,3678.77,True,3577.09,3554.61,3430.78,3595.73
TR-046489,2025-10-22,Dry Van,3868.49,True,3801.69,3808.65,3646.79,3892.66
TR-046490,2025-10-22,Flatbed,1309.84,True,1315.6,1304.49,1260.1,1312.02
TR-046491,2025-10-22,Dry Van,775.99,True,788.09,780.18,759.04,800.15
TR-046492,2025-10-22,Reefer,2155.11,True,2160.24,2034.64,2069.85,2175.05
TR-046493,2025-10-22,Flatbed,2146.27,True,2152.85,2137.34,2063.78,2223.31
TR-046494,2025-10-22,Flatbed,3629.61,True,3542.97,3525.35,3398.11,3516.94
TR-046495,2025-10-22,Dry Van,1742.47,True,1720.94,1689.33,1649.56,1721.35
TR-046496,2025-10-22,Reefer,4523.99,True,4531.35,4413.07,4348.81,4408.23
TR-046497,2025-10-22,Reefer,4220.16,True,4288.19,4171.12,4100.08,4293.47
TR-046498,2025-10-22,Dry Van,664.29,True,640.73,640.81,613.26,612.26
TR-046499,2025-10-22,Reefer,1347.83,True,1299.18,1338.65,1252.26,1304.4
TR-046500,2025-10-22,Dry Van,5551.03,True,5412.83,5381.39,5225.89,5404.3
TR-046501,2025-10-22,Dry Van,1691.2,True,1702.17,1685.17,1632.95,1721.73
TR-046502,2025-10-22,Dry Van,1144.41,True,1123.41,1118.8,1076.67,1128.99
TR-046503,2025-10-22,Flatbed,407.52,True,402.57,399.94,386.61,386.65
TR-046504,2025-10-22,Dry Van,1455.6,True,1460.97,1436.99,1396.3,1441.53
TR-046505,2025-10-22,Dry Van,2043.47,True,2020.99,1980.62,1947.73,2078.76
TR-046506,2025-10-22,Reefer,4995.47,True,4923.6,4886.02,4732.38,4871.28
TR-046507,2025-10-22,Dry Van,1049.62,True,1032.65,1018.31,995.11,1031.55
TR-046508,2025-10-22,Flatbed,2624.53,True,2548.18,2537.45,2443.4,2535.34
TR-046509,2025-10-22,Flatbed,2138.6,True,2165.16,2129.23,2073.94,2219.44
TR-046510,2025-10-22,Dry Van,2022.03,True,2030.5,2003.14,1947.92,2069.75
TR-046511,2025-10-22,Dry Van,780.71,True,769.94,766.01,739.54,752.29
TR-046512,2025-10-22,Dry Van,1385.85,True,1399.62,1388.37,1343.2,1394.93
TR-046513,2025-10-22,Reefer,1025.05,True,1045.67,1044.72,1002.65,1061.01
TR-046514,2025-10-22,Dry Van,4544.18,True,4462.42,4405.18,4282.11,4539.12
TR-046515,2025-10-22,Dry Van,2853.82,True,2775.77,2780.59,2683.85,2763.04
TR-046516,2025-10-22,Reefer,2863.43,True,2829.57,2802.3,2725.28,2837.18
TR-046517,2025-10-22,Reefer,14784.38,False,3590.46,3579.69,3434.3,3618.62
TR-046518,2025-10-22,Dry Van,1045.82,True,1011.25,1006.13,978.17,1031.21
TR-046519,2025-10-22,Reefer,6452.47,True,6353.31,6257.76,6074.64,6177.1
TR-046520,2025-10-22,Dry Van,1636.03,True,1616.13,1597.49,1554.2,1637.19
TR-046521,2025-10-22,Flatbed,2357.26,True,2371.71,2356.5,2285.46,2383.58
TR-046522,2025-10-22,Flatbed,1354.85,True,1349.12,1367.34,1299.04,1387.8
TR-046523,2025-10-22,Flatbed,2044.87,True,2040.71,2015.97,1957.7,2045.87
TR-046524,2025-10-22,Dry Van,1441.9,True,1433.66,1405.76,1378.22,1458.17
TR-046525,2025-10-22,Reefer,4770.79,True,4874.61,4809.2,4685.05,4945.14
TR-046526,2025-10-22,Reefer,1328.25,True,1313.27,1309.51,1265.2,1313.9
TR-046527,2025-10-22,Reefer,3980.59,True,3989.36,3877.59,3815.18,4004.4
TR-046528,2025-10-22,Dry Van,871.19,True,872.03,857.7,839.75,906.04
TR-046529,2025-10-22,Dry Van,4028.2,True,4022.66,3985.46,3883.12,4064.43
TR-046530,2025-10-22,Reefer,2551.19,True,2455.12,2384.56,2365.72,2451.93
TR-046531,2025-10-22,Reefer,2642.91,True,2632.16,2610.11,2538.71,2690.27
TR-046532,2025-10-22,Dry Van,2143.64,True,2100.38,2043.56,2021.8,2136.9
TR-046533,2025-10-22,Dry Van,3494.61,True,3419.1,3337.8,3286.08,3449.55
TR-046534,2025-10-22,Flatbed,542.56,True,528.21,528.93,504.5,525.29
TR-046535,2025-10-22,Flatbed,2533.72,True,2542.15,2535.58,2445.71,2560.38
TR-046536,2025-10-22,Dry Van,5232.81,True,5161.0,5189.26,4942.96,5068.27
TR-046537,2025-10-22,Reefer,1309.66,True,1315.02,1302.2,1251.22,1350.07
TR-046538,2025-10-22,Flatbed,5006.3,True,4892.28,4867.24,4689.57,4911.84
TR-046539,2025-10-22,Dry Van,1748.43,True,1710.51,1721.73,1640.1,1736.44
TR-046540,2025-10-22,Reefer,1983.25,True,1953.52,1950.91,1873.42,1954.45
TR-046541,2025-10-22,Flatbed,5723.31,True,5560.58,5437.23,5314.56,5356.96
TR-046542,2025-10-22,Flatbed,1560.71,True,1579.53,1563.12,1504.93,1629.48
TR-046543,2025-10-22,Dry Van,2335.15,True,2334.03,2243.28,2251.21,2393.35
TR-046544,2025-10-22,Dry Van,1011.88,True,986.18,976.42,940.74,1006.21
TR-046545,2025-10-22,Flatbed,1238.84,True,1255.28,1252.65,1211.64,1250.66
TR-046546,2025-10-22,Dry Van,4584.52,True,4608.46,4523.81,4438.19,4681.49
TR-046547,2025-10-22,Dry Van,2942.45,True,2900.83,2869.26,2790.01,2892.99
TR-046548,2025-10-22,Dry Van,1604.29,True,1552.68,1520.88,1489.79,1570.8
TR-046549,2025-10-22,Dry Van,3721.16,True,3730.66,3720.1,3582.81,3818.74
TR-046550,2025-10-22,Flatbed,1185.29,True,1160.46,1149.38,1116.58,1165.58
TR-046551,2025-10-22,Flatbed,1726.53,True,1684.23,1654.99,1616.81,1743.86
TR-046552,2025-10-22,Dry Van,2301.62,True,2324.38,2275.11,2239.09,2354.56
TR-046553,2025-10-22,Reefer,1660.06,True,1639.49,1620.83,1565.29,1732.51
TR-046554,2025-10-22,Dry Van,1141.94,True,1143.6,1146.08,1099.66,1178.15
TR-046555,2025-10-22,Dry Van,1060.19,True,1042.29,1013.67,995.6,1039.61
TR-046556,2025-10-22,Dry Van,3839.75,True,3825.64,3813.21,3668.35,3874.38
TR-046557,2025-10-22,Flatbed,1530.79,True,1569.52,1551.97,1516.41,1575.73
TR-046558,2025-10-22,Reefer,3652.95,True,3662.25,3580.18,3523.04,3786.81
TR-046559,2025-10-22,Dry Van,2699.39,True,2738.31,2669.12,2626.15,2746.14
TR-046560,2025-10-22,Reefer,3332.52,True,3258.49,3214.17,3128.78,3276.85
TR-046561,2025-10-22,Dry Van,780.38,True,761.49,752.16,732.37,774.89
TR-046562,2025-10-22,Flatbed,3557.23,True,3503.65,3458.92,3357.39,3564.83
TR-046563,2025-10-22,Reefer,5851.62,True,5784.44,5749.01,5555.6,5628.92
TR-046564,2025-10-22,Dry Van,651.91,True,642.28,643.17,616.6,648.26
TR-046565,2025-10-22,Flatbed,2381.33,True,2293.69,2279.66,2212.8,2306.96
TR-046566,2025-10-22,Reefer,3104.16,True,3106.93,3042.42,2991.89,3164.46
TR-046567,2025-10-22,Flatbed,2614.42,True,2680.6,2638.62,2580.41,2669.95
TR-046568,2025-10-22,Dry Van,1229.26,True,1244.46,1228.95,1190.61,1252.29
TR-046569,2025-10-22,Dry Van,1144.34,True,1116.95,1097.63,1072.01,1126.11
TR-046570,2025-10-22,Reefer,1590.58,True,1575.59,1551.22,1512.33,1557.81
TR-046571,2025-10-22,Reefer,4717.8,True,4790.48,4726.98,4613.04,4740.11
TR-046572,2025-10-22,Reefer,6053.36,True,6028.92,5902.28,5813.45,5968.04
TR-046573,2025-10-22,Reefer,1631.66,True,1593.97,1584.37,1537.35,1645.32
TR-046574,2025-10-22,Reefer,2989.44,True,3002.69,2933.45,2881.73,2999.76
TR-046575,2025-10-22,Dry Van,1851.21,True,1874.66,1862.4,1803.78,1880.38
TR-046576,2025-10-22,Reefer,5316.93,True,5271.03,5169.92,5084.11,5318.93
TR-046577,2025-10-22,Dry Van,4696.47,True,4634.96,4686.63,4453.48,4691.11
TR-046578,2025-10-22,Dry Van,4048.34,True,4038.09,3995.12,3905.29,4193.48
TR-046579,2025-10-22,Dry Van,807.53,True,795.86,782.01,764.88,783.65
TR-046580,2025-10-22,Dry Van,1628.52,True,1608.25,1572.27,1549.77,1614.3
TR-046581,2025-10-22,Dry Van,3859.48,True,3746.91,3641.91,3594.02,3778.09
TR-046582,2025-10-22,Dry Van,2912.89,True,2902.85,2867.7,2793.99,2916.24
TR-046583,2025-10-22,Reefer,4892.72,False,1553.17,1542.65,1494.49,1518.76
TR-046584,2025-10-22,Dry Van,4314.84,True,4278.7,4213.51,4119.28,4256.94
TR-046585,2025-10-22,Dry Van,1322.8,True,1328.95,1330.78,1285.82,1326.89
TR-046586,2025-10-22,Reefer,612.12,True,600.66,592.74,577.76,572.42
TR-046587,2025-10-22,Dry Van,3585.07,True,3571.28,3612.53,3422.6,3576.94
TR-046588,2025-10-22,Dry Van,1959.85,True,1923.09,1908.55,1855.29,1947.47
TR-046589,2025-10-22,Reefer,2105.22,True,2066.89,1974.34,1994.96,2096.16
TR-046590,2025-10-22,Flatbed,726.82,True,706.76,694.15,677.26,692.77
TR-046591,2025-10-22,Dry Van,1132.13,True,1133.54,1133.65,1089.65,1124.57
TR-046592,2025-10-22,Dry Van,2583.27,True,2525.93,2493.71,2428.5,2558.87
TR-046593,2025-10-22,Flatbed,873.47,True,870.24,883.91,832.65,857.08
TR-046594,2025-10-22,Flatbed,394.73,True,389.36,401.26,373.06,384.5
TR-046595,2025-10-22,Dry Van,1211.67,True,1191.66,1189.56,1143.85,1212.91
TR-046596,2025-10-22,Dry Van,1225.8,True,1242.46,1211.05,1192.95,1291.37
TR-046597,2025-10-22,Flatbed,1670.77,True,1648.3,1655.46,1582.98,1656.96
TR-046598,2025-10-22,Dry Van,1376.74,True,1366.49,1335.15,1309.64,1396.83
TR-046599,2025-10-22,Flatbed,513.66,True,512.63,516.2,491.02,490.05
TR-046600,2025-10-22,Reefer,1525.01,True,1476.94,1473.04,1409.22,1507.87
TR-046601,2025-10-22,Dry Van,2052.74,True,2031.49,2001.61,1962.52,2039.19
TR-046602,2025-10-22,Flatbed,1720.26,True,1693.39,1688.78,1624.07,1718.01
TR-046603,2025-10-22,Dry Van,2343.8,True,2340.25,2272.71,2243.66,2398.8
TR-046604,2025-10-22,Flatbed,1926.44,True,1914.01,1903.56,1850.59,1898.8
TR-046605,2025-10-22,Dry Van,2037.74,True,2026.13,1951.45,1956.92,2081.68
TR-046606,2025-10-22,Dry Van,2916.59,True,2901.46,2909.15,2794.59,2948.31
TR-046607,2025-10-22,Reefer,2022.85,True,2012.14,1966.92,1925.45,2005.76
TR-046608,2025-10-22,Reefer,5664.3,True,5586.02,5614.75,5413.4,5667.82
TR-046609,2025-10-22,Reefer,1881.48,True,1902.86,1873.06,1834.9,1938.45
TR-046610,2025-10-22,Dry Van,1164.69,True,1146.7,1139.78,1099.81,1163.63
TR-046611,2025-10-22,Reefer,804.22,True,792.74,779.33,762.78,819.98
TR-046612,2025-10-23,Reefer,1942.88,True,1990.31,1920.12,1917.72,2019.62
TR-046613,2025-10-23,Dry Van,474.38,True,455.56,442.78,433.88,448.55
TR-046614,2025-10-23,Flatbed,7151.41,False,2191.28,2170.21,2100.6,2190.59
TR-046615,2025-10-23,Flatbed,5187.81,True,5452.7,5341.1,5242.28,5446.17
TR-046616,2025-10-23,Dry Van,1237.21,True,1232.14,1215.71,1183.06,1223.94
TR-046617,2025-10-23,Dry Van,4052.55,True,4025.78,3949.83,3877.93,4064.74
TR-046618,2025-10-23,Dry Van,1794.23,True,1812.07,1750.04,1745.93,1901.43
TR-046619,2025-10-23,Flatbed,4903.84,True,4791.16,4666.7,4596.13,4613.25
TR-046620,2025-10-23,Flatbed,2588.61,True,2595.44,2534.66,2494.63,2589.78
TR-046621,2025-10-23,Flatbed,1006.81,True,1020.53,1005.67,982.72,1042.32
TR-046622,2025-10-23,Reefer,2132.94,True,2113.59,2090.58,2027.27,2134.48
TR-046623,2025-10-23,Reefer,2449.96,True,2448.39,2347.9,2372.14,2434.9
TR-046624,2025-10-23,Dry Van,1644.47,True,1610.65,1586.43,1546.18,1591.44
TR-046625,2025-10-23,Dry Van,4481.13,True,4369.21,4318.79,4192.52,4391.43
TR-046626,2025-10-23,Dry Van,4032.37,True,3970.36,3844.18,3805.21,3965.34
TR-046627,2025-10-23,Dry Van,4170.26,True,4108.34,4076.87,3947.22,4175.83
TR-046628,2025-10-23,Dry Van,1009.38,True,1002.9,975.6,958.63,1029.75
TR-046629,2025-10-23,Dry Van,4048.53,True,4036.76,3942.26,3907.74,3986.96
TR-046630,2025-10-23,Dry Van,1971.47,True,1926.24,1870.17,1855.38,1892.02
TR-046631,2025-10-23,Reefer,1011.13,True,1011.14,988.66,969.43,1041.49
TR-046632,2025-10-23,Reefer,2157.52,True,2134.26,2104.82,2055.69,2234.28
TR-046633,2025-10-23,Dry Van,3353.42,True,3362.01,3336.67,3232.97,3354.09
TR-046634,2025-10-23,Reefer,2241.31,True,2205.79,2221.67,2124.7,2247.23
TR-046635,2025-10-23,Reefer,1890.04,True,1887.78,1849.72,1808.5,1953.93
TR-046636,2025-10-23,Reefer,1191.43,True,1167.4,1176.28,1123.65,1165.98
TR-046637,2025-10-23,Dry Van,380.11,True,377.91,383.5,362.38,378.96
TR-046638,2025-10-23,Reefer,1158.68,True,1164.51,1143.09,1118.47,1201.97
TR-046639,2025-10-23,Dry Van,1884.25,True,1839.26,1791.96,1769.55,1875.46
TR-046640,2025-10-23,Dry Van,2046.68,True,2011.48,1978.81,1931.5,2042.53
TR-046641,2025-10-23,Dry Van,5011.38,True,4864.97,4796.69,4681.23,4869.04
TR-046642,2025-10-23,Reefer,5139.92,True,5275.37,4996.95,5073.07,5044.63
TR-046643,2025-10-23,Reefer,1342.34,True,1316.28,1313.04,1265.22,1333.94
TR-046644,2025-10-23,Reefer,5367.21,True,5128.25,5031.11,4950.07,5104.38
TR-046645,2025-10-23,Dry Van,4407.32,True,4391.57,4357.7,4239.44,4438.78
TR-046646,2025-10-23,Dry Van,910.72,True,921.05,916.01,883.49,934.79
TR-046647,2025-10-23,Reefer,1780.1,True,1787.23,1751.88,1714.06,1811.25
TR-046648,2025-10-23,Flatbed,1003.47,True,988.04,980.85,950.07,987.71
TR-046649,2025-10-23,Dry Van,1667.28,True,1662.29,1640.24,1596.87,1701.09
TR-046650,2025-10-23,Dry Van,1159.83,True,1133.44,1103.88,1083.75,1118.06
TR-046651,2025-10-23,Dry Van,4641.2,True,4596.61,4588.68,4423.88,4591.05
TR-046652,2025-10-23,Flatbed,2204.92,True,2181.23,2178.32,2087.19,2169.02
TR-046653,2025-10-23,Dry Van,1142.58,True,1133.45,1117.03,1084.58,1171.31
TR-046654,2025-10-23,Dry Van,3071.49,True,3104.42,3045.85,2981.04,3052.56
TR-046655,2025-10-23,Dry Van,363.25,True,349.17,351.18,335.0,350.4
TR-046656,2025-10-23,Dry Van,1041.25,True,1026.9,1021.6,981.79,1053.53
TR-046657,2025-10-23,Dry Van,206.33,True,204.86,228.04,198.17,201.86
TR-046658,2025-10-23,Flatbed,1676.94,True,1671.86,1652.54,1605.75,1691.72
TR-046659,2025-10-23,Dry Van,1745.14,True,1753.76,1696.2,1684.74,1814.49
TR-046660,2025-10-23,Dry Van,859.39,True,870.24,857.5,833.86,868.59
TR-046661,2025-10-23,Reefer,2021.14,True,1998.23,1941.71,1926.4,2039.6
TR-046662,2025-10-23,Flatbed,1470.99,True,1434.86,1421.67,1370.56,1460.96
TR-046663,2025-10-23,Dry Van,1089.06,True,1095.43,1087.96,1054.63,1103.4
TR-046664,2025-10-23,Flatbed,2824.36,True,2783.4,2757.2,2673.58,2841.06
TR-046665,2025-10-23,Reefer,1336.62,True,1308.53,1304.46,1256.61,1315.84
TR-046666,2025-10-23,Flatbed,2595.2,True,2596.84,2612.98,2498.21,2608.9
TR-046667,2025-10-23,Reefer,3908.33,True,3853.11,3836.43,3697.54,3832.84
TR-046668,2025-10-23,Dry Van,9305.14,False,3048.65,2989.16,2932.18,3129.81
TR-046669,2025-10-23,Dry Van,2133.09,True,2114.67,2058.82,2029.44,2091.45
TR-046670,2025-10-23,Flatbed,2152.1,True,2099.07,2071.31,2020.2,2121.0
TR-046671,2025-10-23,Dry Van,849.97,False,3880.36,3831.39,3711.88,3839.8
TR-046672,2025-10-23,Reefer,2949.86,True,2945.24,2908.67,2824.87,2992.19
TR-046673,2025-10-23,Reefer,969.41,True,920.46,945.23,888.45,942.65
TR-046674,2025-10-23,Reefer,321.41,True,312.55,261.02,300.99,310.8
TR-046675,2025-10-23,Dry Van,4139.61,True,4078.66,3966.39,3902.34,4093.18
TR-046676,2025-10-23,Dry Van,3197.79,True,3149.52,3089.24,3016.28,3110.72
TR-046677,2025-10-23,Dry Van,1596.29,True,1571.85,1561.83,1513.6,1607.08
TR-046678,2025-10-23,Reefer,2167.17,True,2172.53,2145.49,2088.17,2210.8
TR-046679,2025-10-23,Flatbed,1306.45,True,1312.41,1295.51,1255.03,1337.71
TR-046680,2025-10-23,Dry Van,1080.08,True,1043.76,1041.79,1000.66,1061.98
TR-046681,2025-10-23,Flatbed,1786.5,True,1768.95,1751.71,1701.04,1769.37
TR-046682,2025-10-23,Reefer,4514.59,True,4485.22,4378.5,4299.97,4338.05
TR-046683,2025-10-23,Dry Van,1693.15,True,1696.86,1673.92,1631.05,1721.86
TR-046684,2025-10-23,Flatbed,1431.47,True,1431.93,1456.42,1372.36,1458.08
TR-046685,2025-10-23,Dry Van,1443.55,True,1408.31,1384.28,1346.03,1442.57
TR-046686,2025-10-23,Dry Van,546.54,True,530.02,520.4,510.3,517.07
TR-046687,2025-10-23,Reefer,1462.18,True,1442.85,1404.96,1386.63,1467.59
TR-046688,2025-10-23,Dry Van,1377.08,True,1361.57,1338.68,1304.67,1352.19
TR-046689,2025-10-23,Flatbed,5099.7,True,5079.15,5114.2,4934.66,4924.29
TR-046690,2025-10-23,Dry Van,4880.25,True,4674.85,4626.01,4498.13,4644.24
TR-046691,2025-10-23,Reefer,3442.11,True,3429.24,3394.94,3289.7,3421.82
TR-046692,2025-10-23,Dry Van,3305.45,True,3224.12,3156.91,3100.42,3258.61
TR-046693,2025-10-23,Dry Van,2266.92,True,2206.46,2208.96,2121.72,2245.22
TR-046694,2025-10-23,Flatbed,2714.72,True,2697.03,2644.32,2587.09,2758.79
TR-046695,2025-10-23,Dry Van,1242.06,True,1228.17,1207.76,1178.09,1228.83
TR-046696,2025-10-23,Dry Van,1845.46,True,1815.98,1750.3,1743.29,1817.2
TR-046697,2025-10-23,Reefer,2500.44,True,2436.75,2436.12,2339.88,2488.32
TR-046698,2025-10-23,Dry Van,413.84,True,421.34,407.52,407.77,424.8
TR-046699,2025-10-23,Reefer,1587.93,True,1580.46,1541.77,1518.15,1612.84
TR-046700,2025-10-23,Flatbed,1253.74,True,1236.63,1256.66,1191.33,1254.74
TR-046701,2025-10-23,Flatbed,3568.3,True,3495.84,3478.89,3365.4,3519.93
TR-046702,2025-10-23,Dry Van,3088.52,True,3044.36,2958.75,2943.1,3070.83
TR-046703,2025-10-23,Dry Van,1125.09,True,1091.41,1079.16,1051.03,1128.65
TR-046704,2025-10-23,Dry Van,2035.6,True,1984.68,1913.52,1905.77,2013.03
TR-046705,2025-10-23,Dry Van,1169.61,True,1144.14,1118.6,1093.77,1181.07
TR-046706,2025-10-23,Dry Van,3717.95,True,3728.09,3649.03,3579.57,3732.38
TR-046707,2025-10-23,Dry Van,3829.0,True,3768.0,3640.14,3646.92,3818.8
TR-046708,2025-10-23,Dry Van,1075.14,True,1065.65,1051.33,1022.22,1058.53
TR-046709,2025-10-23,Dry Van,4018.27,True,4072.0,4011.1,3908.27,4127.63
TR-046710,2025-10-23,Dry Van,1428.98,True,1369.26,1377.76,1313.38,1387.59
TR-046711,2025-10-23,Dry Van,4100.18,True,4026.12,4005.4,3884.99,4059.17
TR-046712,2025-10-23,Reefer,2780.68,True,2741.01,2765.66,2641.52,2782.26
TR-046713,2025-10-23,Dry Van,1518.72,True,1498.49,1464.96,1440.8,1507.38
TR-046714,2025-10-23,Reefer,2200.86,True,2186.59,2127.33,2101.9,2208.97
TR-046715,2025-10-23,Dry Van,2308.44,True,2280.7,2215.18,2189.7,2282.53
TR-046716,2025-10-23,Flatbed,1109.65,True,1065.55,1085.29,1028.49,1067.18
TR-046717,2025-10-23,Dry Van,5354.03,True,5311.11,5218.81,5100.09,5173.16
TR-046718,2025-10-23,Dry Van,972.57,True,968.34,961.67,929.43,974.33
TR-046719,2025-10-23,Dry Van,722.84,True,703.34,697.78,674.27,701.46
TR-046720,2025-10-23,Flatbed,572.98,False,1374.83,1389.43,1313.06,1412.23
TR-046721,2025-10-23,Flatbed,921.11,True,929.64,939.87,893.31,924.96
TR-046722,2025-10-23,Dry Van,4135.5,True,4031.73,3972.7,3888.81,4071.66
TR-046723,2025-10-23,Dry Van,5618.27,True,5473.38,5401.92,5267.92,5239.08
TR-046724,2025-10-23,Dry Van,612.01,True,588.4,577.47,567.29,563.75
TR-046725,2025-10-23,Flatbed,1371.1,True,1374.16,1348.02,1321.66,1404.01
TR-046726,2025-10-23,Dry Van,1230.04,True,1209.63,1218.6,1156.25,1199.83
TR-046727,2025-10-23,Flatbed,1563.23,True,1545.19,1561.56,1484.31,1566.62
TR-046728,2025-10-23,Dry Van,4268.73,True,4298.09,4262.22,4112.99,4197.46
TR-046729,2025-10-23,Reefer,2114.63,True,2125.51,2121.93,2043.11,2206.37
TR-046730,2025-10-23,Dry Van,990.67,True,998.21,966.74,957.55,997.75
TR-046731,2025-10-23,Dry Van,4635.85,False,1128.33,1132.15,1088.44,1120.07
TR-046732,2025-10-23,Dry Van,2393.29,True,2372.78,2336.36,2279.06,2361.81
TR-046733,2025-10-23,Flatbed,4605.7,True,4484.54,4489.48,4308.15,4432.79
TR-046734,2025-10-23,Reefer,4970.7,True,4800.73,4776.76,4610.09,4901.79
TR-046735,2025-10-23,Dry Van,1245.2,True,1223.22,1221.3,1172.54,1242.87
TR-046736,2025-10-23,Flatbed,4815.53,True,4850.24,4773.0,4677.68,4839.91
TR-046737,2025-10-23,Dry Van,1624.97,True,1639.45,1575.45,1575.58,1670.91
TR-046738,2025-10-23,Dry Van,5035.02,True,4987.06,5001.86,4791.93,5011.66
TR-046739,2025-10-23,Dry Van,1853.8,True,1892.27,1849.5,1812.83,1924.67
TR-046740,2025-10-23,Dry Van,3895.0,True,3907.11,3781.3,3743.38,3890.76
TR-046741,2025-10-23,Flatbed,5150.17,True,5097.35,4949.36,4876.36,5047.91
TR-046742,2025-10-23,Flatbed,1112.23,True,1118.11,1096.77,1072.55,1123.69
TR-046743,2025-10-23,Dry Van,654.13,True,651.39,648.09,625.86,658.42
TR-046744,2025-10-23,Dry Van,583.45,True,567.34,563.25,546.41,561.35
TR-046745,2025-10-23,Reefer,1596.84,True,1596.64,1571.61,1533.28,1671.06
TR-046746,2025-10-23,Reefer,3731.56,True,3617.75,3548.62,3470.49,3709.42
TR-046747,2025-10-23,Dry Van,863.63,True,862.87,846.64,831.19,878.93
TR-046748,2025-10-23,Dry Van,3944.99,True,3888.21,3802.54,3758.94,3917.33
TR-046749,2025-10-23,Dry Van,2142.57,True,2130.93,2129.32,2044.06,2169.19
TR-046750,2025-10-23,Dry Van,924.83,True,917.53,912.38,883.18,918.29
TR-046751,2025-10-23,Reefer,2187.86,True,2187.05,2143.21,2105.22,2229.2
TR-046752,2025-10-23,Dry Van,4645.48,True,4512.3,4472.58,4320.62,4509.38
TR-046753,2025-10-23,Dry Van,1480.07,True,1453.45,1411.31,1392.71,1478.05
TR-046754,2025-10-23,Dry Van,1706.94,True,1684.87,1673.34,1611.49,1722.62
TR-046755,2025-10-23,Dry Van,3748.08,True,3754.67,3680.87,3611.16,3737.97
TR-046756,2025-10-23,Dry Van,1852.24,True,1796.08,1773.44,1720.9,1843.63
TR-046757,2025-10-23,Dry Van,2619.79,True,2606.77,2531.67,2505.9,2623.02
TR-046758,2025-10-23,Reefer,939.94,True,946.81,924.85,903.89,947.78
TR-046759,2025-10-23,Dry Van,1062.75,True,1058.59,1046.75,1019.48,1048.31
TR-046760,2025-10-23,Dry Van,1153.14,True,1139.66,1161.77,1091.19,1127.9
TR-046761,2025-10-23,Flatbed,3789.36,True,3762.77,3685.64,3608.0,3695.34
TR-046762,2025-10-23,Reefer,596.86,True,586.88,586.42,566.93,569.77
TR-046763,2025-10-23,Dry Van,3084.04,True,3000.83,2962.47,2880.77,2983.6
TR-046764,2025-10-23,Dry Van,1255.82,True,1219.2,1235.0,1171.05,1201.68
TR-046765,2025-10-23,Flatbed,1761.27,True,1716.89,1709.04,1647.56,1692.9
TR-046766,2025-10-23,Reefer,2288.92,True,2265.58,2173.01,2175.08,2224.66
TR-046767,2025-10-23,Dry Van,2211.88,True,2194.19,2163.5,2095.37,2237.82
TR-046768,2025-10-24,Dry Van,3003.33,True,2965.17,2902.26,2846.08,2986.05
TR-046769,2025-10-24,Flatbed,3553.74,True,3440.98,3420.94,3302.81,3380.65
TR-046770,2025-10-24,Dry Van,2133.6,True,2149.85,2125.39,2065.04,2196.87
TR-046771,2025-10-24,Dry Van,2137.08,True,2142.68,2105.71,2056.94,2147.38
TR-046772,2025-10-24,Dry Van,882.15,True,872.86,860.88,838.54,880.0
TR-046773,2025-10-24,Dry Van,568.79,True,570.17,566.99,549.3,544.42
TR-046774,2025-10-24,Flatbed,5267.14,True,5009.9,4984.86,4796.27,4983.01
TR-046775,2025-10-24,Flatbed,5090.24,True,5109.19,5022.82,4910.14,5173.63
TR-046776,2025-10-24,Dry Van,842.01,True,839.3,834.5,806.65,844.27
TR-046777,2025-10-24,Dry Van,1398.76,True,1373.5,1379.38,1313.42,1377.96
TR-046778,2025-10-24,Dry Van,537.57,False,2057.39,2035.45,1978.85,2096.97
TR-046779,2025-10-24,Dry Van,3574.44,True,3601.53,3525.92,3450.87,3546.99
TR-046780,2025-10-24,Reefer,1894.78,True,1876.78,1854.49,1809.06,1930.72
TR-046781,2025-10-24,Dry Van,1015.18,True,1013.52,986.87,970.7,1040.61
TR-046782,2025-10-24,Reefer,2059.56,True,2048.63,1981.07,1963.74,2045.67
TR-046783,2025-10-24,Dry Van,526.96,True,528.84,546.6,504.7,515.9
TR-046784,2025-10-24,Reefer,1841.3,True,1762.27,1747.77,1693.37,1759.85
TR-046785,2025-10-24,Dry Van,1316.74,True,1337.73,1318.56,1287.58,1332.71
TR-046786,2025-10-24,Reefer,1620.85,True,1595.49,1571.58,1522.71,1648.37
TR-046787,2025-10-24,Reefer,1602.69,True,1619.97,1610.91,1555.76,1629.66
TR-046788,2025-10-24,Dry Van,1542.94,True,1509.8,1461.76,1440.72,1551.4
TR-046789,2025-10-24,Dry Van,1030.9,True,1026.2,1008.27,980.68,1052.5
TR-046790,2025-10-24,Dry Van,848.27,True,844.04,842.8,809.55,822.99
TR-046791,2025-10-24,Reefer,1942.11,True,1981.68,1900.29,1907.56,2020.72
TR-046792,2025-10-24,Dry Van,1080.16,True,1071.82,1072.76,1024.62,1064.9
TR-046793,2025-10-24,Dry Van,539.01,True,537.9,533.8,517.4,522.41
TR-046794,2025-10-24,Dry Van,1612.83,True,1586.44,1550.73,1526.48,1595.49
TR-046795,2025-10-24,Dry Van,1313.54,True,1297.57,1261.7,1243.85,1319.5
TR-046796,2025-10-24,Dry Van,2270.13,True,2308.37,2302.28,2220.58,2343.23
TR-046797,2025-10-24,Dry Van,5919.08,True,5676.34,5665.1,5463.01,5509.67
TR-046798,2025-10-24,Flatbed,1522.89,True,1455.9,1470.09,1392.01,1456.33
TR-046799,2025-10-24,Dry Van,4063.42,True,4091.25,4042.15,3927.21,4030.23
TR-046800,2025-10-24,Reefer,2003.53,True,1965.7,1952.64,1881.93,1966.54
TR-046801,2025-10-24,Dry Van,2485.6,True,2466.07,2448.35,2367.61,2419.4
TR-046802,2025-10-24,Dry Van,4817.06,True,4750.82,4904.03,4567.76,4504.53
TR-046803,2025-10-24,Reefer,5560.64,True,5500.29,5496.4,5274.2,5414.25
TR-046804,2025-10-24,Dry Van,786.95,True,783.18,765.23,756.48,790.08
TR-046805,2025-10-24,Dry Van,831.97,True,848.74,842.8,815.61,836.6
TR-046806,2025-10-24,Dry Van,2488.38,True,2424.87,2372.87,2321.67,2372.5
TR-046807,2025-10-24,Reefer,3544.56,True,3438.28,3363.81,3320.5,3483.54
TR-046808,2025-10-24,Dry Van,1578.16,True,1559.51,1519.74,1489.11,1626.27
TR-046809,2025-10-24,Reefer,6105.86,True,5831.49,5866.32,5619.25,5617.15
TR-046810,2025-10-24,Dry Van,4422.7,True,4299.39,4234.6,4118.95,4224.53
TR-046811,2025-10-24,Reefer,2020.54,True,1970.02,1930.73,1891.92,1933.19
TR-046812,2025-10-24,Reefer,5842.97,True,5662.24,5562.19,5474.15,5637.9
TR-046813,2025-10-24,Dry Van,2829.31,True,2872.14,2804.48,2756.63,2883.89
TR-046814,2025-10-24,Dry Van,4112.14,True,4061.39,3916.25,3913.09,3906.46
TR-046815,2025-10-24,Dry Van,3326.87,True,3292.25,3170.62,3161.46,3307.7
TR-046816,2025-10-24,Flatbed,2364.43,True,2342.2,2340.03,2245.18,2364.63
TR-046817,2025-10-24,Reefer,410.84,True,402.53,408.07,387.9,401.57
TR-046818,2025-10-24,Dry Van,1273.33,True,1239.7,1209.78,1193.9,1230.68
TR-046819,2025-10-24,Reefer,2496.4,True,2358.97,2291.62,2267.45,2374.61
TR-046820,2025-10-24,Dry Van,1930.19,True,1897.43,1907.47,1820.02,1943.18
TR-046821,2025-10-24,Dry Van,2322.58,True,2339.6,2264.78,2261.07,2413.67
TR-046822,2025-10-24,Reefer,2919.45,True,2944.79,2925.17,2817.73,2989.3
TR-046823,2025-10-24,Reefer,1032.25,True,1007.4,1011.21,963.55,995.94
TR-046824,2025-10-24,Dry Van,781.04,True,770.99,765.7,741.05,740.09
TR-046825,2025-10-24,Dry Van,856.78,True,855.12,857.09,827.48,851.44
TR-046826,2025-10-24,Flatbed,2152.48,True,2142.53,2138.92,2062.34,2184.79
TR-046827,2025-10-24,Reefer,914.61,True,895.82,890.35,855.11,909.16
TR-046828,2025-10-24,Dry Van,3218.52,True,3245.29,3180.91,3116.41,3271.2
TR-046829,2025-10-24,Dry Van,1056.33,True,1061.57,1031.52,1016.06,1065.64
TR-046830,2025-10-24,Dry Van,247.16,True,246.27,263.71,235.58,249.6
TR-046831,2025-10-24,Reefer,1241.29,True,1217.06,1220.92,1168.29,1196.46
TR-046832,2025-10-24,Dry Van,3273.81,True,3245.56,3211.27,3117.96,3269.25
TR-046833,2025-10-24,Dry Van,2064.72,True,2057.27,2015.78,1974.17,2009.81
TR-046834,2025-10-24,Dry Van,1351.0,True,1343.84,1335.43,1284.14,1372.67
TR-046835,2025-10-24,Dry Van,2366.54,True,2390.75,2327.59,2297.43,2408.73
TR-046836,2025-10-24,Dry Van,1549.05,True,1535.26,1519.29,1477.55,1552.55
TR-046837,2025-10-24,Dry Van,1963.48,True,1926.96,1870.5,1847.84,1936.48
TR-046838,2025-10-24,Reefer,2183.37,True,2174.73,2116.48,2092.08,2151.74
TR-046839,2025-10-24,Dry Van,4612.68,True,4416.98,4320.99,4254.3,4373.06
TR-046840,2025-10-24,Reefer,1146.4,True,1136.01,1134.18,1091.83,1128.38
TR-046841,2025-10-24,Dry Van,5041.36,True,5113.16,5000.73,4924.94,5028.39
TR-046842,2025-10-24,Dry Van,4460.36,True,4498.65,4427.63,4316.39,4544.38
TR-046843,2025-10-24,Flatbed,2027.34,True,1966.63,1933.6,1890.41,1992.24
TR-046844,2025-10-24,Reefer,906.44,True,883.09,883.38,851.37,883.84
TR-046845,2025-10-24,Reefer,5016.76,True,5062.54,4936.0,4880.05,5148.41
TR-046846,2025-10-24,Reefer,3947.41,True,3947.28,3844.63,3784.02,3970.75
TR-046847,2025-10-24,Reefer,347.45,True,337.99,329.95,323.44,328.31
TR-046848,2025-10-24,Dry Van,1544.49,True,1511.19,1502.98,1447.54,1534.32
TR-046849,2025-10-24,Reefer,2957.02,True,2853.56,2868.07,2751.02,2842.63
TR-046850,2025-10-24,Dry Van,2004.06,True,1946.59,1912.58,1872.54,1998.78
TR-046851,2025-10-24,Dry Van,5197.41,True,5125.35,5075.78,4917.05,5015.53
TR-046852,2025-10-24,Dry Van,1037.31,True,1009.92,983.05,971.92,1032.61
TR-046853,2025-10-24,Dry Van,4484.15,True,4540.85,4590.1,4389.47,4396.35
TR-046854,2025-10-24,Dry Van,2182.45,True,2214.07,2169.03,2132.09,2250.43
TR-046855,2025-10-24,Flatbed,1961.82,True,1918.4,1917.57,1836.21,1923.64
TR-046856,2025-10-24,Dry Van,1764.57,True,1762.07,1742.94,1694.81,1779.44
TR-046857,2025-10-24,Dry Van,3778.16,True,3730.15,3763.1,3582.26,3714.72
TR-046858,2025-10-24,Reefer,4545.43,True,4493.75,4410.66,4325.51,4608.7
TR-046859,2025-10-24,Dry Van,2828.93,True,2839.85,2835.76,2711.93,2818.97
TR-046860,2025-10-24,Dry Van,2500.76,True,2408.04,2388.87,2312.45,2441.68
TR-046861,2025-10-24,Dry Van,3571.42,True,3575.51,3530.97,3441.78,3557.76
TR-046862,2025-10-24,Flatbed,1177.33,True,1167.97,1171.07,1120.63,1196.31
TR-046863,2025-10-24,Flatbed,2040.47,True,1988.69,1996.89,1922.71,2042.08
TR-046864,2025-10-24,Dry Van,2075.72,True,2060.83,2041.15,1974.77,2036.06
TR-046865,2025-10-24,Reefer,3351.21,True,3368.14,3303.16,3234.22,3396.57
TR-046866,2025-10-24,Dry Van,3446.99,True,3527.65,3464.54,3393.11,3419.69
TR-046867,2025-10-24,Dry Van,1019.9,True,1025.38,996.18,985.34,1067.94
TR-046868,2025-10-24,Flatbed,691.24,True,697.42,690.86,669.6,684.43
TR-046869,2025-10-24,Dry Van,721.17,True,727.72,726.94,697.84,708.03
TR-046870,2025-10-24,Flatbed,4280.56,True,4248.8,4197.01,4071.21,4255.49
TR-046871,2025-10-24,Dry Van,4269.87,True,4190.9,4136.65,4024.42,4213.75
TR-046872,2025-10-24,Reefer,1132.72,True,1100.39,1143.51,1058.31,1140.98
TR-046873,2025-10-24,Reefer,2543.19,True,2461.48,2446.04,2379.45,2483.29
TR-046874,2025-10-24,Dry Van,5106.94,True,4970.61,4886.51,4771.62,4912.99
TR-046875,2025-10-24,Flatbed,1206.29,True,1198.22,1215.68,1150.98,1154.58
TR-046876,2025-10-24,Dry Van,611.2,True,618.07,606.82,593.45,608.34
TR-046877,2025-10-24,Flatbed,1821.59,True,1815.16,1773.96,1741.58,1809.54
TR-046878,2025-10-24,Reefer,1352.69,True,1291.36,1302.26,1241.01,1333.88
TR-046879,2025-10-24,Dry Van,1817.19,True,1872.32,1840.09,1799.65,1814.07
TR-046880,2025-10-24,Dry Van,2391.6,True,2389.57,2337.97,2296.47,2449.94
TR-046881,2025-10-24,Dry Van,1508.97,True,1519.72,1522.09,1459.58,1540.32
TR-046882,2025-10-24,Reefer,2706.87,True,2711.02,2680.93,2613.5,2674.12
TR-046883,2025-10-24,Dry Van,1930.36,True,1896.78,1869.66,1825.98,1940.78
TR-046884,2025-10-24,Dry Van,877.06,True,880.24,858.06,844.62,878.68
TR-046885,2025-10-24,Dry Van,1760.68,True,1743.78,1726.42,1673.24,1809.87
TR-046886,2025-10-24,Dry Van,1657.13,True,1628.24,1614.71,1561.6,1647.81
TR-046887,2025-10-24,Dry Van,3536.49,True,3510.86,3500.65,3370.3,3521.56
TR-046888,2025-10-24,Dry Van,1843.39,True,1811.92,1768.75,1741.37,1802.06
TR-046889,2025-10-24,Reefer,2850.6,True,2773.45,2740.49,2658.68,2736.4
TR-046890,2025-10-24,Dry Van,1834.67,True,1791.83,1753.98,1715.35,1834.96
TR-046891,2025-10-24,Dry Van,2720.09,True,2654.03,2598.55,2541.76,2609.29
TR-046892,2025-10-24,Flatbed,4049.7,True,4066.64,4057.1,3905.14,4136.32
TR-046893,2025-10-25,Flatbed,2168.46,True,2148.58,2067.09,2054.81,2127.8
TR-046894,2025-10-25,Dry Van,824.89,True,819.59,815.9,784.47,824.19
TR-046895,2025-10-25,Dry Van,3542.49,True,3500.78,3499.74,3386.34,3513.67
TR-046896,2025-10-25,Flatbed,2423.51,True,2435.87,2401.01,2341.49,2453.65
TR-046897,2025-10-25,Dry Van,1054.99,True,1051.75,1050.1,1009.47,1010.33
TR-046898,2025-10-25,Flatbed,1499.88,True,1465.21,1485.72,1413.12,1456.99
TR-046899,2025-10-25,Dry Van,1700.4,True,1668.86,1634.01,1601.61,1672.43
TR-046900,2025-10-25,Dry Van,394.21,True,385.37,364.93,373.09,373.59
TR-046901,2025-10-25,Dry Van,1338.77,True,1315.38,1290.2,1270.17,1346.64
TR-046902,2025-10-25,Dry Van,519.46,True,508.21,506.8,490.65,486.92
TR-046903,2025-10-25,Flatbed,506.74,True,501.68,503.05,482.64,494.35
TR-046904,2025-10-25,Dry Van,5194.25,True,5166.37,5063.1,4970.34,5226.82
TR-046905,2025-10-25,Dry Van,3421.33,True,3382.74,3396.11,3249.01,3402.57
TR-046906,2025-10-25,Reefer,2192.85,True,2208.84,2172.04,2120.27,2284.36
TR-046907,2025-10-25,Dry Van,2772.67,True,2707.85,2705.06,2591.89,2679.99
TR-046908,2025-10-25,Flatbed,858.95,True,843.81,860.51,812.17,803.57
TR-046909,2025-10-25,Flatbed,3442.24,True,3410.93,3380.9,3289.32,3461.8
TR-046910,2025-10-25,Dry Van,4007.86,True,3990.23,3950.14,3832.91,4032.75
TR-046911,2025-10-25,Dry Van,3533.47,True,3525.7,3441.35,3402.44,3588.07
TR-046912,2025-10-25,Dry Van,5124.21,True,5145.05,5021.21,4952.91,5065.06
TR-046913,2025-10-25,Dry Van,4082.26,True,4004.72,3959.15,3863.28,4020.09
TR-046914,2025-10-25,Dry Van,361.46,True,360.47,345.83,345.53,347.97
TR-046915,2025-10-25,Dry Van,1753.15,True,1762.26,1752.04,1699.59,1806.69
TR-046916,2025-10-25,Flatbed,193.34,False,677.95,671.67,649.13,681.2
TR-046917,2025-10-25,Dry Van,1519.81,True,1500.84,1484.51,1443.05,1491.09
TR-046918,2025-10-25,Dry Van,2580.8,True,2493.26,2496.48,2391.12,2527.01
TR-046919,2025-10-25,Dry Van,4092.76,True,4120.7,4096.1,3959.19,4137.41
TR-046920,2025-10-25,Dry Van,2131.5,True,2117.77,2111.33,2030.9,2116.03
TR-046921,2025-10-25,Dry Van,3939.01,True,3995.58,3964.35,3842.38,3978.46
TR-046922,2025-10-25,Reefer,2286.05,True,2229.58,2149.78,2144.7,2203.39
TR-046923,2025-10-25,Dry Van,1223.1,True,1203.41,1173.53,1150.87,1198.03
TR-046924,2025-10-25,Dry Van,2033.55,True,1993.63,1945.47,1913.45,2030.82
TR-046925,2025-10-25,Dry Van,1547.7,True,1543.03,1531.41,1482.42,1576.42
TR-046926,2025-10-25,Flatbed,2775.97,True,2733.56,2781.64,2614.79,2770.58
TR-046927,2025-10-25,Flatbed,2267.05,True,2267.54,2270.17,2171.28,2287.44
TR-046928,2025-10-25,Dry Van,2285.95,True,2320.98,2322.92,2228.49,2318.88
TR-046929,2025-10-25,Flatbed,1934.56,True,1897.06,1864.64,1829.36,1885.22
TR-046930,2025-10-25,Dry Van,960.9,True,966.32,939.99,931.27,961.77
TR-046931,2025-10-25,Reefer,3321.85,True,3308.03,3285.68,3183.72,3156.4
TR-046932,2025-10-25,Dry Van,2138.88,True,2108.89,2092.86,2020.22,2115.36
TR-046933,2025-10-25,Reefer,2064.59,True,2077.19,2026.93,1986.46,2051.24
TR-046934,2025-10-25,Flatbed,5088.39,True,4941.97,4893.18,4749.51,4995.84
TR-046935,2025-10-25,Reefer,1120.58,True,1140.94,1120.97,1090.99,1144.92
TR-046936,2025-10-25,Dry Van,3792.49,True,3744.83,3682.22,3594.48,3747.45
TR-046937,2025-10-25,Dry Van,2333.64,True,2305.28,2263.84,2214.44,2323.46
TR-046938,2025-10-25,Reefer,1505.32,True,1524.54,1509.21,1467.15,1548.49
TR-046939,2025-10-25,Flatbed,2956.38,True,2882.72,2830.35,2758.13,2827.08
TR-046940,2025-10-25,Dry Van,1714.9,True,1704.98,1693.08,1627.7,1723.71
TR-046941,2025-10-25,Flatbed,4096.18,True,4009.54,3964.18,3857.71,4060.48
TR-046942,2025-10-25,Dry Van,1983.74,True,1964.64,1880.57,1878.73,1973.74
TR-046943,2025-10-25,Flatbed,3072.03,True,3000.94,2924.95,2895.51,2963.9
TR-046944,2025-10-25,Reefer,353.74,True,342.16,343.47,329.92,328.64
TR-046945,2025-10-25,Dry Van,4059.09,True,3990.12,3960.62,3835.05,4017.38
TR-046946,2025-10-25,Dry Van,680.55,True,674.61,680.68,648.59,672.93
TR-046947,2025-10-25,Dry Van,887.53,True,848.26,841.8,810.75,812.07
TR-046948,2025-10-25,Reefer,714.42,True,720.87,721.9,692.14,683.88
TR-046949,2025-10-25,Dry Van,1673.57,True,1677.59,1628.12,1610.78,1682.54
TR-046950,2025-10-25,Dry Van,751.87,True,749.29,752.89,721.27,718.89
TR-046951,2025-10-25,Dry Van,1492.31,True,1463.85,1439.76,1400.48,1447.04
TR-046952,2025-10-25,Dry Van,1059.77,True,1047.97,1030.67,1001.81,1056.92
TR-046953,2025-10-25,Dry Van,1370.51,True,1324.07,1300.58,1268.22,1316.6
TR-046954,2025-10-25,Reefer,2252.81,True,2247.43,2202.63,2167.1,2240.81
TR-046955,2025-10-25,Dry Van,2196.46,True,2182.86,2165.28,2101.36,2191.69
TR-046956,2025-10-25,Reefer,6393.87,True,6413.72,6205.09,6156.02,6144.73
TR-046957,2025-10-25,Dry Van,1279.85,True,1270.4,1240.24,1217.09,1300.64
TR-046958,2025-10-25,Dry Van,3198.68,True,3216.72,3183.61,3113.22,3270.81
TR-046959,2025-10-25,Dry Van,2844.94,True,2825.24,2777.51,2713.02,2814.17
TR-046960,2025-10-25,Reefer,2515.87,True,2481.9,2397.01,2397.06,2444.43
TR-046961,2025-10-25,Reefer,2616.17,True,2606.56,2527.99,2506.67,2600.14
TR-046962,2025-10-25,Reefer,2227.13,True,2164.12,2115.17,2070.17,2169.45
TR-046963,2025-10-25,Flatbed,5362.45,True,5307.83,5155.0,5091.71,5250.43
TR-046964,2025-10-25,Dry Van,1397.89,True,1403.4,1381.24,1349.75,1437.07
TR-046965,2025-10-25,Flatbed,876.75,True,870.35,876.74,834.9,877.36
TR-046966,2025-10-25,Reefer,2865.13,True,2797.51,2735.61,2696.82,2814.46
TR-046967,2025-10-25,Dry Van,3264.18,True,3205.48,3197.72,3094.37,3263.06
TR-046968,2025-10-25,Dry Van,3843.33,True,3817.26,3779.2,3665.89,3875.86
TR-046969,2025-10-25,Flatbed,1834.44,True,1832.38,1815.54,1756.75,1866.82
TR-046970,2025-10-25,Dry Van,1668.77,True,1622.63,1556.36,1557.81,1618.86
TR-046971,2025-10-25,Dry Van,1873.64,True,1896.06,1846.44,1827.14,1906.61
TR-046972,2025-10-25,Reefer,1896.67,True,1852.76,1832.25,1791.45,1900.58
TR-046973,2025-10-25,Dry Van,2854.8,True,2831.62,2804.07,2712.15,2794.5
TR-046974,2025-10-25,Reefer,2317.04,True,2263.23,2231.05,2187.04,2304.64
TR-046975,2025-10-25,Dry Van,1347.61,True,1307.61,1287.39,1248.5,1267.39
TR-046976,2025-10-25,Dry Van,2020.36,True,1998.05,1993.35,1918.65,1955.12
TR-046977,2025-10-25,Reefer,5504.73,True,5426.97,5299.74,5234.12,5261.39
TR-046978,2025-10-25,Dry Van,729.69,True,732.34,727.14,704.66,722.25
TR-046979,2025-10-25,Reefer,287.65,True,285.85,238.53,275.53,277.62
TR-046980,2025-10-25,Reefer,1955.15,False,4390.91,4428.21,4224.06,4310.02
TR-046981,2025-10-25,Dry Van,2232.83,True,2216.0,2171.61,2136.32,2197.9
TR-046982,2025-10-25,Reefer,4704.57,True,4679.25,4612.32,4521.24,4720.48
TR-046983,2025-10-25,Dry Van,882.19,True,868.27,849.63,833.8,877.17
TR-046984,2025-10-25,Dry Van,927.8,True,902.47,884.48,862.98,888.03
TR-046985,2025-10-25,Dry Van,1228.72,True,1207.47,1166.6,1164.72,1191.94
TR-046986,2025-10-25,Reefer,2975.48,True,2997.46,2962.61,2894.41,2977.64
TR-046987,2025-10-25,Dry Van,3145.82,True,3064.99,2994.09,2935.82,3060.73
TR-046988,2025-10-25,Dry Van,2111.77,True,2026.44,2011.4,1948.6,2031.61
TR-046989,2025-10-25,Reefer,999.58,True,982.08,1010.96,941.18,964.24
TR-046990,2025-10-25,Dry Van,4468.02,True,4481.98,4460.78,4310.45,4503.96
TR-046991,2025-10-25,Reefer,2834.71,True,2791.6,2732.34,2676.6,2764.57
TR-046992,2025-10-25,Flatbed,3645.57,True,3690.09,3683.56,3554.37,3683.98
TR-046993,2025-10-25,Dry Van,2165.8,True,2145.72,2130.08,2074.19,2158.46
TR-046994,2025-10-25,Dry Van,2232.43,True,2178.32,2130.32,2093.53,2195.77
TR-046995,2025-10-25,Dry Van,2607.9,True,2558.6,2493.17,2465.13,2588.66
TR-046996,2025-10-25,Dry Van,1177.69,True,1159.46,1115.87,1108.45,1160.09
TR-046997,2025-10-25,Dry Van,908.07,True,893.09,874.87,859.75,906.02
TR-046998,2025-10-25,Reefer,2156.17,True,2137.96,2117.41,2056.54,2181.39
TR-046999,2025-10-25,Dry Van,768.23,True,771.7,751.97,739.23,759.21
TR-047000,2025-10-25,Dry Van,1000.2,True,980.69,949.03,947.64,984.05
TR-047001,2025-10-25,Dry Van,2022.55,True,1988.85,1913.62,1906.78,1993.43
TR-047002,2025-10-25,Dry Van,232.16,False,557.39,560.25,537.78,549.68
TR-047003,2025-10-25,Reefer,1712.44,True,1680.12,1626.89,1616.52,1661.59
TR-047004,2025-10-25,Dry Van,1638.62,True,1591.12,1582.88,1523.63,1573.47
TR-047005,2025-10-25,Flatbed,5783.94,True,5514.8,5457.21,5312.71,5364.87
TR-047006,2025-10-25,Reefer,4325.87,True,4294.38,4195.2,4128.76,4322.4
TR-047007,2025-10-25,Flatbed,4102.43,True,4087.18,4029.8,3944.4,4003.38
TR-047008,2025-10-25,Flatbed,2084.15,True,2115.08,2058.82,2026.39,2083.08
TR-047009,2025-10-25,Dry Van,2062.62,True,2041.16,2022.1,1962.96,2025.68
TR-047010,2025-10-25,Flatbed,1514.16,True,1508.67,1519.02,1456.93,1513.73
TR-047011,2025-10-25,Dry Van,4488.55,True,4439.77,4375.4,4276.95,4431.76
TR-047012,2025-10-25,Flatbed,4502.22,True,4324.67,4243.16,4154.01,4298.37
TR-047013,2025-10-25,Reefer,1148.13,True,1169.94,1129.2,1116.55,1196.93
TR-047014,2025-10-25,Reefer,1550.93,True,1490.69,1459.25,1426.99,1465.15
TR-047015,2025-10-25,Dry Van,621.03,True,617.67,614.04,591.97,599.48
TR-047016,2025-10-25,Reefer,1630.48,True,1598.98,1574.04,1535.34,1638.15
TR-047017,2025-10-25,Dry Van,503.56,True,488.76,485.67,468.72,489.32
TR-047018,2025-10-25,Flatbed,3910.78,True,3827.67,3764.93,3681.42,3787.05
TR-047019,2025-10-25,Dry Van,3313.8,True,3329.97,3282.05,3197.24,3371.61
TR-047020,2025-10-25,Dry Van,705.41,True,700.37,705.54,670.68,689.84
TR-047021,2025-10-25,Dry Van,3831.16,True,3704.93,3669.16,3557.93,3756.64
TR-047022,2025-10-25,Dry Van,3677.44,True,3593.07,3581.72,3456.55,3618.52
TR-047023,2025-10-25,Dry Van,3306.69,True,3194.66,3158.52,3054.27,3218.47
TR-047024,2025-10-25,Flatbed,1086.2,True,1091.95,1082.27,1051.17,1105.36
TR-047025,2025-10-25,Dry Van,809.72,True,831.66,822.89,798.12,806.86
TR-047026,2025-10-25,Dry Van,1850.22,True,1843.42,1790.17,1765.71,1841.14
TR-047027,2025-10-25,Flatbed,3629.01,True,3637.92,3631.95,3502.66,3665.06
TR-047028,2025-10-25,Dry Van,1753.44,True,1758.63,1723.83,1689.0,1774.98
TR-047029,2025-10-25,Reefer,4322.72,True,4341.77,4236.93,4156.58,4249.08
TR-047030,2025-10-25,Reefer,2545.72,True,2519.13,2465.21,2421.28,2520.64
TR-047031,2025-10-25,Flatbed,1831.3,True,1773.11,1763.43,1700.21,1797.5
TR-047032,2025-10-25,Dry Van,2527.94,True,2491.04,2500.05,2391.95,2506.3
TR-047033,2025-10-25,Flatbed,2811.06,True,2770.61,2660.63,2663.86,2741.03
TR-047034,2025-10-25,Dry Van,2014.89,True,2006.06,1991.55,1927.72,2020.8
TR-047035,2025-10-25,Reefer,2753.01,True,2716.04,2663.95,2602.68,2649.04
TR-047036,2025-10-25,Reefer,638.47,True,635.76,627.39,612.05,614.22
TR-047037,2025-10-25,Dry Van,1552.97,True,1575.77,1548.64,1506.29,1590.3
TR-047038,2025-10-25,Flatbed,2860.54,True,2820.51,2783.83,2703.66,2776.98
TR-047039,2025-10-25,Dry Van,1000.42,True,968.61,949.88,934.01,954.08
TR-047040,2025-10-25,Reefer,1423.75,True,1420.58,1424.02,1355.16,1477.05
TR-047041,2025-10-25,Flatbed,550.15,True,573.49,558.52,549.51,555.6
TR-047042,2025-10-25,Dry Van,3613.02,True,3600.94,3517.53,3466.32,3594.0
TR-047043,2025-10-25,Dry Van,3992.29,True,3962.29,3889.83,3809.02,3834.83
TR-047044,2025-10-25,Dry Van,820.69,True,814.93,811.04,785.3,796.25
TR-047045,2025-10-25,Dry Van,1142.57,True,1150.91,1116.19,1105.33,1165.13
TR-047046,2025-10-25,Dry Van,1583.21,True,1540.24,1524.95,1479.27,1539.89
TR-047047,2025-10-25,Dry Van,904.35,True,887.49,885.59,850.54,875.83
TR-047048,2025-10-25,Dry Van,856.49,True,831.1,823.55,802.86,838.19
TR-047049,2025-10-25,Dry Van,3438.35,True,3444.68,3435.51,3305.47,3449.08
TR-047050,2025-10-25,Reefer,999.99,True,987.56,970.02,947.01,988.81
TR-047051,2025-10-25,Reefer,4391.4,True,4330.03,4318.0,4180.37,4390.09
TR-047052,2025-10-25,Dry Van,1713.46,True,1672.19,1647.19,1611.55,1669.96
TR-047053,2025-10-25,Reefer,4830.23,True,4930.13,4844.53,4736.5,4902.1
TR-047054,2025-10-25,Dry Van,3839.87,True,3721.85,3708.81,3587.03,3728.56
TR-047055,2025-10-25,Dry Van,562.6,True,558.76,540.95,539.35,533.59
TR-047056,2025-10-25,Dry Van,1876.18,True,1885.56,1862.24,1815.82,1929.6
TR-047057,2025-10-26,Dry Van,1075.78,True,1073.66,1045.84,1026.67,1092.95
TR-047058,2025-10-26,Flatbed,467.14,True,476.27,472.97,452.13,467.32
TR-047059,2025-10-26,Dry Van,2669.92,True,2612.5,2549.45,2509.06,2632.36
TR-047060,2025-10-26,Reefer,2629.73,True,2643.37,2612.04,2538.46,2663.24
TR-047061,2025-10-26,Dry Van,2729.68,True,2760.18,2721.25,2627.17,2766.61
TR-047062,2025-10-26,Reefer,2785.11,True,2736.8,2715.67,2615.47,2779.16
TR-047063,2025-10-26,Reefer,1877.18,True,1893.84,1872.49,1823.59,1884.87
TR-047064,2025-10-26,Dry Van,1208.17,True,1182.84,1174.82,1137.44,1209.18
TR-047065,2025-10-26,Dry Van,2493.38,True,2486.32,2459.89,2382.4,2494.17
TR-047066,2025-10-26,Flatbed,2134.04,True,2142.29,2116.36,2060.21,2126.63
TR-047067,2025-10-26,Reefer,5961.73,True,6017.36,5927.55,5765.77,5812.77
TR-047068,2025-10-26,Dry Van,1043.04,True,1019.28,1006.58,977.07,1008.53
TR-047069,2025-10-26,Dry Van,1604.57,True,1576.19,1533.79,1519.95,1604.25
TR-047070,2025-10-26,Dry Van,2177.93,True,2131.97,2098.62,2031.2,2114.31
TR-047071,2025-10-26,Dry Van,2723.05,True,2640.17,2608.63,2522.62,2635.95
TR-047072,2025-10-26,Dry Van,2322.67,True,2347.86,2238.15,2242.61,2334.99
TR-047073,2025-10-26,Reefer,316.19,True,305.78,317.52,294.53,299.45
TR-047074,2025-10-26,Dry Van,1538.13,True,1517.04,1501.64,1446.85,1561.32
TR-047075,2025-10-26,Reefer,2218.04,True,2212.26,2161.54,2122.28,2178.09
TR-047076,2025-10-26,Flatbed,2165.46,True,2082.26,2111.77,1993.74,2070.99
TR-047077,2025-10-26,Dry Van,796.48,True,796.7,777.09,764.13,780.78
TR-047078,2025-10-26,Flatbed,1035.14,True,1031.04,1028.92,991.34,1032.56
TR-047079,2025-10-26,Reefer,4339.62,True,4239.4,4154.54,4086.73,4196.69
TR-047080,2025-10-26,Reefer,1204.52,True,1174.65,1149.35,1127.23,1181.68
TR-047081,2025-10-26,Dry Van,1202.43,True,1178.71,1134.42,1121.44,1209.64
TR-047082,2025-10-26,Reefer,4601.72,True,4504.16,4377.48,4313.35,4477.8
TR-047083,2025-10-26,Reefer,3094.01,True,3038.78,2990.03,2891.72,3019.92
TR-047084,2025-10-26,Dry Van,3508.16,True,3503.11,3412.3,3350.76,3485.95
TR-047085,2025-10-26,Dry Van,1173.87,True,1148.41,1178.17,1100.7,1128.83
TR-047086,2025-10-26,Flatbed,2992.98,True,2988.59,2983.28,2856.11,2932.26
TR-047087,2025-10-26,Reefer,1221.18,True,1189.05,1185.52,1146.02,1170.76
TR-047088,2025-10-26,Dry Van,3365.79,True,3348.09,3319.25,3215.76,3403.34
TR-047089,2025-10-26,Dry Van,999.35,True,997.41,977.52,951.29,976.1
TR-047090,2025-10-26,Dry Van,716.5,True,712.62,696.08,677.94,705.97
TR-047091,2025-10-26,Dry Van,3386.88,True,3352.07,3295.64,3216.03,3394.23
TR-047092,2025-10-26,Reefer,4523.93,True,4493.85,4475.48,4315.53,4536.91
TR-047093,2025-10-26,Dry Van,1609.02,True,1580.65,1565.3,1505.46,1584.65
TR-047094,2025-10-26,Flatbed,1624.53,True,1635.22,1615.35,1561.23,1618.68
TR-047095,2025-10-26,Flatbed,1310.28,True,1252.14,1270.13,1204.96,1249.04
TR-047096,2025-10-26,Dry Van,576.36,True,579.64,566.75,558.95,561.59
TR-047097,2025-10-26,Dry Van,3738.72,True,3677.34,3688.37,3537.27,3615.88
TR-047098,2025-10-26,Dry Van,1184.51,True,1190.37,1177.04,1145.99,1179.6
TR-047099,2025-10-26,Dry Van,903.88,True,907.0,881.69,871.01,892.96
TR-047100,2025-10-26,Dry Van,1480.21,True,1467.09,1437.63,1400.18,1444.16
TR-047101,2025-10-26,Dry Van,1939.16,True,1875.3,1849.29,1791.3,1893.18
TR-047102,2025-10-26,Dry Van,1586.46,True,1550.38,1522.85,1467.86,1576.68
TR-047103,2025-10-26,Flatbed,525.86,True,517.43,502.73,497.32,493.38
TR-047104,2025-10-26,Dry Van,1096.6,True,1101.21,1081.5,1050.79,1128.14
TR-047105,2025-10-26,Dry Van,897.24,True,901.37,884.7,859.82,868.26
TR-047106,2025-10-26,Flatbed,3777.14,True,3781.98,3869.78,3636.76,3735.84
TR-047107,2025-10-26,Dry Van,1747.26,True,1726.06,1700.65,1650.69,1742.27
TR-047108,2025-10-26,Dry Van,3631.71,True,3600.21,3670.72,3447.8,3658.12
TR-047109,2025-10-26,Dry Van,750.84,True,737.85,745.89,709.39,729.27
TR-047110,2025-10-26,Flatbed,1947.04,True,1946.41,1926.82,1860.66,1951.5
TR-047111,2025-10-26,Dry Van,3150.87,True,3128.7,3106.75,2997.44,3082.47
TR-047112,2025-10-26,Flatbed,2372.96,True,2344.53,2319.26,2233.17,2302.01
TR-047113,2025-10-26,Reefer,1601.61,True,1565.7,1574.15,1504.43,1558.75
TR-047114,2025-10-26,Dry Van,3251.97,True,3210.8,3154.01,3084.65,3108.47
TR-047115,2025-10-26,Dry Van,1375.7,True,1350.45,1348.73,1294.79,1365.2
TR-047116,2025-10-26,Dry Van,4391.77,True,4401.27,4396.4,4208.16,4427.36
TR-047117,2025-10-26,Reefer,610.81,True,607.87,618.05,579.89,602.48
TR-047118,2025-10-26,Dry Van,1954.43,True,1907.95,1907.57,1822.86,1912.46
TR-047119,2025-10-26,Dry Van,363.75,True,360.77,348.45,346.94,356.66
TR-047120,2025-10-26,Dry Van,1581.12,True,1558.89,1495.86,1491.4,1551.17
TR-047121,2025-10-26,Dry Van,2855.03,True,2825.85,2899.22,2711.03,2843.8
TR-047122,2025-10-26,Dry Van,2315.97,True,2274.74,2211.72,2179.56,2281.03
TR-047123,2025-10-26,Flatbed,1039.88,True,1023.18,1010.2,979.29,978.46
TR-047124,2025-10-26,Flatbed,1768.74,True,1757.35,1743.5,1674.25,1775.01
TR-047125,2025-10-26,Dry Van,4009.09,True,3928.75,3862.13,3754.36,3784.03
TR-047126,2025-10-26,Reefer,1435.58,True,1415.86,1407.97,1354.7,1418.06
TR-047127,2025-10-26,Flatbed,2449.02,True,2392.83,2352.42,2282.43,2362.45
TR-047128,2025-10-26,Dry Van,3162.5,True,3084.69,3060.31,2962.14,3124.64
TR-047129,2025-10-26,Reefer,1419.17,True,1352.15,1378.74,1298.86,1368.08
TR-047130,2025-10-26,Dry Van,1514.44,True,1484.36,1433.04,1416.28,1501.19
TR-047131,2025-10-26,Dry Van,1809.27,True,1798.85,1748.12,1720.12,1823.77
TR-047132,2025-10-26,Flatbed,4673.35,True,4581.81,4577.99,4376.9,4535.34
TR-047133,2025-10-26,Dry Van,204.65,True,199.36,229.62,192.52,196.53
TR-047134,2025-10-26,Flatbed,3786.22,True,3808.68,3830.52,3646.69,3842.59
TR-047135,2025-10-26,Dry Van,2924.77,True,2942.53,2901.04,2826.37,2959.37
TR-047136,2025-10-26,Flatbed,4470.57,True,4458.88,4476.62,4273.32,4345.95
TR-047137,2025-10-26,Reefer,2093.28,True,2131.45,2098.3,2025.25,2148.29
TR-047138,2025-10-26,Dry Van,804.46,True,788.26,768.56,755.44,751.69
TR-047139,2025-10-26,Dry Van,1283.69,True,1268.78,1248.17,1216.28,1293.1
TR-047140,2025-10-26,Reefer,2333.08,True,2263.87,2180.21,2169.28,2236.17
TR-047141,2025-10-26,Flatbed,2746.68,True,2673.32,2646.59,2574.24,2653.97
TR-047142,2025-10-26,Reefer,832.66,True,846.53,819.55,806.34,847.65
TR-047143,2025-10-26,Dry Van,5189.37,True,5367.65,5303.1,5115.94,5214.12
TR-047144,2025-10-26,Reefer,2265.6,True,2161.76,2134.46,2070.3,2143.56
TR-047145,2025-10-26,Dry Van,1134.75,True,1142.28,1121.34,1096.68,1131.94
TR-047146,2025-10-26,Flatbed,2539.5,True,2482.71,2446.09,2387.19,2490.33
TR-047147,2025-10-26,Dry Van,1265.17,True,1239.08,1195.92,1187.47,1234.77
TR-047148,2025-10-26,Dry Van,2443.52,True,2373.84,2381.15,2267.66,2391.65
TR-047149,2025-10-26,Dry Van,936.09,True,923.97,904.43,890.36,945.86
TR-047150,2025-10-26,Reefer,4903.27,True,4778.22,4806.82,4557.64,4709.0
TR-047151,2025-10-26,Dry Van,4915.66,True,4756.86,4775.11,4544.59,4680.42
TR-047152,2025-10-26,Dry Van,690.82,True,695.71,675.2,664.7,673.54
TR-047153,2025-10-26,Dry Van,3352.24,True,3327.55,3324.73,3172.6,3224.6
TR-047154,2025-10-26,Reefer,4219.08,True,4097.99,4052.1,3936.45,4112.08
TR-047155,2025-10-26,Dry Van,1518.42,True,1494.07,1493.26,1428.98,1491.58
TR-047156,2025-10-26,Dry Van,2197.26,True,2135.39,2104.77,2052.06,2145.82
TR-047157,2025-10-26,Reefer,2318.07,True,2338.68,2282.79,2232.68,2367.02
TR-047158,2025-10-26,Flatbed,2344.86,True,2301.72,2306.67,2200.14,2305.05
TR-047159,2025-10-26,Flatbed,1832.09,True,1832.85,1803.18,1739.9,1745.7
TR-047160,2025-10-26,Flatbed,2110.46,True,2122.6,2108.76,2019.28,2139.35
TR-047161,2025-10-26,Dry Van,2966.79,True,2913.49,2843.45,2791.24,2917.89
TR-047162,2025-10-26,Dry Van,1199.79,True,1182.97,1155.09,1130.32,1168.98
TR-047163,2025-10-26,Dry Van,1790.95,True,1791.9,1763.98,1705.26,1785.27
TR-047164,2025-10-26,Dry Van,4273.4,True,4137.88,3993.39,3982.77,4036.7
TR-047165,2025-10-26,Reefer,1994.42,True,1965.06,1911.23,1875.83,1975.5
TR-047166,2025-10-26,Reefer,2375.65,True,2288.37,2208.23,2181.24,2272.88
TR-047167,2025-10-26,Dry Van,229.4,True,228.24,230.57,218.6,227.48
TR-047168,2025-10-26,Dry Van,1825.29,True,1833.39,1821.62,1749.23,1841.44
TR-047169,2025-10-26,Flatbed,1150.95,True,1109.68,1124.13,1063.45,1120.92
TR-047170,2025-10-26,Dry Van,2146.33,True,2129.87,2126.23,2051.03,2141.69
TR-047171,2025-10-26,Dry Van,754.81,True,739.56,731.53,714.18,730.58
TR-047172,2025-10-26,Dry Van,490.24,True,498.21,489.99,475.48,480.51
TR-047173,2025-10-26,Flatbed,5270.27,True,5124.0,5042.57,4911.69,4996.33
TR-047174,2025-10-26,Dry Van,1464.49,True,1409.47,1380.63,1342.11,1391.48
TR-047175,2025-10-26,Dry Van,2065.37,True,2050.73,2032.07,1962.2,2020.5
TR-047176,2025-10-26,Flatbed,1798.36,True,1784.5,1780.35,1710.31,1780.12
TR-047177,2025-10-26,Dry Van,628.05,True,606.85,613.61,582.83,592.13
TR-047178,2025-10-26,Dry Van,2205.02,True,2162.9,2092.53,2059.78,2118.09
TR-047179,2025-10-26,Reefer,1831.61,True,1820.12,1807.94,1739.01,1853.51
TR-047180,2025-10-26,Flatbed,2346.99,True,2320.52,2263.02,2238.7,2289.35
TR-047181,2025-10-26,Reefer,2915.38,True,2860.79,2810.47,2720.8,2840.8
TR-047182,2025-10-26,Reefer,658.0,True,660.59,650.16,635.05,669.43
TR-047183,2025-10-26,Dry Van,4472.38,True,4416.68,4530.76,4238.18,4372.93
TR-047184,2025-10-26,Reefer,2212.41,True,2182.48,2154.42,2075.1,2148.95
TR-047185,2025-10-26,Dry Van,1003.07,True,986.92,972.38,942.67,992.86
TR-047186,2025-10-26,Flatbed,2525.13,True,2478.19,2456.98,2386.05,2481.78
TR-047187,2025-10-26,Flatbed,1105.06,True,1078.41,1073.97,1032.21,1071.34
TR-047188,2025-10-26,Flatbed,1316.35,True,1297.38,1292.29,1234.56,1300.67
TR-047189,2025-10-26,Flatbed,5248.45,True,5161.13,5124.81,4970.2,5173.25
TR-047190,2025-10-26,Dry Van,1069.29,True,1060.93,1040.5,1017.5,1056.28
TR-047191,2025-10-26,Dry Van,2366.62,True,2292.8,2237.72,2191.2,2312.04
TR-047192,2025-10-26,Dry Van,1946.38,True,1980.14,1954.88,1902.58,1957.82
TR-047193,2025-10-26,Reefer,2925.5,True,2850.8,2824.77,2724.57,2837.94
TR-047194,2025-10-26,Dry Van,2284.63,True,2187.92,2203.3,2099.81,2160.94
TR-047195,2025-10-26,Dry Van,1422.5,True,1406.98,1356.99,1353.79,1428.9
TR-047196,2025-10-26,Flatbed,2401.67,True,2401.62,2386.46,2300.74,2386.01
TR-047197,2025-10-26,Dry Van,327.17,True,322.86,316.03,309.29,314.88
TR-047198,2025-10-26,Dry Van,1329.96,True,1317.76,1301.76,1263.9,1338.57
TR-047199,2025-10-26,Reefer,1020.81,True,978.0,998.62,933.05,959.57
TR-047200,2025-10-26,Flatbed,3684.06,True,3630.95,3573.91,3470.27,3590.45
TR-047201,2025-10-26,Reefer,1470.86,True,1431.32,1420.35,1360.14,1437.56
TR-047202,2025-10-26,Dry Van,2831.48,True,2935.95,2884.48,2812.92,2914.14
TR-047203,2025-10-26,Dry Van,4296.46,True,4192.52,4177.94,4003.43,4133.73
TR-047204,2025-10-26,Flatbed,3567.75,True,3546.9,3461.38,3390.18,3511.73
TR-047205,2025-10-27,Dry Van,2119.21,True,2119.88,2097.96,2033.74,2080.33
TR-047206,2025-10-27,Flatbed,1584.08,True,1602.38,1579.2,1538.9,1588.21
TR-047207,2025-10-27,Dry Van,3084.43,True,3093.41,3027.39,2971.21,3083.38
TR-047208,2025-10-27,Dry Van,3030.94,True,3014.6,2980.06,2937.53,3011.82
TR-047209,2025-10-27,Reefer,1576.31,True,1535.16,1512.99,1471.93,1511.78
TR-047210,2025-10-27,Dry Van,3628.01,True,3600.9,3547.22,3441.76,3571.09
TR-047211,2025-10-27,Dry Van,2322.3,True,2319.4,2248.35,2224.88,2296.43
TR-047212,2025-10-27,Dry Van,2454.04,True,2462.66,2418.29,2371.14,2517.59
TR-047213,2025-10-27,Dry Van,4056.14,True,3998.66,3985.83,3822.83,4024.53
TR-047214,2025-10-27,Flatbed,1807.01,True,1791.72,1774.94,1716.14,1783.54
TR-047215,2025-10-27,Flatbed,3782.13,True,3723.66,3662.33,3580.03,3691.13
TR-047216,2025-10-27,Flatbed,1723.55,True,1655.61,1636.35,1590.89,1617.66
TR-047217,2025-10-27,Reefer,3953.78,True,3966.24,3999.34,3834.13,3966.53
TR-047218,2025-10-27,Flatbed,1711.52,True,1646.29,1635.43,1575.97,1648.15
TR-047219,2025-10-27,Flatbed,420.2,True,417.95,428.53,400.11,403.74
TR-047220,2025-10-27,Dry Van,610.07,True,615.62,609.54,595.94,606.5
TR-047221,2025-10-27,Reefer,2265.35,True,2209.9,2153.22,2110.9,2216.46
TR-047222,2025-10-27,Reefer,2055.67,True,2020.17,2010.19,1932.02,2014.69
TR-047223,2025-10-27,Flatbed,841.61,True,837.12,836.53,800.55,822.88
TR-047224,2025-10-27,Dry Van,3190.69,True,3164.46,3149.86,3041.17,3182.23
TR-047225,2025-10-27,Dry Van,2582.43,True,2500.61,2495.16,2382.31,2494.22
TR-047226,2025-10-27,Dry Van,4550.45,True,4497.5,4487.19,4307.29,4449.51
TR-047227,2025-10-27,Dry Van,1076.88,True,1056.97,1048.13,1007.93,1054.73
TR-047228,2025-10-27,Dry Van,422.77,True,421.97,426.06,404.93,418.66
TR-047229,2025-10-27,Flatbed,2037.77,True,2032.92,2009.07,1955.52,2027.74
TR-047230,2025-10-27,Reefer,1126.61,True,1102.35,1097.72,1048.92,1117.59
TR-047231,2025-10-27,Dry Van,1358.41,True,1353.94,1325.84,1303.77,1343.82
TR-047232,2025-10-27,Dry Van,1427.86,True,1410.12,1415.92,1346.71,1400.53
TR-047233,2025-10-27,Dry Van,812.38,True,817.96,805.6,784.34,821.82
TR-047234,2025-10-27,Dry Van,788.83,True,803.27,788.54,769.85,777.28
TR-047235,2025-10-27,Dry Van,3078.27,True,3010.71,2936.73,2895.17,3006.62
TR-047236,2025-10-27,Reefer,344.85,True,339.66,349.06,323.84,326.82
TR-047237,2025-10-27,Dry Van,2930.32,True,2894.3,2876.64,2772.5,2880.18
TR-047238,2025-10-27,Dry Van,777.61,True,759.65,750.56,730.21,727.65
TR-047239,2025-10-27,Dry Van,1493.29,True,1504.33,1516.85,1433.2,1519.01
TR-047240,2025-10-27,Reefer,2918.22,True,2849.39,2831.08,2737.06,2893.27
TR-047241,2025-10-27,Flatbed,2144.64,True,2133.03,2176.32,2050.34,2158.57
TR-047242,2025-10-27,Dry Van,892.17,True,883.87,859.62,843.58,883.66
TR-047243,2025-10-27,Reefer,2709.66,True,2692.66,2632.06,2593.62,2727.77
TR-047244,2025-10-27,Dry Van,2232.87,True,2290.45,2247.25,2189.3,2275.44
TR-047245,2025-10-27,Reefer,570.97,True,555.38,568.85,533.68,532.53
TR-047246,2025-10-27,Dry Van,956.7,True,948.87,950.3,905.02,943.52
TR-047247,2025-10-27,Dry Van,2367.47,True,2356.27,2346.31,2260.98,2391.14
TR-047248,2025-10-27,Flatbed,1881.5,True,1878.38,1879.86,1805.32,1909.12
TR-047249,2025-10-27,Reefer,1101.36,True,1124.35,1100.62,1081.41,1118.35
TR-047250,2025-10-27,Dry Van,3281.87,True,3187.36,3149.69,3069.9,3202.12
TR-047251,2025-10-27,Dry Van,3285.09,True,3185.75,3136.79,3053.71,3200.03
TR-047252,2025-10-27,Dry Van,1487.21,True,1489.94,1498.18,1435.83,1500.02
TR-047253,2025-10-27,Reefer,1979.85,True,1963.55,1920.35,1885.75,1924.28
TR-047254,2025-10-27,Dry Van,2463.55,True,2421.16,2371.34,2311.07,2409.77
TR-047255,2025-10-27,Reefer,2865.84,True,2862.99,2856.7,2754.66,2853.66
TR-047256,2025-10-27,Reefer,2200.08,True,2217.94,2203.7,2133.65,2213.68
TR-047257,2025-10-27,Dry Van,4098.55,True,4005.79,4020.18,3849.96,3848.59
TR-047258,2025-10-27,Dry Van,713.13,True,693.76,681.12,658.18,696.82
TR-047259,2025-10-27,Reefer,1493.65,True,1502.94,1496.17,1440.66,1512.18
TR-047260,2025-10-27,Flatbed,4291.12,True,4228.68,4264.84,4069.28,4193.07
TR-047261,2025-10-27,Reefer,5450.63,True,5438.83,5318.94,5227.35,5269.94
TR-047262,2025-10-27,Flatbed,3452.83,True,3454.75,3382.12,3320.74,3463.49
TR-047263,2025-10-27,Dry Van,1992.41,True,1953.36,1900.63,1852.28,1912.68
TR-047264,2025-10-27,Dry Van,781.27,True,765.42,752.68,731.17,761.52
TR-047265,2025-10-27,Dry Van,1559.38,True,1565.29,1525.45,1497.14,1539.88
TR-047266,2025-10-27,Dry Van,3012.34,True,3062.2,3021.01,2935.06,2996.56
TR-047267,2025-10-27,Dry Van,2001.79,True,1983.94,1931.24,1898.45,1966.8
TR-047268,2025-10-27,Dry Van,4180.37,True,4131.39,4115.77,3965.02,3952.61
TR-047269,2025-10-27,Flatbed,1008.7,True,1013.8,996.28,975.03,1017.1
TR-047270,2025-10-27,Dry Van,1119.83,True,1064.47,1051.75,1015.99,1063.34
TR-047271,2025-10-27,Flatbed,5029.22,True,4961.37,4891.97,4759.79,4964.66
TR-047272,2025-10-27,Dry Van,485.95,True,486.22,486.93,465.41,470.42
TR-047273,2025-10-27,Dry Van,1165.7,True,1133.1,1101.06,1082.82,1109.14
TR-047274,2025-10-27,Dry Van,2037.11,True,1989.1,1959.15,1918.08,1954.31
TR-047275,2025-10-27,Reefer,5264.57,True,5110.11,5054.16,4911.36,5082.91
TR-047276,2025-10-27,Reefer,1992.37,True,1955.6,1901.09,1881.07,1952.17
TR-047277,2025-10-27,Dry Van,614.66,True,599.16,578.7,577.4,571.65
TR-047278,2025-10-27,Reefer,4113.53,True,4029.37,4045.07,3867.26,4003.75
TR-047279,2025-10-27,Reefer,4347.35,True,4469.04,4471.23,4320.77,4500.55
TR-047280,2025-10-27,Dry Van,1962.23,True,1942.39,1924.99,1841.91,1934.66
TR-047281,2025-10-27,Dry Van,1179.2,True,1182.06,1150.18,1132.29,1211.02
TR-047282,2025-10-27,Dry Van,517.3,True,504.52,498.63,483.23,489.86
TR-047283,2025-10-27,Dry Van,3901.87,True,3918.49,3889.41,3770.84,3897.35
TR-047284,2025-10-27,Flatbed,783.99,True,778.32,780.02,745.29,764.43
TR-047285,2025-10-27,Dry Van,1658.47,True,1635.6,1615.88,1562.78,1667.6
TR-047286,2025-10-27,Dry Van,2984.09,True,2877.64,2875.37,2768.27,2900.79
TR-047287,2025-10-27,Dry Van,292.09,True,282.35,271.48,269.76,276.1
TR-047288,2025-10-27,Dry Van,2375.88,True,2410.67,2404.56,2338.75,2422.79
TR-047289,2025-10-27,Flatbed,4115.51,True,4201.42,4257.2,4032.29,4176.43
TR-047290,2025-10-27,Dry Van,2571.32,True,2542.54,2500.22,2441.0,2532.03
TR-047291,2025-10-27,Flatbed,1138.74,True,1107.82,1084.15,1058.86,1071.51
TR-047292,2025-10-27,Flatbed,2899.76,True,2915.69,2938.21,2800.69,2922.14
TR-047293,2025-10-27,Reefer,5327.47,True,5310.07,5377.05,5124.6,5196.19
TR-047294,2025-10-27,Flatbed,1662.74,True,1662.34,1654.36,1590.82,1704.75
TR-047295,2025-10-27,Dry Van,1535.64,True,1525.4,1495.48,1454.96,1556.99
TR-047296,2025-10-27,Flatbed,2740.37,True,2680.9,2653.25,2598.74,2717.22
TR-047297,2025-10-27,Reefer,3171.33,True,3138.57,3090.32,3012.5,3116.34
TR-047298,2025-10-27,Flatbed,1657.15,True,1658.03,1629.53,1581.48,1679.06
TR-047299,2025-10-27,Reefer,19110.3,False,6041.45,5902.63,5781.85,5799.64
TR-047300,2025-10-27,Dry Van,1042.31,True,1003.91,1023.65,967.29,980.2
TR-047301,2025-10-27,Flatbed,4466.18,True,4428.48,4438.28,4241.13,4489.24
TR-047302,2025-10-27,Flatbed,3304.3,True,3338.24,3360.7,3187.24,3343.04
TR-047303,2025-10-27,Dry Van,5149.54,True,5070.41,5147.44,4852.0,5110.69
TR-047304,2025-10-27,Reefer,4210.91,True,4277.57,4195.4,4102.23,4264.69
TR-047305,2025-10-27,Dry Van,4473.29,True,4504.61,4443.06,4350.5,4407.75
TR-047306,2025-10-27,Dry Van,1837.59,True,1838.09,1823.98,1745.72,1861.08
TR-047307,2025-10-27,Dry Van,2456.79,True,2401.83,2351.29,2312.52,2414.33
TR-047308,2025-10-27,Reefer,2818.51,True,2847.83,2778.04,2727.6,2804.77
TR-047309,2025-10-27,Flatbed,3911.92,True,3939.16,3945.98,3767.53,3871.51
TR-047310,2025-10-27,Flatbed,4311.77,True,4157.68,4175.31,3987.63,4163.47
TR-047311,2025-10-27,Flatbed,1608.17,True,1626.76,1619.29,1562.15,1629.67
TR-047312,2025-10-27,Reefer,5637.98,True,5523.83,5669.37,5274.88,5471.28
TR-047313,2025-10-27,Dry Van,1728.39,True,1724.09,1709.73,1657.01,1711.21
TR-047314,2025-10-27,Reefer,2008.6,True,1956.61,1952.62,1870.69,1959.86
TR-047315,2025-10-27,Dry Van,1564.16,True,1528.96,1503.16,1459.41,1484.73
TR-047316,2025-10-27,Dry Van,1320.45,True,1301.56,1275.46,1248.48,1312.17
TR-047317,2025-10-27,Flatbed,3409.07,True,3420.97,3536.56,3281.53,3434.01
TR-047318,2025-10-27,Dry Van,3084.87,True,3127.01,3178.62,3004.31,3099.39
TR-047319,2025-10-27,Flatbed,2904.7,True,2919.84,2897.02,2804.14,2903.27
TR-047320,2025-10-27,Dry Van,1355.05,True,1374.49,1334.53,1320.79,1383.03
TR-047321,2025-10-27,Dry Van,968.23,True,970.56,948.27,920.74,969.16
TR-047322,2025-10-27,Dry Van,2451.68,True,2396.44,2340.8,2287.43,2389.49
TR-047323,2025-10-27,Dry Van,1040.5,True,1027.65,1005.49,985.58,1062.38
TR-047324,2025-10-27,Reefer,1729.69,True,1732.6,1694.56,1658.25,1768.13
TR-047325,2025-10-27,Dry Van,2546.21,True,2483.17,2440.53,2382.14,2464.06
TR-047326,2025-10-27,Dry Van,1149.91,True,1121.0,1096.71,1072.88,1139.7
TR-047327,2025-10-27,Dry Van,1124.24,True,1091.3,1066.75,1051.49,1099.48
TR-047328,2025-10-27,Dry Van,1078.91,True,1081.27,1069.4,1036.37,1062.44
TR-047329,2025-10-27,Flatbed,1082.86,True,1087.43,1084.71,1041.67,1128.37
TR-047330,2025-10-27,Dry Van,754.18,True,751.36,751.4,718.75,710.34
TR-047331,2025-10-27,Dry Van,1260.1,True,1273.03,1282.04,1221.76,1297.77
TR-047332,2025-10-27,Reefer,2947.21,True,2858.35,2830.29,2751.97,2885.65
TR-047333,2025-10-27,Dry Van,467.71,True,461.8,464.88,444.68,439.59
TR-047334,2025-10-27,Flatbed,1963.72,True,1905.52,1918.0,1822.49,1891.92
TR-047335,2025-10-27,Dry Van,4254.89,True,4309.86,4327.88,4125.06,4329.97
TR-047336,2025-10-27,Flatbed,2173.71,True,2123.0,2098.73,2043.82,2116.82
TR-047337,2025-10-27,Flatbed,5916.65,True,5893.23,5798.42,5650.98,5756.0
TR-047338,2025-10-27,Dry Van,2248.82,True,2192.02,2139.44,2116.31,2159.61
TR-047339,2025-10-27,Reefer,1837.42,True,1834.31,1800.44,1739.44,1871.31
TR-047340,2025-10-27,Dry Van,1909.42,True,1884.1,1852.36,1804.66,1899.64
TR-047341,2025-10-27,Dry Van,969.54,True,960.86,941.36,925.89,927.14
TR-047342,2025-10-27,Flatbed,1081.86,True,1074.08,1067.54,1023.32,1080.5
TR-047343,2025-10-27,Dry Van,880.2,True,843.09,825.12,807.62,776.91
TR-047344,2025-10-27,Flatbed,910.03,True,910.4,897.32,878.73,902.45
TR-047345,2025-10-27,Dry Van,4879.54,True,4751.79,4679.5,4581.66,4777.19
TR-047346,2025-10-27,Dry Van,5653.31,True,5494.23,5362.58,5270.91,5299.7
TR-047347,2025-10-27,Dry Van,1481.77,True,1483.39,1458.01,1417.17,1488.2
TR-047348,2025-10-27,Reefer,600.37,True,603.59,602.84,578.56,569.62
TR-047349,2025-10-27,Dry Van,1181.66,True,1178.58,1156.82,1136.62,1174.85
TR-047350,2025-10-27,Reefer,3020.37,True,3023.19,3018.33,2874.22,2964.44
TR-047351,2025-10-27,Dry Van,1953.54,True,2001.66,1935.36,1911.83,1991.91
TR-047352,2025-10-27,Dry Van,2506.68,True,2496.58,2429.35,2392.34,2497.4
TR-047353,2025-10-28,Flatbed,1575.97,True,1541.97,1532.76,1484.32,1589.28
TR-047354,2025-10-28,Dry Van,696.47,True,713.21,688.61,686.11,721.71
TR-047355,2025-10-28,Reefer,2128.96,True,2093.02,2016.89,2021.82,2049.79
TR-047356,2025-10-28,Dry Van,504.28,True,490.95,477.16,470.39,476.69
TR-047357,2025-10-28,Dry Van,3847.37,True,3679.46,3603.3,3527.19,3712.57
TR-047358,2025-10-28,Flatbed,5009.28,True,4937.49,4893.28,4752.36,4877.72
TR-047359,2025-10-28,Reefer,2709.64,True,2740.57,2691.52,2623.62,2784.54
TR-047360,2025-10-28,Dry Van,3458.39,True,3504.61,3379.26,3370.55,3468.47
TR-047361,2025-10-28,Dry Van,1718.9,True,1692.39,1645.07,1622.19,1702.21
TR-047362,2025-10-28,Dry Van,1468.62,True,1452.28,1431.19,1399.04,1483.94
TR-047363,2025-10-28,Flatbed,618.21,True,632.56,623.02,606.58,597.81
TR-047364,2025-10-28,Flatbed,1285.55,True,1251.79,1265.23,1195.43,1252.26
TR-047365,2025-10-28,Reefer,1391.52,True,1388.86,1392.09,1328.86,1363.81
TR-047366,2025-10-28,Flatbed,1832.71,True,1783.37,1755.36,1718.27,1740.39
TR-047367,2025-10-28,Dry Van,2095.3,True,2090.99,2065.01,2002.31,2078.09
TR-047368,2025-10-28,Flatbed,1044.28,True,1018.34,1010.49,979.22,1018.23
TR-047369,2025-10-28,Dry Van,2093.14,True,2061.75,2003.7,1982.85,2029.33
TR-047370,2025-10-28,Reefer,888.73,True,899.81,911.51,864.84,877.31
TR-047371,2025-10-28,Dry Van,3924.86,True,3877.22,3856.18,3740.81,3808.01
TR-047372,2025-10-28,Reefer,2569.09,True,2566.51,2525.2,2477.84,2483.64
TR-047373,2025-10-28,Reefer,1998.58,True,1990.31,1962.28,1906.84,2045.36
TR-047374,2025-10-28,Dry Van,1234.58,True,1196.61,1164.63,1143.45,1195.72
TR-047375,2025-10-28,Reefer,2035.9,True,2058.41,1952.0,1986.12,2036.81
TR-047376,2025-10-28,Dry Van,3597.23,True,3541.27,3455.31,3408.66,3580.81
TR-047377,2025-10-28,Dry Van,2321.27,True,2266.05,2195.88,2173.17,2316.15
TR-047378,2025-10-28,Dry Van,3163.93,True,3136.51,3176.95,3009.48,3188.66
TR-047379,2025-10-28,Flatbed,1939.15,True,1883.93,1869.58,1802.26,1962.22
TR-047380,2025-10-28,Dry Van,856.65,True,862.57,840.15,827.01,845.43
TR-047381,2025-10-28,Reefer,4463.62,True,4455.47,4388.98,4288.85,4415.07
TR-047382,2025-10-28,Flatbed,4338.95,True,4206.54,4144.25,4061.52,4302.92
TR-047383,2025-10-28,Dry Van,1498.89,True,1489.47,1453.4,1432.99,1504.69
TR-047384,2025-10-28,Reefer,1571.22,True,1528.11,1549.17,1473.63,1537.35
TR-047385,2025-10-28,Dry Van,4355.11,True,4468.62,4371.27,4293.41,4443.38
TR-047386,2025-10-28,Flatbed,2270.1,True,2287.0,2233.84,2189.26,2283.34
TR-047387,2025-10-28,Flatbed,1042.46,True,1029.06,1020.63,991.15,1036.68
TR-047388,2025-10-28,Dry Van,3678.26,True,3612.01,3706.39,3473.27,3531.73
TR-047389,2025-10-28,Dry Van,1425.24,True,1382.89,1374.82,1324.97,1420.28
TR-047390,2025-10-28,Dry Van,4745.33,True,4541.8,4602.5,4347.34,4503.66
TR-047391,2025-10-28,Reefer,1405.42,True,1409.07,1393.88,1356.22,1414.72
TR-047392,2025-10-28,Reefer,1120.77,True,1084.92,1086.94,1037.98,1126.4
TR-047393,2025-10-28,Dry Van,941.6,True,926.86,890.21,889.32,931.39
TR-047394,2025-10-28,Flatbed,4749.79,True,4610.44,4571.51,4445.14,4626.58
TR-047395,2025-10-28,Dry Van,3187.5,True,3123.76,3096.56,3012.1,3179.39
TR-047396,2025-10-28,Flatbed,3189.23,True,3119.4,3062.37,3001.12,3084.5
TR-047397,2025-10-28,Dry Van,656.46,True,652.47,632.84,628.9,634.82
TR-047398,2025-10-28,Reefer,2465.88,True,2477.02,2437.73,2393.97,2520.08
TR-047399,2025-10-28,Reefer,2112.89,True,2070.7,2047.23,1982.28,2079.53
TR-047400,2025-10-28,Dry Van,1354.66,True,1344.85,1300.97,1289.63,1374.48
TR-047401,2025-10-28,Reefer,1019.77,True,990.73,998.78,951.13,954.39
TR-047402,2025-10-28,Dry Van,2754.21,True,2810.07,2798.04,2696.6,2790.18
TR-047403,2025-10-28,Flatbed,5681.27,True,5597.44,5483.97,5391.38,5524.13
TR-047404,2025-10-28,Reefer,4655.6,True,4634.21,4585.18,4496.1,4660.85
TR-047405,2025-10-28,Dry Van,1077.64,True,1059.69,1041.71,1018.35,1062.13
TR-047406,2025-10-28,Dry Van,2642.51,True,2593.13,2535.06,2501.04,2605.89
TR-047407,2025-10-28,Dry Van,3069.81,True,3006.29,3014.79,2898.87,3078.62
TR-047408,2025-10-28,Dry Van,3993.34,True,3892.5,3873.58,3742.82,3762.39
TR-047409,2025-10-28,Dry Van,1605.8,True,1557.46,1507.0,1490.01,1562.74
TR-047410,2025-10-28,Dry Van,3021.1,True,3046.63,2974.11,2934.57,3026.37
TR-047411,2025-10-28,Flatbed,2578.04,True,2519.99,2477.26,2423.42,2585.41
TR-047412,2025-10-28,Dry Van,3556.61,True,3588.47,3484.89,3449.72,3535.93
TR-047413,2025-10-28,Dry Van,1183.25,True,1177.47,1158.24,1129.03,1216.06
TR-047414,2025-10-28,Reefer,1176.14,True,1150.8,1134.62,1106.85,1127.18
TR-047415,2025-10-28,Flatbed,5096.63,True,5041.78,4960.19,4844.0,4971.87
TR-047416,2025-10-28,Dry Van,1591.65,True,1609.58,1593.25,1545.24,1603.15
TR-047417,2025-10-28,Dry Van,2284.94,True,2223.24,2206.66,2138.91,2238.64
TR-047418,2025-10-28,Dry Van,4063.92,True,3946.08,3943.14,3806.8,4017.92
TR-047419,2025-10-28,Reefer,1091.27,True,1088.1,1082.09,1046.36,1101.95
TR-047420,2025-10-28,Dry Van,3212.28,True,3149.96,3080.89,3040.19,3187.21
TR-047421,2025-10-28,Dry Van,4325.34,True,4143.87,4063.77,3968.27,4114.57
TR-047422,2025-10-28,Flatbed,1022.33,True,1026.49,995.48,980.73,1019.13
TR-047423,2025-10-28,Flatbed,1600.71,True,1573.34,1579.45,1509.54,1591.23
TR-047424,2025-10-28,Reefer,5972.82,True,5798.02,5700.99,5578.7,5654.5
TR-047425,2025-10-28,Dry Van,4709.46,True,4717.6,4687.51,4537.08,4743.51
TR-047426,2025-10-28,Flatbed,3365.06,True,3317.23,3295.48,3204.87,3363.8
TR-047427,2025-10-28,Reefer,2540.54,True,2550.07,2491.14,2458.88,2580.03
TR-047428,2025-10-28,Dry Van,993.52,True,972.96,961.36,939.11,975.34
TR-047429,2025-10-28,Dry Van,692.88,True,704.81,690.7,674.99,689.2
TR-047430,2025-10-28,Reefer,1841.61,True,1816.45,1770.43,1737.62,1854.24
TR-047431,2025-10-28,Dry Van,1806.26,True,1754.72,1755.25,1689.42,1781.82
TR-047432,2025-10-28,Flatbed,4295.45,True,4135.6,4055.59,3956.06,4120.29
TR-047433,2025-10-28,Reefer,1613.18,True,1636.28,1618.39,1573.48,1635.55
TR-047434,2025-10-28,Dry Van,2271.94,True,2240.9,2189.52,2155.93,2281.27
TR-047435,2025-10-28,Dry Van,2060.68,True,2009.71,1978.09,1940.5,2015.45
TR-047436,2025-10-28,Flatbed,1447.73,True,1432.54,1412.77,1380.61,1471.45
TR-047437,2025-10-28,Reefer,1373.08,True,1357.99,1351.18,1309.03,1362.79
TR-047438,2025-10-28,Flatbed,3974.95,True,3972.07,3893.68,3818.77,3831.37
TR-047439,2025-10-28,Reefer,2686.94,True,2703.15,2617.6,2595.78,2690.25
TR-047440,2025-10-28,Dry Van,2579.09,True,2494.65,2425.3,2378.3,2497.08
TR-047441,2025-10-28,Flatbed,3125.81,True,3075.06,3011.49,2950.43,3133.7
TR-047442,2025-10-28,Reefer,1760.31,True,1759.24,1716.27,1689.26,1755.86
TR-047443,2025-10-28,Flatbed,2912.71,True,2781.49,2760.97,2674.33,2793.82
TR-047444,2025-10-28,Dry Van,5224.85,True,5143.76,5154.37,4932.19,4977.24
TR-047445,2025-10-28,Dry Van,985.67,True,958.92,933.88,923.48,986.27
TR-047446,2025-10-28,Dry Van,1465.33,True,1444.47,1448.79,1385.99,1482.62
TR-047447,2025-10-28,Dry Van,3575.15,True,3518.22,3441.27,3412.79,3480.26
TR-047448,2025-10-28,Dry Van,3023.55,True,2985.9,2927.71,2876.39,2988.45
TR-047449,2025-10-28,Dry Van,1474.64,True,1451.6,1420.86,1397.24,1460.77
TR-047450,2025-10-28,Reefer,2197.71,True,2154.5,2107.58,2077.66,2180.59
TR-047451,2025-10-28,Dry Van,1698.45,True,1652.11,1630.11,1592.61,1705.27
TR-047452,2025-10-28,Reefer,1540.06,True,1543.46,1520.88,1486.08,1530.09
TR-047453,2025-10-28,Dry Van,3650.16,True,3589.95,3557.99,3470.85,3736.56
TR-047454,2025-10-28,Dry Van,4413.94,True,4301.08,4278.48,4141.12,4313.74
TR-047455,2025-10-28,Dry Van,1871.9,True,1880.02,1869.15,1803.75,1825.66
TR-047456,2025-10-28,Flatbed,3295.02,True,3291.04,3284.56,3166.26,3306.48
TR-047457,2025-10-28,Reefer,2174.2,True,2136.61,2106.94,2061.93,2175.81
TR-047458,2025-10-28,Dry Van,4308.62,True,4309.67,4199.63,4151.79,4328.18
TR-047459,2025-10-28,Reefer,1258.82,True,1274.66,1259.12,1231.16,1252.78
TR-047460,2025-10-28,Dry Van,1200.85,True,1168.23,1140.47,1117.86,1191.53
TR-047461,2025-10-28,Reefer,2207.48,True,2257.84,2216.03,2170.39,2240.57
TR-047462,2025-10-28,Flatbed,3936.26,True,3995.74,3996.1,3859.89,4095.92
TR-047463,2025-10-28,Reefer,3628.24,True,3580.43,3578.84,3436.82,3602.52
TR-047464,2025-10-28,Flatbed,5167.12,True,5155.71,5074.65,4977.74,5218.88
TR-047465,2025-10-28,Dry Van,1696.9,True,1627.0,1608.69,1563.74,1645.51
TR-047466,2025-10-28,Dry Van,1179.5,True,1176.88,1144.9,1132.51,1197.61
TR-047467,2025-10-28,Dry Van,1083.36,True,1074.1,1064.16,1034.21,1068.16
TR-047468,2025-10-28,Dry Van,1641.29,True,1619.88,1623.98,1560.32,1627.4
TR-047469,2025-10-28,Dry Van,1458.78,True,1438.39,1429.52,1379.82,1428.48
TR-047470,2025-10-28,Reefer,1330.5,True,1291.35,1297.67,1239.42,1315.13
TR-047471,2025-10-28,Flatbed,3611.22,True,3625.42,3560.16,3500.51,3548.87
TR-047472,2025-10-28,Dry Van,595.09,True,586.89,594.46,563.2,552.64
TR-047473,2025-10-28,Dry Van,4372.61,True,4380.28,4368.19,4213.95,4309.73
TR-047474,2025-10-28,Flatbed,1745.58,True,1710.02,1684.55,1632.44,1737.56
TR-047475,2025-10-28,Reefer,1307.46,True,1305.95,1279.06,1265.31,1322.63
TR-047476,2025-10-28,Reefer,751.16,True,763.95,771.0,735.92,771.6
TR-047477,2025-10-28,Dry Van,916.19,True,906.06,902.88,870.23,920.59
TR-047478,2025-10-28,Flatbed,2860.24,True,2937.07,2909.77,2817.18,2946.06
TR-047479,2025-10-28,Dry Van,4115.49,True,4009.31,3950.47,3862.02,4022.46
TR-047480,2025-10-28,Dry Van,2873.82,True,2894.26,2877.03,2785.16,2932.06
TR-047481,2025-10-28,Dry Van,283.17,True,274.61,261.29,263.82,267.99
TR-047482,2025-10-28,Dry Van,2125.82,True,2128.36,2112.37,2040.2,2130.56
TR-047483,2025-10-28,Dry Van,1976.8,True,1925.77,1926.86,1856.28,1914.73
TR-047484,2025-10-29,Reefer,3370.38,True,3305.81,3244.28,3191.88,3345.53
TR-047485,2025-10-29,Dry Van,1870.23,True,1834.42,1766.23,1768.25,1814.96
TR-047486,2025-10-29,Reefer,484.6,True,476.61,468.92,456.8,464.33
TR-047487,2025-10-29,Dry Van,1121.9,True,1096.92,1073.75,1056.68,1106.71
TR-047488,2025-10-29,Reefer,2270.61,True,2213.94,2201.43,2133.61,2271.46
TR-047489,2025-10-29,Dry Van,2892.34,True,2903.57,2901.7,2797.0,2880.45
TR-047490,2025-10-29,Flatbed,2747.48,True,2696.47,2678.9,2592.28,2720.2
TR-047491,2025-10-29,Reefer,1363.85,True,1347.48,1323.5,1297.87,1389.3
TR-047492,2025-10-29,Dry Van,3559.43,True,3526.42,3472.26,3392.63,3506.38
TR-047493,2025-10-29,Dry Van,2250.61,True,2207.41,2167.79,2120.09,2211.03
TR-047494,2025-10-29,Dry Van,731.72,True,735.35,723.72,707.13,737.12
TR-047495,2025-10-29,Flatbed,888.94,True,888.47,901.44,854.67,882.67
TR-047496,2025-10-29,Dry Van,3390.51,True,3352.7,3296.4,3223.65,3393.82
TR-047497,2025-10-29,Flatbed,500.4,True,503.68,506.94,484.43,486.12
TR-047498,2025-10-29,Dry Van,1606.79,True,1574.93,1544.63,1518.05,1608.82
TR-047499,2025-10-29,Dry Van,3778.61,True,3645.41,3529.0,3495.36,3634.22
TR-047500,2025-10-29,Dry Van,4190.67,True,4187.56,4211.86,4037.08,4171.78
TR-047501,2025-10-29,Reefer,1783.42,True,1723.52,1677.13,1654.7,1783.8
TR-047502,2025-10-29,Flatbed,846.81,True,823.54,841.1,792.64,810.69
TR-047503,2025-10-29,Reefer,3685.43,True,3635.94,3549.36,3525.63,3659.37
TR-047504,2025-10-29,Reefer,880.04,False,4270.49,4196.04,4111.59,4280.17
TR-047505,2025-10-29,Reefer,3606.92,True,3574.11,3491.74,3430.45,3640.72
TR-047506,2025-10-29,Dry Van,2312.14,True,2260.06,2248.56,2174.69,2277.75
TR-047507,2025-10-29,Reefer,5152.2,True,5162.63,5057.38,4972.28,5164.99
TR-047508,2025-10-29,Dry Van,766.56,True,767.85,768.49,735.13,740.99
TR-047509,2025-10-29,Dry Van,446.16,True,430.29,417.45,416.83,417.75
TR-047510,2025-10-29,Flatbed,2272.15,True,2246.3,2182.49,2172.55,2232.26
TR-047511,2025-10-29,Dry Van,2651.73,True,2667.69,2627.24,2562.0,2688.99
TR-047512,2025-10-29,Dry Van,3767.08,True,3721.91,3630.78,3566.96,3776.19
TR-047513,2025-10-29,Flatbed,4946.8,True,4866.86,4801.86,4680.69,4912.37
TR-047514,2025-10-29,Dry Van,994.65,True,985.13,961.33,955.08,978.7
TR-047515,2025-10-29,Flatbed,2144.48,True,2102.89,2079.35,2029.27,2162.46
TR-047516,2025-10-29,Dry Van,1957.2,True,1920.41,1861.72,1850.73,1941.19
TR-047517,2025-10-29,Dry Van,1357.67,True,1336.73,1293.46,1282.03,1316.65
TR-047518,2025-10-29,Reefer,1760.13,True,1742.45,1757.54,1680.96,1775.63
TR-047519,2025-10-29,Dry Van,1602.83,True,1550.44,1509.82,1492.0,1568.3
TR-047520,2025-10-29,Reefer,1269.47,True,1247.03,1235.22,1196.65,1250.03
TR-047521,2025-10-29,Dry Van,1527.82,True,1509.05,1469.38,1451.74,1528.63
TR-047522,2025-10-29,Dry Van,757.91,True,736.41,737.47,707.92,722.64
TR-047523,2025-10-29,Reefer,1174.09,True,1171.23,1196.38,1123.68,1161.54
TR-047524,2025-10-29,Flatbed,1547.03,True,1542.91,1525.91,1478.86,1569.95
TR-047525,2025-10-29,Dry Van,4199.93,True,4146.15,4085.5,3997.43,4070.69
TR-047526,2025-10-29,Dry Van,1434.93,True,1439.49,1431.66,1381.21,1464.87
TR-047527,2025-10-29,Dry Van,2909.37,True,2837.23,2773.31,2738.27,2866.52
TR-047528,2025-10-29,Flatbed,299.74,True,294.08,281.0,280.78,288.67
TR-047529,2025-10-29,Dry Van,996.52,True,996.93,980.75,958.82,1007.07
TR-047530,2025-10-29,Dry Van,1043.66,True,1022.57,1006.95,982.67,1016.03
TR-047531,2025-10-29,Dry Van,3939.96,True,3898.07,3849.28,3761.3,3969.27
TR-047532,2025-10-29,Dry Van,3087.48,True,3123.15,3046.71,2994.59,3064.57
TR-047533,2025-10-29,Reefer,2012.77,True,2034.69,2026.46,1953.63,2103.01
TR-047534,2025-10-29,Flatbed,1537.05,True,1523.8,1498.17,1463.66,1540.43
TR-047535,2025-10-29,Dry Van,2731.05,True,2755.58,2673.19,2655.9,2784.99
TR-047536,2025-10-29,Dry Van,1532.23,True,1521.45,1495.42,1459.19,1552.17
TR-047537,2025-10-29,Dry Van,15003.55,False,4890.28,4824.31,4712.4,5012.08
TR-047538,2025-10-29,Dry Van,5253.36,True,5257.95,5222.63,5076.1,5120.12
TR-047539,2025-10-29,Dry Van,472.91,False,2020.61,1933.58,1949.99,2049.59
TR-047540,2025-10-29,Dry Van,1301.4,True,1290.2,1256.05,1249.89,1290.65
TR-047541,2025-10-29,Flatbed,1028.05,True,1009.92,992.68,972.91,1016.63
TR-047542,2025-10-29,Dry Van,2245.8,True,2191.04,2171.25,2108.75,2232.73
TR-047543,2025-10-29,Dry Van,3160.91,True,3128.75,3053.69,3016.32,3151.32
TR-047544,2025-10-29,Dry Van,2737.09,True,2678.74,2619.54,2570.07,2678.57
TR-047545,2025-10-29,Flatbed,4073.56,True,4034.15,3960.87,3889.5,3999.09
TR-047546,2025-10-29,Dry Van,2729.05,True,2728.98,2649.12,2621.6,2674.3
TR-047547,2025-10-29,Dry Van,2164.35,True,2126.25,2077.57,2052.37,2132.46
TR-047548,2025-10-29,Dry Van,1457.56,True,1446.77,1406.56,1386.59,1506.33
TR-047549,2025-10-29,Reefer,3814.07,True,3738.65,3657.97,3609.61,3682.17
TR-047550,2025-10-29,Dry Van,934.1,True,925.58,914.83,892.76,930.81
TR-047551,2025-10-29,Dry Van,1173.54,True,1156.19,1142.09,1107.49,1144.68
TR-047552,2025-10-29,Flatbed,4781.72,True,4826.73,4732.89,4645.1,4747.74
TR-047553,2025-10-29,Dry Van,1576.9,True,1525.44,1500.13,1470.25,1538.26
TR-047554,2025-10-29,Reefer,3164.95,True,3181.16,3204.61,3068.12,3247.67
TR-047555,2025-10-29,Dry Van,1121.82,True,1118.15,1093.0,1076.14,1107.23
TR-047556,2025-10-29,Dry Van,2021.99,True,1961.19,1921.29,1888.27,2014.15
TR-047557,2025-10-29,Dry Van,1802.15,True,1801.13,1764.97,1721.41,1830.25
TR-047558,2025-10-29,Dry Van,2256.25,True,2183.48,2136.56,2100.99,2193.81
TR-047559,2025-10-29,Reefer,751.56,True,744.56,741.9,718.73,775.1
TR-047560,2025-10-29,Reefer,4370.07,True,4314.88,4271.71,4160.31,4423.13
TR-047561,2025-10-29,Dry Van,1661.68,True,1656.74,1616.49,1594.65,1647.75
TR-047562,2025-10-29,Dry Van,2324.37,True,2246.15,2186.72,2159.6,2284.34
TR-047563,2025-10-29,Reefer,4417.81,True,4407.55,4347.77,4257.53,4534.9
TR-047564,2025-10-29,Reefer,2238.49,True,2249.34,2204.41,2162.94,2263.22
TR-047565,2025-10-29,Dry Van,1859.53,True,1858.36,1825.55,1782.6,1874.62
TR-047566,2025-10-29,Reefer,2168.55,True,2084.58,2031.36,2005.48,2075.09
TR-047567,2025-10-29,Dry Van,555.65,True,547.73,543.87,527.62,528.47
TR-047568,2025-10-29,Flatbed,327.27,True,338.09,330.78,325.53,326.3
TR-047569,2025-10-29,Flatbed,1633.65,True,1650.35,1647.72,1580.52,1673.57
TR-047570,2025-10-29,Dry Van,1086.62,True,1067.85,1033.43,1024.81,1095.28
TR-047571,2025-10-29,Flatbed,748.27,True,736.71,737.23,706.71,730.53
TR-047572,2025-10-29,Dry Van,1375.77,True,1305.31,1302.09,1257.31,1305.83
TR-047573,2025-10-29,Dry Van,1783.98,True,1737.64,1709.05,1680.72,1729.8
TR-047574,2025-10-29,Flatbed,1187.99,True,1153.25,1156.57,1113.53,1152.68
TR-047575,2025-10-29,Dry Van,1710.9,True,1703.13,1688.68,1641.77,1741.8
TR-047576,2025-10-29,Dry Van,1943.9,True,1909.82,1861.46,1838.1,1926.88
TR-047577,2025-10-29,Reefer,966.33,True,969.38,955.41,932.14,941.7
TR-047578,2025-10-29,Dry Van,1018.54,True,1017.02,999.5,976.76,1011.4
TR-047579,2025-10-29,Flatbed,980.92,True,981.48,972.6,945.23,1004.84
TR-047580,2025-10-29,Dry Van,2600.37,True,2604.49,2525.44,2504.82,2645.56
TR-047581,2025-10-29,Reefer,4798.37,True,4736.31,4706.08,4547.89,4702.55
TR-047582,2025-10-29,Dry Van,820.66,True,806.9,798.84,774.57,796.99
TR-047583,2025-10-29,Flatbed,3789.3,True,3690.57,3709.7,3558.51,3716.45
TR-047584,2025-10-29,Dry Van,558.82,True,549.33,542.39,525.35,544.52
TR-047585,2025-10-29,Dry Van,2854.93,True,2825.28,2778.25,2723.47,2819.13
TR-047586,2025-10-29,Dry Van,2215.0,True,2220.32,2174.67,2143.45,2253.73
TR-047587,2025-10-29,Flatbed,11596.28,False,2893.57,2850.25,2778.95,2914.22
TR-047588,2025-10-29,Dry Van,1390.99,True,1388.39,1358.63,1331.06,1398.62
TR-047589,2025-10-29,Reefer,1834.12,True,1755.28,1750.39,1685.14,1790.74
TR-047590,2025-10-29,Dry Van,4873.36,True,4795.96,4843.9,4597.76,4687.96
TR-047591,2025-10-29,Dry Van,1774.21,True,1731.33,1695.65,1663.54,1775.3
TR-047592,2025-10-29,Dry Van,754.97,True,757.76,749.18,725.76,759.27
TR-047593,2025-10-29,Reefer,2991.48,True,2846.45,2812.24,2745.11,2848.11
TR-047594,2025-10-29,Dry Van,1191.82,True,1172.65,1171.42,1128.38,1169.67
TR-047595,2025-10-29,Reefer,927.59,True,909.8,926.44,878.29,870.79
TR-047596,2025-10-29,Reefer,1161.51,True,1168.9,1183.05,1126.85,1145.86
TR-047597,2025-10-29,Dry Van,2108.62,True,2070.94,2021.71,1992.28,2063.09
TR-047598,2025-10-29,Reefer,1375.06,True,1356.54,1348.08,1312.01,1374.89
TR-047599,2025-10-29,Reefer,2611.37,True,2634.42,2592.17,2540.76,2645.49
TR-047600,2025-10-29,Dry Van,1993.97,True,2046.32,2015.69,1968.11,2065.27
TR-047601,2025-10-29,Dry Van,1948.36,True,1954.49,1914.64,1883.09,1978.51
TR-047602,2025-10-29,Flatbed,2421.4,True,2452.68,2362.08,2365.7,2506.27
TR-047603,2025-10-29,Flatbed,699.65,True,690.53,696.63,663.96,693.71
TR-047604,2025-10-29,Flatbed,3920.05,True,3951.03,3984.0,3799.56,3919.22
TR-047605,2025-10-29,Dry Van,5026.75,True,4977.13,4909.3,4792.71,4901.06
TR-047606,2025-10-29,Reefer,3122.21,True,3066.72,3006.06,2946.11,3057.97
TR-047607,2025-10-29,Flatbed,4301.42,True,4269.55,4255.01,4140.83,4282.92
TR-047608,2025-10-29,Dry Van,4614.73,True,4567.44,4507.99,4377.64,4513.0
TR-047609,2025-10-29,Reefer,3294.52,True,3326.19,3255.43,3213.23,3403.11
TR-047610,2025-10-29,Flatbed,2559.98,True,2511.92,2458.75,2420.59,2532.68
TR-047611,2025-10-29,Reefer,660.61,True,647.08,642.37,624.71,628.69
TR-047612,2025-10-29,Reefer,4203.68,True,4201.63,4086.92,4040.84,4218.34
TR-047613,2025-10-29,Dry Van,403.88,True,404.89,406.37,387.91,385.59
TR-047614,2025-10-29,Reefer,3243.76,True,3196.66,3196.85,3061.21,3162.74
TR-047615,2025-10-29,Dry Van,1073.46,True,1073.13,1064.47,1029.14,1079.3
TR-047616,2025-10-29,Flatbed,4092.42,True,4004.62,3960.16,3859.22,4017.37
TR-047617,2025-10-29,Dry Van,4874.2,True,4780.82,4751.46,4639.64,4737.13
TR-047618,2025-10-29,Reefer,3464.06,True,3467.01,3438.59,3350.31,3412.51
TR-047619,2025-10-29,Dry Van,3399.68,True,3387.82,3307.91,3273.77,3274.59
TR-047620,2025-10-29,Flatbed,539.46,True,535.27,550.87,513.9,514.37
TR-047621,2025-10-29,Dry Van,3160.75,True,3059.5,2982.34,2941.25,3013.43
TR-047622,2025-10-29,Reefer,1856.54,True,1843.67,1832.15,1776.32,1879.03
TR-047623,2025-10-29,Dry Van,2012.18,True,1966.55,1898.93,1891.5,1977.07
TR-047624,2025-10-29,Dry Van,2564.63,True,2500.78,2441.45,2407.36,2557.31
TR-047625,2025-10-29,Reefer,4277.21,True,4270.5,4244.51,4112.87,4361.4
TR-047626,2025-10-29,Dry Van,385.1,True,384.71,378.51,370.5,378.46
TR-047627,2025-10-29,Dry Van,2471.08,True,2438.35,2404.82,2352.56,2477.6
TR-047628,2025-10-29,Dry Van,688.18,True,691.64,678.36,664.09,705.46
TR-047629,2025-10-29,Dry Van,3398.73,True,3337.38,3283.18,3209.87,3241.32
TR-047630,2025-10-29,Reefer,2907.44,True,2851.92,2799.7,2750.4,2906.07
TR-047631,2025-10-29,Flatbed,5797.06,True,5739.68,5730.86,5523.18,5522.58
TR-047632,2025-10-29,Dry Van,1385.22,True,1429.51,1394.49,1367.52,1399.26
TR-047633,2025-10-29,Dry Van,4146.93,True,4082.98,4031.65,3933.56,4116.6
TR-047634,2025-10-29,Dry Van,2093.42,True,2094.19,2082.84,2008.45,2076.4
TR-047635,2025-10-29,Dry Van,4355.51,True,4280.43,4293.87,4137.76,4393.22
TR-047636,2025-10-29,Dry Van,1774.25,True,1740.49,1739.33,1676.09,1765.03
TR-047637,2025-10-29,Flatbed,1606.38,True,1570.15,1533.13,1502.05,1569.77
TR-047638,2025-10-29,Dry Van,2087.61,True,2108.1,2046.46,2023.51,2105.25
TR-047639,2025-10-29,Dry Van,2068.13,True,1999.19,1982.58,1922.55,2016.26
TR-047640,2025-10-29,Dry Van,1393.76,True,1438.04,1399.58,1377.65,1471.48
TR-047641,2025-10-29,Dry Van,2581.13,True,2582.48,2602.42,2472.17,2583.03
TR-047642,2025-10-29,Flatbed,1378.94,True,1356.13,1340.7,1304.93,1399.53
TR-047643,2025-10-29,Dry Van,5279.51,True,5171.31,5015.72,4972.56,4946.12
TR-047644,2025-10-29,Dry Van,3453.76,True,3407.27,3375.12,3296.87,3475.18
TR-047645,2025-10-29,Dry Van,4502.62,True,4464.33,4438.26,4306.33,4512.68
TR-047646,2025-10-29,Flatbed,4087.37,True,4085.13,3996.05,3924.06,4027.25
TR-047647,2025-10-29,Reefer,1532.92,True,1498.17,1489.27,1441.11,1544.98
TR-047648,2025-10-30,Dry Van,1647.93,True,1634.43,1604.43,1568.52,1624.83
TR-047649,2025-10-30,Dry Van,4892.67,True,4827.29,4740.47,4657.02,4841.5
TR-047650,2025-10-30,Flatbed,601.03,True,594.15,595.42,567.97,581.36
TR-047651,2025-10-30,Dry Van,3349.82,True,3253.66,3184.53,3122.84,3347.79
TR-047652,2025-10-30,Reefer,1898.3,True,1859.65,1822.91,1791.73,1885.42
TR-047653,2025-10-30,Dry Van,1840.18,True,1814.72,1781.07,1739.12,1849.54
TR-047654,2025-10-30,Dry Van,1635.87,True,1594.08,1583.1,1528.78,1634.42
TR-047655,2025-10-30,Dry Van,1709.94,True,1688.61,1653.54,1629.39,1709.47
TR-047656,2025-10-30,Reefer,2658.31,True,2604.32,2567.2,2496.31,2627.24
TR-047657,2025-10-30,Reefer,552.14,False,2528.83,2450.51,2426.93,2543.28
TR-047658,2025-10-30,Dry Van,602.47,True,596.91,576.21,573.73,597.78
TR-047659,2025-10-30,Dry Van,4068.07,True,3963.77,3844.64,3796.18,3967.0
TR-047660,2025-10-30,Dry Van,3247.49,True,3134.7,3070.46,2997.81,3164.2
TR-047661,2025-10-30,Dry Van,864.68,True,844.62,834.13,810.58,822.36
TR-047662,2025-10-30,Dry Van,8276.0,False,2645.96,2593.4,2553.21,2676.75
TR-047663,2025-10-30,Reefer,2573.87,True,2540.07,2514.54,2425.87,2568.54
TR-047664,2025-10-30,Dry Van,5530.61,True,5532.01,5410.78,5338.18,5462.7
TR-047665,2025-10-30,Dry Van,2292.7,True,2290.56,2213.01,2193.55,2303.71
TR-047666,2025-10-30,Reefer,1110.85,True,1104.54,1078.36,1059.2,1137.43
TR-047667,2025-10-30,Dry Van,1352.21,True,1334.81,1312.15,1283.16,1362.69
TR-047668,2025-10-30,Dry Van,1856.57,True,1832.13,1771.91,1768.23,1859.39
TR-047669,2025-10-30,Flatbed,1369.62,True,1357.13,1342.51,1296.86,1369.99
TR-047670,2025-10-30,Dry Van,1781.06,True,1737.9,1696.48,1668.46,1758.66
TR-047671,2025-10-30,Flatbed,1756.84,True,1769.7,1775.86,1706.63,1819.08
TR-047672,2025-10-30,Reefer,535.76,True,538.52,541.2,517.23,527.24
TR-047673,2025-10-30,Dry Van,1799.38,True,1757.68,1721.33,1696.53,1806.86
TR-047674,2025-10-30,Reefer,822.11,True,826.34,844.19,787.37,805.04
TR-047675,2025-10-30,Flatbed,5216.72,True,5069.8,5019.19,4871.1,5084.78
TR-047676,2025-10-30,Reefer,4313.84,True,4259.05,4183.45,4071.13,4271.1
TR-047677,2025-10-30,Dry Van,1055.51,True,1040.87,1033.15,1003.87,1059.41
TR-047678,2025-10-30,Reefer,4646.88,True,4652.55,4521.85,4440.87,4613.72
TR-047679,2025-10-30,Dry Van,2993.39,True,2949.01,2864.45,2820.93,2975.17
TR-047680,2025-10-30,Dry Van,2374.26,True,2370.77,2307.63,2269.29,2427.36
TR-047681,2025-10-30,Dry Van,1670.64,True,1636.24,1596.59,1571.6,1662.05
TR-047682,2025-10-30,Flatbed,3188.2,True,3173.81,3154.3,3056.73,3166.72
TR-047683,2025-10-30,Dry Van,3388.71,True,3388.59,3375.93,3248.28,3428.79
TR-047684,2025-10-30,Dry Van,2595.54,True,2624.54,2586.48,2512.86,2678.14
TR-047685,2025-10-30,Reefer,1173.21,True,1157.97,1137.6,1118.55,1178.09
TR-047686,2025-10-30,Reefer,5443.58,True,5528.1,5353.33,5312.62,5430.63
TR-047687,2025-10-30,Dry Van,1735.58,True,1677.57,1644.45,1610.36,1707.63
TR-047688,2025-10-30,Reefer,2720.24,True,2729.28,2682.31,2619.51,2773.98
TR-047689,2025-10-30,Dry Van,1102.45,True,1090.87,1085.93,1053.1,1093.74
TR-047690,2025-10-30,Reefer,811.26,True,813.22,851.13,776.72,811.49
TR-047691,2025-10-30,Dry Van,5264.69,True,5230.44,5120.57,4989.97,5039.88
TR-047692,2025-10-30,Dry Van,1822.65,True,1842.72,1790.26,1773.62,1886.69
TR-047693,2025-10-30,Flatbed,1566.62,True,1515.07,1518.39,1453.62,1560.95
TR-047694,2025-10-30,Dry Van,4492.79,True,4402.14,4298.54,4234.07,4276.15
TR-047695,2025-10-30,Dry Van,1375.3,True,1352.38,1337.91,1304.67,1359.59
TR-047696,2025-10-30,Dry Van,3265.76,True,3189.02,3157.57,3070.08,3188.46
TR-047697,2025-10-30,Flatbed,2802.67,True,2764.88,2771.11,2654.9,2798.89
TR-047698,2025-10-30,Dry Van,1773.38,True,1730.25,1686.56,1660.12,1730.69
TR-047699,2025-10-30,Dry Van,1114.11,True,1095.87,1077.69,1051.42,1068.53
TR-047700,2025-10-30,Flatbed,1134.89,True,1123.58,1123.25,1079.69,1088.0
TR-047701,2025-10-30,Dry Van,1262.99,True,1298.37,1259.92,1239.74,1286.87
TR-047702,2025-10-30,Flatbed,370.24,False,1493.52,1465.97,1430.99,1533.73
TR-047703,2025-10-30,Flatbed,246.59,True,241.45,209.29,232.6,237.45
TR-047704,2025-10-30,Reefer,3005.3,True,3025.8,2970.5,2925.45,3003.35
TR-047705,2025-10-30,Flatbed,1154.41,True,1146.94,1150.32,1104.78,1124.27
TR-047706,2025-10-30,Dry Van,1009.87,True,985.64,987.07,944.23,997.82
TR-047707,2025-10-30,Dry Van,1327.71,True,1299.34,1275.41,1247.94,1301.49
TR-047708,2025-10-30,Reefer,1000.75,True,995.03,1009.82,956.25,991.24
TR-047709,2025-10-30,Dry Van,5532.34,True,5453.07,5329.97,5226.36,5418.77
TR-047710,2025-10-30,Dry Van,2247.46,True,2320.6,2275.17,2224.98,2327.58
TR-047711,2025-10-30,Dry Van,3451.23,True,3345.51,3323.11,3217.98,3399.08
TR-047712,2025-10-30,Dry Van,1851.58,True,1814.21,1769.23,1746.85,1844.91
TR-047713,2025-10-30,Dry Van,1212.03,True,1182.31,1145.63,1135.76,1193.59
TR-047714,2025-10-30,Dry Van,1197.57,True,1202.25,1180.52,1156.29,1238.41
TR-047715,2025-10-30,Reefer,958.18,True,945.35,931.22,908.57,922.72
TR-047716,2025-10-30,Reefer,3469.99,True,3395.54,3418.39,3271.42,3374.28
TR-047717,2025-10-30,Reefer,4434.45,True,4306.69,4248.31,4129.33,4447.04
TR-047718,2025-10-30,Dry Van,1591.71,True,1552.77,1544.04,1485.04,1580.34
TR-047719,2025-10-30,Reefer,859.86,True,860.03,862.1,828.18,856.26
TR-047720,2025-10-30,Dry Van,2463.27,True,2392.96,2320.81,2294.35,2387.36
TR-047721,2025-10-30,Dry Van,1022.08,True,1007.7,993.47,961.7,1031.94
TR-047722,2025-10-30,Dry Van,3134.03,True,3103.85,3013.22,2993.15,3090.33
TR-047723,2025-10-30,Dry Van,864.61,True,838.58,818.06,803.62,847.61
TR-047724,2025-10-30,Reefer,2620.82,True,2615.7,2631.61,2510.81,2637.82
TR-047725,2025-10-30,Dry Van,4171.25,True,4102.08,4049.83,3944.69,4171.94
TR-047726,2025-10-30,Dry Van,2395.25,True,2364.28,2327.29,2263.53,2330.72
TR-047727,2025-10-30,Dry Van,2551.54,True,2419.41,2367.61,2314.02,2432.73
TR-047728,2025-10-30,Dry Van,4757.71,True,4618.02,4491.32,4431.84,4511.65
TR-047729,2025-10-30,Dry Van,598.72,True,582.82,580.79,562.29,587.37
TR-047730,2025-10-30,Dry Van,3021.06,True,3029.96,2967.03,2907.98,3010.46
TR-047731,2025-10-30,Dry Van,1477.27,True,1420.64,1404.77,1357.99,1448.27
TR-047732,2025-10-30,Dry Van,541.2,True,528.47,521.26,505.31,520.31
TR-047733,2025-10-30,Reefer,987.59,True,959.99,934.8,922.14,972.38
TR-047734,2025-10-30,Flatbed,4243.72,True,4248.6,4174.89,4080.42,4244.42
TR-047735,2025-10-30,Reefer,2664.27,True,2659.22,2639.59,2557.72,2656.29
TR-047736,2025-10-30,Reefer,3933.12,True,3836.29,3782.23,3679.19,3831.59
TR-047737,2025-10-30,Reefer,1857.61,True,1851.65,1807.51,1776.64,1862.72
TR-047738,2025-10-30,Dry Van,3134.32,True,2996.84,2970.33,2869.81,3027.58
TR-047739,2025-10-30,Dry Van,2388.37,True,2336.47,2274.86,2233.02,2298.52
TR-047740,2025-10-30,Flatbed,4577.61,True,4474.19,4398.53,4283.07,4433.83
TR-047741,2025-10-30,Dry Van,1091.78,True,1073.69,1061.64,1028.04,1066.17
TR-047742,2025-10-30,Reefer,4815.8,True,4675.55,4560.36,4471.99,4565.0
TR-047743,2025-10-30,Reefer,104.38,False,440.62,449.54,424.96,426.01
TR-047744,2025-10-30,Dry Van,1834.95,True,1786.86,1762.99,1717.94,1821.24
TR-047745,2025-10-30,Dry Van,4610.22,True,4647.21,4646.76,4463.52,4629.45
TR-047746,2025-10-30,Reefer,5077.85,True,5071.45,4936.86,4872.58,5153.82
TR-047747,2025-10-30,Dry Van,1871.61,True,1855.67,1822.2,1785.12,1889.8
TR-047748,2025-10-30,Dry Van,1281.55,True,1288.82,1294.22,1237.85,1335.47
TR-047749,2025-10-30,Dry Van,998.55,True,1009.13,1006.7,965.72,1013.52
TR-047750,2025-10-30,Dry Van,4007.09,True,3921.31,3888.1,3753.96,3975.01
TR-047751,2025-10-30,Reefer,3863.28,True,3823.73,3746.06,3677.54,3862.62
TR-047752,2025-10-30,Reefer,1317.88,True,1314.75,1293.18,1258.48,1285.58
TR-047753,2025-10-30,Dry Van,1839.63,True,1783.16,1744.84,1708.33,1805.43
TR-047754,2025-10-30,Flatbed,2338.56,True,2331.55,2334.15,2239.18,2342.04
TR-047755,2025-10-30,Reefer,2331.19,True,2268.86,2207.86,2172.25,2294.14
TR-047756,2025-10-30,Reefer,5356.55,True,5286.04,5148.39,5069.58,5410.16
TR-047757,2025-10-30,Reefer,5369.38,True,5449.69,5353.85,5223.65,5277.1
TR-047758,2025-10-30,Reefer,2288.61,True,2280.29,2235.25,2191.74,2349.99
TR-047759,2025-10-30,Dry Van,858.63,True,839.13,824.11,804.55,796.2
TR-047760,2025-10-30,Reefer,2020.71,True,1977.38,1894.32,1895.39,2003.73
TR-047761,2025-10-30,Reefer,2982.91,True,2900.74,2867.61,2784.08,2912.77
TR-047762,2025-10-30,Dry Van,5281.62,True,5190.91,5185.4,4977.19,5156.64
TR-047763,2025-10-30,Reefer,2309.11,True,2266.91,2225.2,2172.88,2289.16
TR-047764,2025-10-30,Reefer,2099.94,True,2104.91,2037.64,2026.55,2128.04
TR-047765,2025-10-30,Dry Van,3771.54,True,3753.4,3658.33,3598.92,3785.46
TR-047766,2025-10-30,Dry Van,4121.98,True,4079.32,4050.36,3910.45,4063.21
TR-047767,2025-10-30,Reefer,371.98,True,364.62,383.07,350.88,355.77
TR-047768,2025-10-30,Flatbed,2543.77,True,2503.76,2496.06,2426.16,2492.57
TR-047769,2025-10-30,Dry Van,1651.48,True,1670.93,1636.89,1604.44,1699.8
TR-047770,2025-10-30,Flatbed,947.08,True,952.35,935.8,920.49,999.45
TR-047771,2025-10-30,Flatbed,4036.76,True,4125.69,4046.26,3950.26,4152.32
TR-047772,2025-10-30,Reefer,1362.09,True,1351.93,1341.97,1291.79,1360.03
TR-047773,2025-10-30,Reefer,1137.26,True,1134.32,1124.55,1088.7,1155.79
TR-047774,2025-10-30,Dry Van,3282.64,True,3237.7,3175.48,3110.83,3337.78
TR-047775,2025-10-30,Dry Van,1449.52,True,1427.37,1419.07,1370.33,1452.51
TR-047776,2025-10-30,Dry Van,2360.09,True,2316.14,2343.62,2233.47,2344.21
TR-047777,2025-10-30,Flatbed,6393.83,True,6218.76,6069.07,5952.72,5910.67
TR-047778,2025-10-30,Dry Van,1120.44,True,1089.7,1070.03,1047.03,1071.1
TR-047779,2025-10-30,Flatbed,1973.74,True,1926.85,1881.74,1862.99,1976.09
TR-047780,2025-10-30,Flatbed,1009.07,True,1017.22,974.32,985.27,1018.96
TR-047781,2025-10-30,Dry Van,2420.89,True,2375.72,2350.68,2294.93,2428.91
TR-047782,2025-10-30,Dry Van,4697.23,True,4703.52,4672.4,4515.81,4669.15
TR-047783,2025-10-30,Dry Van,2639.31,True,2586.22,2504.5,2480.3,2558.44
TR-047784,2025-10-30,Flatbed,1199.51,True,1188.46,1199.96,1145.64,1208.15
TR-047785,2025-10-30,Reefer,975.31,True,974.05,976.65,932.26,974.42
TR-047786,2025-10-30,Dry Van,4067.77,True,4020.77,3911.93,3840.98,4047.1
TR-047787,2025-10-30,Reefer,1296.79,True,1297.74,1300.77,1250.66,1314.03
TR-047788,2025-10-30,Dry Van,4760.41,True,4693.88,4613.39,4487.78,4593.9
TR-047789,2025-10-30,Dry Van,1544.73,True,1528.37,1473.9,1470.68,1543.07
TR-047790,2025-10-30,Reefer,1814.99,True,1794.84,1766.32,1716.97,1840.89
TR-047791,2025-10-30,Dry Van,734.35,True,744.17,724.62,715.55,744.38
TR-047792,2025-10-30,Dry Van,1613.34,True,1574.32,1556.43,1512.25,1620.25
TR-047793,2025-10-30,Flatbed,2255.27,True,2234.75,2210.72,2160.71,2292.7
TR-047794,2025-10-30,Dry Van,3558.09,True,3549.53,3469.47,3413.41,3533.29
TR-047795,2025-10-30,Reefer,1782.82,True,1732.81,1713.32,1660.4,1763.18
TR-047796,2025-10-30,Flatbed,227.15,False,680.39,672.78,652.79,664.96
TR-047797,2025-10-30,Dry Van,1677.55,True,1657.86,1631.83,1599.17,1636.51
TR-047798,2025-10-30,Dry Van,2600.14,True,2580.02,2541.43,2481.27,2564.33
TR-047799,2025-10-30,Dry Van,1440.59,True,1410.18,1394.0,1356.55,1420.92
TR-047800,2025-10-30,Flatbed,4466.72,True,4525.72,4452.72,4333.15,4492.7
TR-047801,2025-10-30,Dry Van,1518.01,True,1501.59,1484.47,1437.93,1526.75
TR-047802,2025-10-30,Dry Van,1753.32,True,1738.7,1722.84,1671.9,1750.45
TR-047803,2025-10-30,Flatbed,1163.6,True,1178.41,1183.8,1138.68,1190.57
TR-047804,2025-10-30,Reefer,4403.34,True,4326.87,4269.12,4180.94,4428.48
TR-047805,2025-10-30,Reefer,2043.4,True,2033.15,2021.47,1960.37,2071.63
TR-047806,2025-10-30,Dry Van,4158.35,True,4068.68,4095.01,3923.29,4153.68
TR-047807,2025-10-30,Dry Van,2463.2,True,2504.69,2449.44,2401.09,2472.45
TR-047808,2025-10-30,Reefer,2390.13,True,2408.31,2375.97,2314.48,2429.22
TR-047809,2025-10-30,Dry Van,1819.36,True,1878.9,1816.53,1802.19,1886.61
TR-047810,2025-10-30,Dry Van,3985.1,True,3936.6,3884.23,3774.6,3944.42
TR-047811,2025-10-30,Dry Van,1612.1,True,1624.93,1615.96,1553.32,1684.79
TR-047812,2025-10-30,Dry Van,766.77,True,755.3,743.45,732.88,740.22
TR-047813,2025-10-30,Dry Van,673.77,True,665.17,653.66,635.93,656.66
TR-047814,2025-10-30,Reefer,1927.01,True,1948.14,1897.71,1867.44,2032.03
TR-047815,2025-10-30,Reefer,611.85,True,603.35,623.18,581.28,586.45
TR-047816,2025-10-30,Dry Van,3137.04,True,3253.32,3179.95,3096.89,3202.8
TR-047817,2025-10-30,Reefer,3474.52,True,3422.86,3412.21,3290.14,3397.5
TR-047818,2025-10-30,Dry Van,1465.84,True,1449.52,1429.17,1390.06,1497.52
TR-047819,2025-10-30,Dry Van,3234.9,True,3228.51,3210.85,3106.43,3150.52
TR-047820,2025-10-30,Flatbed,1037.63,True,1033.75,1032.38,992.5,1056.43
TR-047821,2025-10-30,Reefer,9939.89,False,3938.43,3904.48,3789.01,3957.15
TR-047822,2025-10-30,Flatbed,2533.96,True,2474.77,2426.05,2409.24,2491.82
TR-047823,2025-10-30,Reefer,5043.29,True,5084.57,4971.84,4859.63,5027.0
TR-047824,2025-10-30,Dry Van,1019.9,True,1024.21,991.18,988.08,1044.45
TR-047825,2025-10-31,Dry Van,2182.09,True,2179.75,2121.11,2089.21,2196.68
TR-047826,2025-10-31,Dry Van,1312.38,True,1275.99,1266.29,1215.51,1301.91
TR-047827,2025-10-31,Dry Van,863.6,True,861.18,857.73,822.97,873.56
TR-047828,2025-10-31,Dry Van,2233.22,True,2263.79,2219.6,2163.81,2257.5
TR-047829,2025-10-31,Flatbed,1987.95,True,1954.54,1920.94,1871.07,1949.77
TR-047830,2025-10-31,Flatbed,2865.04,True,2870.2,2874.53,2760.36,2901.28
TR-047831,2025-10-31,Dry Van,5261.3,True,5256.78,5244.1,5058.85,5195.75
TR-047832,2025-10-31,Dry Van,1956.59,True,1919.3,1887.95,1848.85,1949.88
TR-047833,2025-10-31,Flatbed,718.63,True,722.84,699.91,692.26,724.65
TR-047834,2025-10-31,Dry Van,5079.05,True,5046.85,4850.14,4822.19,4937.35
TR-047835,2025-10-31,Dry Van,477.89,True,479.31,470.67,457.29,477.26
TR-047836,2025-10-31,Dry Van,2529.12,True,2478.64,2409.3,2371.09,2524.01
TR-047837,2025-10-31,Flatbed,3755.65,True,3821.26,3787.61,3656.72,3692.4
TR-047838,2025-10-31,Reefer,2813.02,True,2777.93,2687.02,2664.31,2764.89
TR-047839,2025-10-31,Flatbed,798.38,True,792.76,787.93,761.3,808.71
TR-047840,2025-10-31,Dry Van,772.61,False,2366.92,2286.07,2262.99,2354.02
TR-047841,2025-10-31,Dry Van,1628.64,True,1630.94,1587.51,1558.98,1609.55
TR-047842,2025-10-31,Dry Van,1037.85,True,1013.41,1002.79,972.33,1008.99
TR-047843,2025-10-31,Reefer,3006.47,True,2882.48,2817.05,2765.71,2850.43
TR-047844,2025-10-31,Dry Van,1162.01,True,1135.6,1126.85,1080.79,1104.67
TR-047845,2025-10-31,Dry Van,1648.06,True,1678.32,1653.73,1612.46,1705.93
TR-047846,2025-10-31,Dry Van,734.99,True,717.56,712.08,684.43,711.05
TR-047847,2025-10-31,Dry Van,1236.93,True,1188.24,1186.83,1134.16,1158.97
TR-047848,2025-10-31,Dry Van,3562.85,True,3618.8,3564.25,3468.84,3712.44
TR-047849,2025-10-31,Flatbed,1502.63,True,1465.45,1482.42,1406.2,1455.48
TR-047850,2025-10-31,Dry Van,3933.98,True,3902.34,3839.66,3764.29,3976.08
TR-047851,2025-10-31,Dry Van,1191.61,True,1198.48,1195.23,1149.99,1213.25
TR-047852,2025-10-31,Reefer,2620.28,True,2547.88,2538.57,2440.43,2570.22
TR-047853,2025-10-31,Dry Van,997.09,True,999.8,968.47,955.43,998.47
TR-047854,2025-10-31,Flatbed,739.26,True,737.75,744.09,701.15,710.5
TR-047855,2025-10-31,Dry Van,1152.24,True,1152.48,1127.11,1108.62,1186.9
TR-047856,2025-10-31,Dry Van,2145.81,True,2077.41,2065.16,2007.93,2024.88
TR-047857,2025-10-31,Dry Van,2506.8,True,2452.26,2395.72,2340.59,2421.61
TR-047858,2025-10-31,Dry Van,703.44,True,690.48,685.66,660.72,698.38
TR-047859,2025-10-31,Reefer,2371.11,True,2316.93,2256.86,2237.62,2312.92
TR-047860,2025-10-31,Dry Van,1782.08,True,1790.28,1767.95,1723.6,1823.77
TR-047861,2025-10-31,Flatbed,1711.56,True,1709.72,1674.23,1651.34,1725.44
TR-047862,2025-10-31,Dry Van,355.88,True,349.55,343.25,334.05,338.11
TR-047863,2025-10-31,Dry Van,577.77,True,571.38,571.19,550.2,570.56
TR-047864,2025-10-31,Flatbed,3135.27,True,3141.46,3089.49,3005.75,3199.23
TR-047865,2025-10-31,Dry Van,3874.49,True,3883.5,3831.91,3715.08,3950.38
TR-047866,2025-10-31,Flatbed,746.12,True,754.89,742.12,728.18,740.29
TR-047867,2025-10-31,Flatbed,1646.65,True,1673.19,1635.69,1604.82,1717.87
TR-047868,2025-10-31,Reefer,3529.14,True,3443.28,3389.49,3315.55,3444.76
TR-047869,2025-10-31,Flatbed,1892.15,True,1859.05,1850.16,1776.26,1863.43
TR-047870,2025-10-31,Dry Van,2033.55,True,2086.2,2037.06,2015.52,2083.7
TR-047871,2025-10-31,Flatbed,854.46,True,846.37,845.2,815.55,852.04
TR-047872,2025-10-31,Dry Van,2493.55,True,2481.21,2474.07,2386.1,2460.42
TR-047873,2025-10-31,Reefer,2766.59,True,2728.83,2628.81,2612.6,2715.51
TR-047874,2025-10-31,Reefer,2787.97,True,2715.37,2658.54,2584.79,2668.96
TR-047875,2025-10-31,Dry Van,1565.76,True,1556.86,1551.47,1489.95,1574.72
TR-047876,2025-10-31,Dry Van,2282.64,True,2261.56,2252.31,2168.1,2262.0
TR-047877,2025-10-31,Dry Van,788.83,True,765.01,753.83,731.9,752.9
TR-047878,2025-10-31,Dry Van,1716.52,True,1666.59,1663.77,1615.4,1725.82
TR-047879,2025-10-31,Dry Van,888.23,True,882.48,869.19,847.65,879.79
TR-047880,2025-10-31,Dry Van,1264.64,True,1252.82,1205.76,1192.46,1241.28
TR-047881,2025-10-31,Reefer,5507.65,True,5391.85,5199.54,5204.04,5408.91
TR-047882,2025-10-31,Dry Van,4049.65,True,3954.39,3892.13,3785.83,4056.24
TR-047883,2025-10-31,Flatbed,1756.24,True,1813.14,1789.23,1735.7,1909.87
TR-047884,2025-10-31,Dry Van,1596.37,True,1599.46,1605.38,1530.59,1617.71
TR-047885,2025-10-31,Reefer,1454.79,True,1452.64,1425.43,1382.96,1454.55
TR-047886,2025-10-31,Flatbed,760.7,True,736.21,732.22,706.91,734.86
TR-047887,2025-10-31,Dry Van,1078.09,True,1077.4,1050.49,1024.39,1068.74
TR-047888,2025-10-31,Flatbed,525.91,True,520.23,513.75,496.7,509.82
TR-047889,2025-10-31,Flatbed,1536.02,True,1503.78,1493.97,1442.51,1533.51
TR-047890,2025-10-31,Dry Van,561.02,True,549.14,550.97,524.01,525.67
TR-047891,2025-10-31,Dry Van,552.6,True,543.8,548.45,521.39,529.82
TR-047892,2025-10-31,Reefer,1254.05,True,1234.64,1235.94,1181.65,1252.28
TR-047893,2025-10-31,Dry Van,5877.77,True,5712.48,5632.9,5483.37,5492.82
TR-047894,2025-10-31,Dry Van,406.71,True,406.46,390.86,387.98,399.73
TR-047895,2025-10-31,Flatbed,1803.86,True,1821.26,1816.01,1750.33,1833.68
TR-047896,2025-10-31,Flatbed,1484.36,True,1442.26,1431.83,1379.37,1457.24
TR-047897,2025-10-31,Dry Van,1920.32,True,1943.2,1923.89,1862.21,1978.31
TR-047898,2025-10-31,Dry Van,1935.63,True,1938.74,1896.68,1850.2,1996.24
TR-047899,2025-10-31,Dry Van,389.18,False,1195.37,1169.92,1147.71,1215.39
TR-047900,2025-10-31,Reefer,1936.26,True,1903.22,1852.83,1821.35,1950.42
TR-047901,2025-10-31,Dry Van,498.57,True,495.52,495.31,473.95,480.86
TR-047902,2025-10-31,Dry Van,1298.84,True,1270.61,1255.39,1217.0,1261.22
TR-047903,2025-10-31,Reefer,3544.7,True,3566.92,3507.77,3417.65,3558.84
TR-047904,2025-10-31,Dry Van,3014.39,True,2959.94,2939.84,2849.52,2997.59
TR-047905,2025-10-31,Flatbed,1193.87,True,1171.84,1209.06,1120.78,1134.71
TR-047906,2025-10-31,Dry Van,2972.61,True,2924.67,2820.85,2787.88,2893.42
TR-047907,2025-10-31,Dry Van,889.76,True,876.31,862.55,832.12,878.66
TR-047908,2025-10-31,Reefer,2196.67,True,2225.65,2154.13,2153.33,2183.8
TR-047909,2025-10-31,Dry Van,3726.44,True,3551.72,3498.13,3423.23,3584.92
TR-047910,2025-10-31,Dry Van,3806.72,True,3693.29,3629.32,3555.29,3718.05
TR-047911,2025-10-31,Dry Van,4081.47,True,4010.17,3988.58,3843.56,4081.86
TR-047912,2025-10-31,Dry Van,1776.62,True,1783.56,1744.37,1714.59,1814.24
TR-047913,2025-10-31,Flatbed,225.89,True,232.41,226.4,223.28,227.22
TR-047914,2025-10-31,Dry Van,1428.79,True,1423.5,1393.4,1359.05,1431.25
TR-047915,2025-10-31,Dry Van,1520.95,True,1486.68,1443.93,1417.94,1497.75
TR-047916,2025-10-31,Dry Van,1964.56,True,1929.64,1864.66,1850.65,1908.45
TR-047917,2025-10-31,Reefer,4747.86,True,4696.32,4497.96,4482.08,4561.85
TR-047918,2025-10-31,Dry Van,1423.65,True,1415.5,1403.12,1360.78,1429.25
TR-047919,2025-10-31,Dry Van,4047.69,True,4023.11,3955.53,3857.62,4055.18
TR-047920,2025-10-31,Dry Van,3750.58,True,3734.93,3718.08,3602.43,3723.1
TR-047921,2025-10-31,Dry Van,2241.06,True,2165.55,2118.54,2075.48,2219.9
TR-047922,2025-10-31,Flatbed,1862.13,True,1897.1,1878.75,1820.64,1926.46
TR-047923,2025-10-31,Flatbed,1487.72,True,1462.8,1470.66,1399.94,1455.06
TR-047924,2025-10-31,Dry Van,2781.65,True,2707.13,2677.16,2593.97,2675.28
TR-047925,2025-10-31,Dry Van,3013.52,True,2933.45,2871.18,2824.7,2914.63
TR-047926,2025-10-31,Dry Van,1624.99,True,1589.61,1557.22,1527.05,1597.25
TR-047927,2025-10-31,Flatbed,928.29,True,912.38,906.8,877.57,917.2
TR-047928,2025-10-31,Dry Van,464.45,True,463.97,446.58,445.83,450.16
TR-047929,2025-10-31,Dry Van,2419.63,True,2348.23,2280.75,2246.68,2362.88
TR-047930,2025-10-31,Dry Van,1245.87,True,1243.14,1214.32,1186.63,1273.53
TR-047931,2025-10-31,Dry Van,2083.49,True,2135.08,2091.88,2042.19,2132.64
TR-047932,2025-10-31,Dry Van,2105.01,True,2007.38,1936.04,1924.84,2012.07
TR-047933,2025-10-31,Dry Van,4779.53,True,4606.22,4523.38,4423.27,4590.09
TR-047934,2025-10-31,Flatbed,1694.68,True,1718.35,1715.93,1657.33,1723.69
TR-047935,2025-10-31,Dry Van,757.39,True,760.34,747.49,725.61,759.28
TR-047936,2025-10-31,Dry Van,4018.5,True,3900.35,3904.02,3746.61,3847.24
TR-047937,2025-10-31,Flatbed,914.89,True,907.4,869.78,869.67,900.5
TR-047938,2025-10-31,Dry Van,1148.08,True,1115.01,1073.83,1071.77,1102.91
TR-047939,2025-10-31,Dry Van,5543.53,True,5345.57,5426.84,5122.83,5274.5
TR-047940,2025-10-31,Dry Van,1865.96,True,1828.47,1784.9,1749.64,1877.42
TR-047941,2025-10-31,Dry Van,920.97,True,949.42,935.01,914.56,933.8
TR-047942,2025-10-31,Reefer,2285.41,True,2203.54,2147.74,2118.05,2206.98
TR-047943,2025-10-31,Dry Van,3381.99,True,3409.4,3339.62,3273.54,3362.39
TR-047944,2025-10-31,Reefer,3118.76,True,3068.85,3090.78,2954.09,3078.81
TR-047945,2025-10-31,Reefer,5091.54,True,4929.38,4760.55,4703.62,4933.48
TR-047946,2025-10-31,Flatbed,1509.1,True,1484.4,1462.62,1420.0,1499.03
TR-047947,2025-10-31,Flatbed,2269.05,True,2259.01,2225.2,2162.13,2267.28
TR-047948,2025-10-31,Dry Van,4788.74,True,4676.24,4650.71,4496.78,4717.17
TR-047949,2025-10-31,Dry Van,337.43,True,333.63,336.62,320.04,321.4
TR-047950,2025-10-31,Dry Van,4091.21,True,4004.03,3912.82,3849.84,4057.5
TR-047951,2025-10-31,Dry Van,1803.63,True,1792.12,1751.19,1714.67,1809.49
TR-047952,2025-10-31,Dry Van,1832.95,True,1826.04,1806.74,1758.64,1839.59
TR-047953,2025-10-31,Dry Van,1872.97,True,1832.99,1776.34,1750.65,1799.84
TR-047954,2025-10-31,Dry Van,2435.84,True,2457.02,2396.04,2358.98,2462.54
TR-047955,2025-10-31,Dry Van,4018.16,True,3891.25,3798.01,3728.32,3891.99
TR-047956,2025-10-31,Reefer,2252.0,True,2218.71,2177.72,2120.87,2250.48
TR-047957,2025-10-31,Dry Van,3142.24,True,3139.71,3092.17,3000.0,3108.91
TR-047958,2025-10-31,Dry Van,4321.21,True,4250.79,4170.76,4104.5,4285.89
TR-047959,2025-10-31,Dry Van,486.72,True,490.61,480.54,471.03,472.71
TR-047960,2025-10-31,Dry Van,3166.71,True,3120.48,3105.68,2977.97,3164.62
TR-047961,2025-10-31,Dry Van,3440.82,True,3425.77,3349.93,3277.85,3414.76
TR-047962,2025-10-31,Reefer,241.41,True,239.07,238.91,229.97,235.06
TR-047963,2025-10-31,Reefer,3897.49,True,3832.65,3711.07,3695.0,3801.99
TR-047964,2025-10-31,Reefer,1730.14,True,1735.29,1710.69,1661.93,1773.91
TR-047965,2025-10-31,Dry Van,2612.25,True,2595.5,2522.99,2483.83,2588.17
TR-047966,2025-10-31,Dry Van,2131.84,True,2088.46,2037.83,2003.77,2124.86
TR-047967,2025-10-31,Reefer,4242.21,True,4290.26,4081.44,4104.47,4249.83
TR-047968,2025-10-31,Dry Van,4143.03,True,3982.92,3888.31,3803.28,3961.67
TR-047969,2025-10-31,Flatbed,2756.18,True,2652.11,2661.13,2537.41,2581.43
TR-047970,2025-10-31,Flatbed,2578.62,True,2515.18,2463.95,2410.84,2575.31
TR-047971,2025-10-31,Reefer,1140.1,True,1147.27,1152.34,1094.76,1118.88
TR-047972,2025-10-31,Reefer,1856.36,True,1827.06,1771.96,1749.61,1818.47
TR-047973,2025-10-31,Reefer,780.73,True,761.94,760.73,730.78,763.34
TR-047974,2025-10-31,Dry Van,575.35,True,566.5,559.39,541.43,565.75
TR-047975,2025-10-31,Dry Van,3168.5,True,3233.8,3174.37,3101.01,3172.14
TR-047976,2025-10-31,Dry Van,2373.86,True,2451.39,2472.01,2359.5,2485.32
TR-047977,2025-10-31,Dry Van,361.79,True,362.89,367.08,346.19,356.39
TR-047978,2025-10-31,Flatbed,1861.13,True,1839.11,1811.74,1772.73,1839.85
TR-047979,2025-10-31,Dry Van,210.91,True,215.64,225.63,206.37,217.61
TR-047980,2025-10-31,Reefer,5609.53,True,5546.02,5492.48,5344.12,5540.54
TR-047981,2025-10-31,Dry Van,3381.74,True,3266.22,3228.41,3127.93,3201.27
TR-047982,2025-10-31,Dry Van,3993.28,True,3940.23,3932.43,3778.93,3942.09
TR-047983,2025-10-31,Dry Van,890.41,True,868.04,874.94,835.33,852.56
TR-047984,2025-10-31,Reefer,4368.15,True,4344.9,4196.0,4162.98,4283.32
TR-047985,2025-10-31,Dry Van,6482.04,True,6370.65,5977.25,6140.7,6088.89
TR-047986,2025-10-31,Dry Van,2257.13,True,2209.38,2167.69,2105.63,2255.79
TR-047987,2025-10-31,Reefer,863.24,True,860.59,873.05,822.28,848.23
TR-047988,2025-10-31,Dry Van,809.92,True,808.08,792.52,773.94,800.03
TR-047989,2025-10-31,Dry Van,3792.58,True,3718.3,3667.24,3576.25,3765.06
TR-047990,2025-10-31,Reefer,855.05,True,853.32,848.58,824.9,841.06
TR-047991,2025-10-31,Reefer,1703.72,True,1676.75,1654.62,1613.64,1713.45
TR-047992,2025-10-31,Flatbed,3804.9,True,3815.08,3744.94,3668.47,3816.3
TR-047993,2025-10-31,Reefer,5561.19,False,1203.77,1186.06,1155.27,1208.32
TR-047994,2025-10-31,Dry Van,4371.59,True,4265.65,4178.66,4069.75,4308.65
TR-047995,2025-10-31,Dry Van,2682.29,True,2632.65,2584.38,2526.36,2603.52
TR-047996,2025-10-31,Flatbed,3787.32,True,3741.83,3715.36,3587.19,3784.97
TR-047997,2025-10-31,Reefer,1171.93,True,1183.55,1197.56,1134.42,1188.89
TR-047998,2025-10-31,Flatbed,713.36,True,699.72,727.52,669.65,695.67
TR-047999,2025-10-31,Flatbed,3987.46,True,3977.73,3938.53,3794.49,3939.37
TR-048000,2025-10-31,Dry Van,5264.84,True,5227.91,5189.37,5029.28,5158.62
